name,paper_count,co_authors,sample_papers,github_url,linkedin_url,scholar_url,personal_site,match_confidence,notes,s2_author_id,affiliation,h_index,citation_count,homepage,linkedin_search_url,source
NVIDIA,3,":; Ajay Mandlekar; Alice Luo; Anqi Li; Ao Zhang; Arsalan Mousavian; Arslan Ali; Artur Zolkowski; Avnish Narayan; Bartosz Stefaniak; Boris Ivanovic; Boyi Li; Chen-Hsuan Lin; Daniel Dworakowski; David Page; Despoina Paschalidou; Dieter Fox; Dongran Liu; Ed Schmerling; Edith Llontop; Eric Yang; Erik Barker; Ethan He; Fangyin Wei; Fengyuan Hu; Fernando Castañeda; Fitsum Reda; Francesco Ferroni; Gergely Klár; Grace Lam; Greg Heinrich; Guanzhi Wang; Guilin Liu; Hanzi Mao; Hao Wang; Hao Zhang; Haoxiang Wang; Heng Wang; Huan Ling; Jack Huang; Jacob Huffman; Jan Kautz; Jason Lu; Jay Zhangjie Wu; Jenna Diamond; Jiahui Huang; Jiannan Xiang; Jiaojiao Fan; Jiashu Xu; Jibin Varghese; Jing Wang; Jing Zhang; Jingyi Jin; Jinwei Gu; Joel Jang; Johan Bjorck; Junjie Bai; Kaichun Mo; Kaushil Kundalia; Ke Chen; Kevin Lin; Langechuan Liu; Laura Leal-Taixe; Lawrence Lao; Liang Feng; Lin Yen-Chen; Lindsey Pavao; Linxi ""Jim"" Fan; Loic Magne; Lyne Tchapmi; Maciej Bala; Marco Pavone; Michele Fenzi; Mike Ranzinger; Ming-Yu Liu; Morteza Ramezanali; Niket Agarwal; Nikita Cherniadev; Pavlo Molchanov; Peter Karkus; Pinyi Li; Pooya Jannaty; Prithvijit Chattopadhyay; Przemek Tredak; Qi Wang; Qianli Ma; Qingqing Zhao; Qinsheng Zhang; Ran Tian; Ruijie Zheng; Runyu Ding; Sanja Fidler; Sarah Tariq; Scott Reed; Seonghyeon Ye; Seung Wook Kim; Seungjun Nah; Shida Shen; Shitao Tang; Shiyi Lan; Siddharth Gururani; Songwei Ge; Soroush Nasiriany; Spencer Huang; Sriharsha Niverty; Stella Shi; Tianjun Xiao; Tiffany Cai; Tilman Wekel; Ting-Chun Wang; Tong Che; Tsung-Yi Lin; Vasanth Rao Naik Sabavat; Wei Yang; Wei-Cheng Tseng; Wenhao Ding; Wenjie Luo; Wenyuan Zhang; Xian Liu; Xiaodong Yang; Xiaohui Zeng; Xiaowei Ren; Xingye Da; Xinshuo Weng; Xinyue Wei; Yan Wang; Yifan Ding; Yin Cui; Yinzhen Xu; Yizhou Zhao; Yogesh Balaji; Yongxin Chen; You Liang Tan; Yu Fang; Yu Zeng; Yuke Zhu; Yulong Cao; Yunfei Shi; Yunhao Ge; Yunxiang Mao; Yuqi Xie; Yurong You; Yuxiao Chen; Yuxuan Zhang; Zeeshan Patel; Zhaoshuo Li; Zhenghao Peng; Zhenjia Xu; Zhenyu Jiang; Zhiding Yu; Zhijian Liu; Zhiqi Li; Zongyu Lin; Zu Wang",2511.00088v2: Alpamayo-R1: Bridging Reasoning and Action Prediction for Generalizable Autonomous Driving in the Long Tail | 2503.14734v2: GR00T N1: An Open Foundation Model for Generalist Humanoid Robots | 2501.03575v3: Cosmos World Foundation Model Platform for Physical AI,https://github.com/HeKun-NVIDIA,,,,,,2276243439.0,,10.0,1807.0,,https://www.google.com/search?q=site%3Alinkedin.com/in%20%22NVIDIA%22,NVIDIA; VLA
:,3,"Ajay Mandlekar; Alice Luo; Anqi Li; Ao Zhang; Arsalan Mousavian; Arslan Ali; Artur Zolkowski; Avnish Narayan; Bartosz Stefaniak; Boris Ivanovic; Boyi Li; Chen-Hsuan Lin; Daniel Dworakowski; David Page; Despoina Paschalidou; Dieter Fox; Dongran Liu; Ed Schmerling; Edith Llontop; Eric Yang; Erik Barker; Ethan He; Fangyin Wei; Fengyuan Hu; Fernando Castañeda; Fitsum Reda; Francesco Ferroni; Gergely Klár; Grace Lam; Greg Heinrich; Guanzhi Wang; Guilin Liu; Hanzi Mao; Hao Wang; Hao Zhang; Haoxiang Wang; Heng Wang; Huan Ling; Jack Huang; Jacob Huffman; Jan Kautz; Jason Lu; Jay Zhangjie Wu; Jenna Diamond; Jiahui Huang; Jiannan Xiang; Jiaojiao Fan; Jiashu Xu; Jibin Varghese; Jing Wang; Jing Zhang; Jingyi Jin; Jinwei Gu; Joel Jang; Johan Bjorck; Junjie Bai; Kaichun Mo; Kaushil Kundalia; Ke Chen; Kevin Lin; Langechuan Liu; Laura Leal-Taixe; Lawrence Lao; Liang Feng; Lin Yen-Chen; Lindsey Pavao; Linxi ""Jim"" Fan; Loic Magne; Lyne Tchapmi; Maciej Bala; Marco Pavone; Michele Fenzi; Mike Ranzinger; Ming-Yu Liu; Morteza Ramezanali; NVIDIA; Niket Agarwal; Nikita Cherniadev; Pavlo Molchanov; Peter Karkus; Pinyi Li; Pooya Jannaty; Prithvijit Chattopadhyay; Przemek Tredak; Qi Wang; Qianli Ma; Qingqing Zhao; Qinsheng Zhang; Ran Tian; Ruijie Zheng; Runyu Ding; Sanja Fidler; Sarah Tariq; Scott Reed; Seonghyeon Ye; Seung Wook Kim; Seungjun Nah; Shida Shen; Shitao Tang; Shiyi Lan; Siddharth Gururani; Songwei Ge; Soroush Nasiriany; Spencer Huang; Sriharsha Niverty; Stella Shi; Tianjun Xiao; Tiffany Cai; Tilman Wekel; Ting-Chun Wang; Tong Che; Tsung-Yi Lin; Vasanth Rao Naik Sabavat; Wei Yang; Wei-Cheng Tseng; Wenhao Ding; Wenjie Luo; Wenyuan Zhang; Xian Liu; Xiaodong Yang; Xiaohui Zeng; Xiaowei Ren; Xingye Da; Xinshuo Weng; Xinyue Wei; Yan Wang; Yifan Ding; Yin Cui; Yinzhen Xu; Yizhou Zhao; Yogesh Balaji; Yongxin Chen; You Liang Tan; Yu Fang; Yu Zeng; Yuke Zhu; Yulong Cao; Yunfei Shi; Yunhao Ge; Yunxiang Mao; Yuqi Xie; Yurong You; Yuxiao Chen; Yuxuan Zhang; Zeeshan Patel; Zhaoshuo Li; Zhenghao Peng; Zhenjia Xu; Zhenyu Jiang; Zhiding Yu; Zhijian Liu; Zhiqi Li; Zongyu Lin; Zu Wang",2511.00088v2: Alpamayo-R1: Bridging Reasoning and Action Prediction for Generalizable Autonomous Driving in the Long Tail | 2503.14734v2: GR00T N1: An Open Foundation Model for Generalist Humanoid Robots | 2501.03575v3: Cosmos World Foundation Model Platform for Physical AI,,,,,,,,,,,,https://www.google.com/search?q=site%3Alinkedin.com/in%20%22%3A%22,NVIDIA; VLA
Yifan Ding,2,:; Alice Luo; Anqi Li; Arsalan Mousavian; Arslan Ali; Artur Zolkowski; Bartosz Stefaniak; Boris Ivanovic; Boyi Li; Chen-Hsuan Lin; Daniel Dworakowski; David Page; Despoina Paschalidou; Dieter Fox; Dongran Liu; Ed Schmerling; Eric Yang; Erik Barker; Ethan He; Fangyin Wei; Fitsum Reda; Francesco Ferroni; Gergely Klár; Grace Lam; Greg Heinrich; Hanzi Mao; Hao Wang; Haoxiang Wang; Heng Wang; Huan Ling; Jack Huang; Jacob Huffman; Jason Lu; Jay Zhangjie Wu; Jenna Diamond; Jiahui Huang; Jiaojiao Fan; Jiashu Xu; Jibin Varghese; Jing Zhang; Jingyi Jin; Jinwei Gu; Junjie Bai; Kaichun Mo; Ke Chen; Langechuan Liu; Laura Leal-Taixe; Liang Feng; Lin Yen-Chen; Lindsey Pavao; Lyne Tchapmi; Maciej Bala; Marco Pavone; Michele Fenzi; Mike Ranzinger; Ming-Yu Liu; Morteza Ramezanali; NVIDIA; Niket Agarwal; Pavlo Molchanov; Peter Karkus; Pinyi Li; Pooya Jannaty; Prithvijit Chattopadhyay; Przemek Tredak; Qianli Ma; Qingqing Zhao; Qinsheng Zhang; Ran Tian; Sanja Fidler; Sarah Tariq; Seung Wook Kim; Seungjun Nah; Shida Shen; Shitao Tang; Shiyi Lan; Siddharth Gururani; Songwei Ge; Sriharsha Niverty; Stella Shi; Tianjun Xiao; Tiffany Cai; Tilman Wekel; Ting-Chun Wang; Tong Che; Tsung-Yi Lin; Vasanth Rao Naik Sabavat; Wei Yang; Wei-Cheng Tseng; Wenhao Ding; Wenjie Luo; Wenyuan Zhang; Xian Liu; Xiaodong Yang; Xiaohui Zeng; Xiaowei Ren; Xinshuo Weng; Xinyue Wei; Yan Wang; Yin Cui; Yogesh Balaji; Yongxin Chen; Yu Zeng; Yulong Cao; Yunfei Shi; Yunhao Ge; Yunxiang Mao; Yurong You; Yuxiao Chen; Yuxuan Zhang; Zeeshan Patel; Zhaoshuo Li; Zhenghao Peng; Zhijian Liu,2511.00088v2: Alpamayo-R1: Bridging Reasoning and Action Prediction for Generalizable Autonomous Driving in the Long Tail | 2501.03575v3: Cosmos World Foundation Model Platform for Physical AI,https://github.com/dingyf,,,,,,2436100113.0,,,,,https://www.google.com/search?q=site%3Alinkedin.com/in%20%22Yifan%20Ding%22,NVIDIA
Tsung-Yi Lin,2,:; Alice Luo; Anqi Li; Arsalan Mousavian; Arslan Ali; Artur Zolkowski; Bartosz Stefaniak; Boris Ivanovic; Boyi Li; Chen-Hsuan Lin; Daniel Dworakowski; David Page; Despoina Paschalidou; Dieter Fox; Dongran Liu; Ed Schmerling; Eric Yang; Erik Barker; Ethan He; Fangyin Wei; Fitsum Reda; Francesco Ferroni; Gergely Klár; Grace Lam; Greg Heinrich; Hanzi Mao; Hao Wang; Haoxiang Wang; Heng Wang; Huan Ling; Jack Huang; Jacob Huffman; Jason Lu; Jay Zhangjie Wu; Jenna Diamond; Jiahui Huang; Jiaojiao Fan; Jiashu Xu; Jibin Varghese; Jing Zhang; Jingyi Jin; Jinwei Gu; Junjie Bai; Kaichun Mo; Ke Chen; Langechuan Liu; Laura Leal-Taixe; Liang Feng; Lin Yen-Chen; Lindsey Pavao; Lyne Tchapmi; Maciej Bala; Marco Pavone; Michele Fenzi; Mike Ranzinger; Ming-Yu Liu; Morteza Ramezanali; NVIDIA; Niket Agarwal; Pavlo Molchanov; Peter Karkus; Pinyi Li; Pooya Jannaty; Prithvijit Chattopadhyay; Przemek Tredak; Qianli Ma; Qingqing Zhao; Qinsheng Zhang; Ran Tian; Sanja Fidler; Sarah Tariq; Seung Wook Kim; Seungjun Nah; Shida Shen; Shitao Tang; Shiyi Lan; Siddharth Gururani; Songwei Ge; Sriharsha Niverty; Stella Shi; Tianjun Xiao; Tiffany Cai; Tilman Wekel; Ting-Chun Wang; Tong Che; Vasanth Rao Naik Sabavat; Wei Yang; Wei-Cheng Tseng; Wenhao Ding; Wenjie Luo; Wenyuan Zhang; Xian Liu; Xiaodong Yang; Xiaohui Zeng; Xiaowei Ren; Xinshuo Weng; Xinyue Wei; Yan Wang; Yifan Ding; Yin Cui; Yogesh Balaji; Yongxin Chen; Yu Zeng; Yulong Cao; Yunfei Shi; Yunhao Ge; Yunxiang Mao; Yurong You; Yuxiao Chen; Yuxuan Zhang; Zeeshan Patel; Zhaoshuo Li; Zhenghao Peng; Zhijian Liu,2511.00088v2: Alpamayo-R1: Bridging Reasoning and Action Prediction for Generalizable Autonomous Driving in the Long Tail | 2501.03575v3: Cosmos World Foundation Model Platform for Physical AI,,,,,,,48508915.0,,14.0,1118.0,,https://www.google.com/search?q=site%3Alinkedin.com/in%20%22Tsung-Yi%20Lin%22,NVIDIA
Ming-Yu Liu,2,:; Alice Luo; Anqi Li; Arsalan Mousavian; Arslan Ali; Artur Zolkowski; Bartosz Stefaniak; Boris Ivanovic; Boyi Li; Chen-Hsuan Lin; Daniel Dworakowski; David Page; Despoina Paschalidou; Dieter Fox; Dongran Liu; Ed Schmerling; Eric Yang; Erik Barker; Ethan He; Fangyin Wei; Fitsum Reda; Francesco Ferroni; Gergely Klár; Grace Lam; Greg Heinrich; Hanzi Mao; Hao Wang; Haoxiang Wang; Heng Wang; Huan Ling; Jack Huang; Jacob Huffman; Jason Lu; Jay Zhangjie Wu; Jenna Diamond; Jiahui Huang; Jiaojiao Fan; Jiashu Xu; Jibin Varghese; Jing Zhang; Jingyi Jin; Jinwei Gu; Junjie Bai; Kaichun Mo; Ke Chen; Langechuan Liu; Laura Leal-Taixe; Liang Feng; Lin Yen-Chen; Lindsey Pavao; Lyne Tchapmi; Maciej Bala; Marco Pavone; Michele Fenzi; Mike Ranzinger; Morteza Ramezanali; NVIDIA; Niket Agarwal; Pavlo Molchanov; Peter Karkus; Pinyi Li; Pooya Jannaty; Prithvijit Chattopadhyay; Przemek Tredak; Qianli Ma; Qingqing Zhao; Qinsheng Zhang; Ran Tian; Sanja Fidler; Sarah Tariq; Seung Wook Kim; Seungjun Nah; Shida Shen; Shitao Tang; Shiyi Lan; Siddharth Gururani; Songwei Ge; Sriharsha Niverty; Stella Shi; Tianjun Xiao; Tiffany Cai; Tilman Wekel; Ting-Chun Wang; Tong Che; Tsung-Yi Lin; Vasanth Rao Naik Sabavat; Wei Yang; Wei-Cheng Tseng; Wenhao Ding; Wenjie Luo; Wenyuan Zhang; Xian Liu; Xiaodong Yang; Xiaohui Zeng; Xiaowei Ren; Xinshuo Weng; Xinyue Wei; Yan Wang; Yifan Ding; Yin Cui; Yogesh Balaji; Yongxin Chen; Yu Zeng; Yulong Cao; Yunfei Shi; Yunhao Ge; Yunxiang Mao; Yurong You; Yuxiao Chen; Yuxuan Zhang; Zeeshan Patel; Zhaoshuo Li; Zhenghao Peng; Zhijian Liu,2511.00088v2: Alpamayo-R1: Bridging Reasoning and Action Prediction for Generalizable Autonomous Driving in the Long Tail | 2501.03575v3: Cosmos World Foundation Model Platform for Physical AI,,,,,,,1932350.0,,12.0,814.0,,https://www.google.com/search?q=site%3Alinkedin.com/in%20%22Ming-Yu%20Liu%22,NVIDIA
Lindsey Pavao,2,:; Alice Luo; Anqi Li; Arsalan Mousavian; Arslan Ali; Artur Zolkowski; Bartosz Stefaniak; Boris Ivanovic; Boyi Li; Chen-Hsuan Lin; Daniel Dworakowski; David Page; Despoina Paschalidou; Dieter Fox; Dongran Liu; Ed Schmerling; Eric Yang; Erik Barker; Ethan He; Fangyin Wei; Fitsum Reda; Francesco Ferroni; Gergely Klár; Grace Lam; Greg Heinrich; Hanzi Mao; Hao Wang; Haoxiang Wang; Heng Wang; Huan Ling; Jack Huang; Jacob Huffman; Jason Lu; Jay Zhangjie Wu; Jenna Diamond; Jiahui Huang; Jiaojiao Fan; Jiashu Xu; Jibin Varghese; Jing Zhang; Jingyi Jin; Jinwei Gu; Junjie Bai; Kaichun Mo; Ke Chen; Langechuan Liu; Laura Leal-Taixe; Liang Feng; Lin Yen-Chen; Lyne Tchapmi; Maciej Bala; Marco Pavone; Michele Fenzi; Mike Ranzinger; Ming-Yu Liu; Morteza Ramezanali; NVIDIA; Niket Agarwal; Pavlo Molchanov; Peter Karkus; Pinyi Li; Pooya Jannaty; Prithvijit Chattopadhyay; Przemek Tredak; Qianli Ma; Qingqing Zhao; Qinsheng Zhang; Ran Tian; Sanja Fidler; Sarah Tariq; Seung Wook Kim; Seungjun Nah; Shida Shen; Shitao Tang; Shiyi Lan; Siddharth Gururani; Songwei Ge; Sriharsha Niverty; Stella Shi; Tianjun Xiao; Tiffany Cai; Tilman Wekel; Ting-Chun Wang; Tong Che; Tsung-Yi Lin; Vasanth Rao Naik Sabavat; Wei Yang; Wei-Cheng Tseng; Wenhao Ding; Wenjie Luo; Wenyuan Zhang; Xian Liu; Xiaodong Yang; Xiaohui Zeng; Xiaowei Ren; Xinshuo Weng; Xinyue Wei; Yan Wang; Yifan Ding; Yin Cui; Yogesh Balaji; Yongxin Chen; Yu Zeng; Yulong Cao; Yunfei Shi; Yunhao Ge; Yunxiang Mao; Yurong You; Yuxiao Chen; Yuxuan Zhang; Zeeshan Patel; Zhaoshuo Li; Zhenghao Peng; Zhijian Liu,2511.00088v2: Alpamayo-R1: Bridging Reasoning and Action Prediction for Generalizable Autonomous Driving in the Long Tail | 2501.03575v3: Cosmos World Foundation Model Platform for Physical AI,,,,,,,2338890844.0,,5.0,1054.0,,https://www.google.com/search?q=site%3Alinkedin.com/in%20%22Lindsey%20Pavao%22,NVIDIA
Ed Schmerling,2,:; Alice Luo; Anqi Li; Arsalan Mousavian; Arslan Ali; Artur Zolkowski; Bartosz Stefaniak; Boris Ivanovic; Boyi Li; Chen-Hsuan Lin; Daniel Dworakowski; David Page; Despoina Paschalidou; Dieter Fox; Dongran Liu; Eric Yang; Erik Barker; Ethan He; Fangyin Wei; Fitsum Reda; Francesco Ferroni; Gergely Klár; Grace Lam; Greg Heinrich; Hanzi Mao; Hao Wang; Haoxiang Wang; Heng Wang; Huan Ling; Jack Huang; Jacob Huffman; Jason Lu; Jay Zhangjie Wu; Jenna Diamond; Jiahui Huang; Jiaojiao Fan; Jiashu Xu; Jibin Varghese; Jing Zhang; Jingyi Jin; Jinwei Gu; Junjie Bai; Kaichun Mo; Ke Chen; Langechuan Liu; Laura Leal-Taixe; Liang Feng; Lin Yen-Chen; Lindsey Pavao; Lyne Tchapmi; Maciej Bala; Marco Pavone; Michele Fenzi; Mike Ranzinger; Ming-Yu Liu; Morteza Ramezanali; NVIDIA; Niket Agarwal; Pavlo Molchanov; Peter Karkus; Pinyi Li; Pooya Jannaty; Prithvijit Chattopadhyay; Przemek Tredak; Qianli Ma; Qingqing Zhao; Qinsheng Zhang; Ran Tian; Sanja Fidler; Sarah Tariq; Seung Wook Kim; Seungjun Nah; Shida Shen; Shitao Tang; Shiyi Lan; Siddharth Gururani; Songwei Ge; Sriharsha Niverty; Stella Shi; Tianjun Xiao; Tiffany Cai; Tilman Wekel; Ting-Chun Wang; Tong Che; Tsung-Yi Lin; Vasanth Rao Naik Sabavat; Wei Yang; Wei-Cheng Tseng; Wenhao Ding; Wenjie Luo; Wenyuan Zhang; Xian Liu; Xiaodong Yang; Xiaohui Zeng; Xiaowei Ren; Xinshuo Weng; Xinyue Wei; Yan Wang; Yifan Ding; Yin Cui; Yogesh Balaji; Yongxin Chen; Yu Zeng; Yulong Cao; Yunfei Shi; Yunhao Ge; Yunxiang Mao; Yurong You; Yuxiao Chen; Yuxuan Zhang; Zeeshan Patel; Zhaoshuo Li; Zhenghao Peng; Zhijian Liu,2511.00088v2: Alpamayo-R1: Bridging Reasoning and Action Prediction for Generalizable Autonomous Driving in the Long Tail | 2501.03575v3: Cosmos World Foundation Model Platform for Physical AI,https://github.com/schmrlng,,,,,,1868195.0,,25.0,2755.0,,https://www.google.com/search?q=site%3Alinkedin.com/in%20%22Ed%20Schmerling%22,NVIDIA
Xiaohui Zeng,2,:; Alice Luo; Anqi Li; Arsalan Mousavian; Arslan Ali; Artur Zolkowski; Bartosz Stefaniak; Boris Ivanovic; Boyi Li; Chen-Hsuan Lin; Daniel Dworakowski; David Page; Despoina Paschalidou; Dieter Fox; Dongran Liu; Ed Schmerling; Eric Yang; Erik Barker; Ethan He; Fangyin Wei; Fitsum Reda; Francesco Ferroni; Gergely Klár; Grace Lam; Greg Heinrich; Hanzi Mao; Hao Wang; Haoxiang Wang; Heng Wang; Huan Ling; Jack Huang; Jacob Huffman; Jason Lu; Jay Zhangjie Wu; Jenna Diamond; Jiahui Huang; Jiaojiao Fan; Jiashu Xu; Jibin Varghese; Jing Zhang; Jingyi Jin; Jinwei Gu; Junjie Bai; Kaichun Mo; Ke Chen; Langechuan Liu; Laura Leal-Taixe; Liang Feng; Lin Yen-Chen; Lindsey Pavao; Lyne Tchapmi; Maciej Bala; Marco Pavone; Michele Fenzi; Mike Ranzinger; Ming-Yu Liu; Morteza Ramezanali; NVIDIA; Niket Agarwal; Pavlo Molchanov; Peter Karkus; Pinyi Li; Pooya Jannaty; Prithvijit Chattopadhyay; Przemek Tredak; Qianli Ma; Qingqing Zhao; Qinsheng Zhang; Ran Tian; Sanja Fidler; Sarah Tariq; Seung Wook Kim; Seungjun Nah; Shida Shen; Shitao Tang; Shiyi Lan; Siddharth Gururani; Songwei Ge; Sriharsha Niverty; Stella Shi; Tianjun Xiao; Tiffany Cai; Tilman Wekel; Ting-Chun Wang; Tong Che; Tsung-Yi Lin; Vasanth Rao Naik Sabavat; Wei Yang; Wei-Cheng Tseng; Wenhao Ding; Wenjie Luo; Wenyuan Zhang; Xian Liu; Xiaodong Yang; Xiaowei Ren; Xinshuo Weng; Xinyue Wei; Yan Wang; Yifan Ding; Yin Cui; Yogesh Balaji; Yongxin Chen; Yu Zeng; Yulong Cao; Yunfei Shi; Yunhao Ge; Yunxiang Mao; Yurong You; Yuxiao Chen; Yuxuan Zhang; Zeeshan Patel; Zhaoshuo Li; Zhenghao Peng; Zhijian Liu,2511.00088v2: Alpamayo-R1: Bridging Reasoning and Action Prediction for Generalizable Autonomous Driving in the Long Tail | 2501.03575v3: Cosmos World Foundation Model Platform for Physical AI,https://github.com/xiaohuix,,,,,,2111551067.0,,9.0,361.0,,https://www.google.com/search?q=site%3Alinkedin.com/in%20%22Xiaohui%20Zeng%22,NVIDIA
Dieter Fox,2,":; Ajay Mandlekar; Alice Luo; Anqi Li; Ao Zhang; Arsalan Mousavian; Arslan Ali; Artur Zolkowski; Avnish Narayan; Bartosz Stefaniak; Chen-Hsuan Lin; Daniel Dworakowski; David Page; Despoina Paschalidou; Ed Schmerling; Edith Llontop; Erik Barker; Ethan He; Fangyin Wei; Fengyuan Hu; Fernando Castañeda; Fitsum Reda; Francesco Ferroni; Gergely Klár; Grace Lam; Guanzhi Wang; Guilin Liu; Hanzi Mao; Hao Wang; Hao Zhang; Haoxiang Wang; Heng Wang; Huan Ling; Jacob Huffman; Jan Kautz; Jay Zhangjie Wu; Jiahui Huang; Jiannan Xiang; Jiaojiao Fan; Jiashu Xu; Jibin Varghese; Jing Wang; Jing Zhang; Jingyi Jin; Jinwei Gu; Joel Jang; Johan Bjorck; Kaichun Mo; Kaushil Kundalia; Kevin Lin; Laura Leal-Taixe; Lawrence Lao; Lin Yen-Chen; Lindsey Pavao; Linxi ""Jim"" Fan; Loic Magne; Lyne Tchapmi; Maciej Bala; Michele Fenzi; Ming-Yu Liu; Morteza Ramezanali; NVIDIA; Niket Agarwal; Nikita Cherniadev; Pooya Jannaty; Prithvijit Chattopadhyay; Przemek Tredak; Qi Wang; Qianli Ma; Qingqing Zhao; Qinsheng Zhang; Ruijie Zheng; Runyu Ding; Sanja Fidler; Scott Reed; Seonghyeon Ye; Seung Wook Kim; Seungjun Nah; Shitao Tang; Shiyi Lan; Siddharth Gururani; Songwei Ge; Soroush Nasiriany; Spencer Huang; Sriharsha Niverty; Stella Shi; Tiffany Cai; Ting-Chun Wang; Tsung-Yi Lin; Vasanth Rao Naik Sabavat; Wei Yang; Wei-Cheng Tseng; Xian Liu; Xiaohui Zeng; Xiaowei Ren; Xingye Da; Xinyue Wei; Yifan Ding; Yin Cui; Yinzhen Xu; Yizhou Zhao; Yogesh Balaji; Yongxin Chen; You Liang Tan; Yu Fang; Yu Zeng; Yuke Zhu; Yunhao Ge; Yuqi Xie; Yuxuan Zhang; Zeeshan Patel; Zhaoshuo Li; Zhenjia Xu; Zhenyu Jiang; Zhiding Yu; Zhiqi Li; Zongyu Lin; Zu Wang",2503.14734v2: GR00T N1: An Open Foundation Model for Generalist Humanoid Robots | 2501.03575v3: Cosmos World Foundation Model Platform for Physical AI,https://github.com/foxgh,,,,,,2255760131.0,,2.0,24.0,,https://www.google.com/search?q=site%3Alinkedin.com/in%20%22Dieter%20Fox%22,NVIDIA; VLA
Yan Wang,1,:; Boris Ivanovic; Boyi Li; Dongran Liu; Ed Schmerling; Eric Yang; Greg Heinrich; Jack Huang; Jason Lu; Jenna Diamond; Junjie Bai; Ke Chen; Langechuan Liu; Liang Feng; Lindsey Pavao; Marco Pavone; Mike Ranzinger; Ming-Yu Liu; NVIDIA; Pavlo Molchanov; Peter Karkus; Pinyi Li; Ran Tian; Sarah Tariq; Shida Shen; Tianjun Xiao; Tilman Wekel; Tong Che; Tsung-Yi Lin; Wenhao Ding; Wenjie Luo; Wenyuan Zhang; Xiaodong Yang; Xiaohui Zeng; Xinshuo Weng; Yifan Ding; Yulong Cao; Yunfei Shi; Yunxiang Mao; Yurong You; Yuxiao Chen; Zhenghao Peng; Zhijian Liu,2511.00088v2: Alpamayo-R1: Bridging Reasoning and Action Prediction for Generalizable Autonomous Driving in the Long Tail,https://github.com/YanWang2014,,,,,,2152545921.0,,3.0,28.0,,https://www.google.com/search?q=site%3Alinkedin.com/in%20%22Yan%20Wang%22,NVIDIA
Wenjie Luo,1,:; Boris Ivanovic; Boyi Li; Dongran Liu; Ed Schmerling; Eric Yang; Greg Heinrich; Jack Huang; Jason Lu; Jenna Diamond; Junjie Bai; Ke Chen; Langechuan Liu; Liang Feng; Lindsey Pavao; Marco Pavone; Mike Ranzinger; Ming-Yu Liu; NVIDIA; Pavlo Molchanov; Peter Karkus; Pinyi Li; Ran Tian; Sarah Tariq; Shida Shen; Tianjun Xiao; Tilman Wekel; Tong Che; Tsung-Yi Lin; Wenhao Ding; Wenyuan Zhang; Xiaodong Yang; Xiaohui Zeng; Xinshuo Weng; Yan Wang; Yifan Ding; Yulong Cao; Yunfei Shi; Yunxiang Mao; Yurong You; Yuxiao Chen; Zhenghao Peng; Zhijian Liu,2511.00088v2: Alpamayo-R1: Bridging Reasoning and Action Prediction for Generalizable Autonomous Driving in the Long Tail,https://github.com/wenjie-luo,,,,,,2393383127.0,,1.0,5.0,,https://www.google.com/search?q=site%3Alinkedin.com/in%20%22Wenjie%20Luo%22,NVIDIA
Junjie Bai,1,:; Boris Ivanovic; Boyi Li; Dongran Liu; Ed Schmerling; Eric Yang; Greg Heinrich; Jack Huang; Jason Lu; Jenna Diamond; Ke Chen; Langechuan Liu; Liang Feng; Lindsey Pavao; Marco Pavone; Mike Ranzinger; Ming-Yu Liu; NVIDIA; Pavlo Molchanov; Peter Karkus; Pinyi Li; Ran Tian; Sarah Tariq; Shida Shen; Tianjun Xiao; Tilman Wekel; Tong Che; Tsung-Yi Lin; Wenhao Ding; Wenjie Luo; Wenyuan Zhang; Xiaodong Yang; Xiaohui Zeng; Xinshuo Weng; Yan Wang; Yifan Ding; Yulong Cao; Yunfei Shi; Yunxiang Mao; Yurong You; Yuxiao Chen; Zhenghao Peng; Zhijian Liu,2511.00088v2: Alpamayo-R1: Bridging Reasoning and Action Prediction for Generalizable Autonomous Driving in the Long Tail,https://github.com/Baijunjie-me,,,,,,9328751.0,,5.0,87.0,,https://www.google.com/search?q=site%3Alinkedin.com/in%20%22Junjie%20Bai%22,NVIDIA
Yulong Cao,1,:; Boris Ivanovic; Boyi Li; Dongran Liu; Ed Schmerling; Eric Yang; Greg Heinrich; Jack Huang; Jason Lu; Jenna Diamond; Junjie Bai; Ke Chen; Langechuan Liu; Liang Feng; Lindsey Pavao; Marco Pavone; Mike Ranzinger; Ming-Yu Liu; NVIDIA; Pavlo Molchanov; Peter Karkus; Pinyi Li; Ran Tian; Sarah Tariq; Shida Shen; Tianjun Xiao; Tilman Wekel; Tong Che; Tsung-Yi Lin; Wenhao Ding; Wenjie Luo; Wenyuan Zhang; Xiaodong Yang; Xiaohui Zeng; Xinshuo Weng; Yan Wang; Yifan Ding; Yunfei Shi; Yunxiang Mao; Yurong You; Yuxiao Chen; Zhenghao Peng; Zhijian Liu,2511.00088v2: Alpamayo-R1: Bridging Reasoning and Action Prediction for Generalizable Autonomous Driving in the Long Tail,https://github.com/Yulong-Cauli,,,,,,2146176478.0,,3.0,38.0,,https://www.google.com/search?q=site%3Alinkedin.com/in%20%22Yulong%20Cao%22,NVIDIA
Tong Che,1,:; Boris Ivanovic; Boyi Li; Dongran Liu; Ed Schmerling; Eric Yang; Greg Heinrich; Jack Huang; Jason Lu; Jenna Diamond; Junjie Bai; Ke Chen; Langechuan Liu; Liang Feng; Lindsey Pavao; Marco Pavone; Mike Ranzinger; Ming-Yu Liu; NVIDIA; Pavlo Molchanov; Peter Karkus; Pinyi Li; Ran Tian; Sarah Tariq; Shida Shen; Tianjun Xiao; Tilman Wekel; Tsung-Yi Lin; Wenhao Ding; Wenjie Luo; Wenyuan Zhang; Xiaodong Yang; Xiaohui Zeng; Xinshuo Weng; Yan Wang; Yifan Ding; Yulong Cao; Yunfei Shi; Yunxiang Mao; Yurong You; Yuxiao Chen; Zhenghao Peng; Zhijian Liu,2511.00088v2: Alpamayo-R1: Bridging Reasoning and Action Prediction for Generalizable Autonomous Driving in the Long Tail,https://github.com/BlessingFlamingo,,,,,,2657280.0,,2.0,31.0,,https://www.google.com/search?q=site%3Alinkedin.com/in%20%22Tong%20Che%22,NVIDIA
Ke Chen,1,:; Boris Ivanovic; Boyi Li; Dongran Liu; Ed Schmerling; Eric Yang; Greg Heinrich; Jack Huang; Jason Lu; Jenna Diamond; Junjie Bai; Langechuan Liu; Liang Feng; Lindsey Pavao; Marco Pavone; Mike Ranzinger; Ming-Yu Liu; NVIDIA; Pavlo Molchanov; Peter Karkus; Pinyi Li; Ran Tian; Sarah Tariq; Shida Shen; Tianjun Xiao; Tilman Wekel; Tong Che; Tsung-Yi Lin; Wenhao Ding; Wenjie Luo; Wenyuan Zhang; Xiaodong Yang; Xiaohui Zeng; Xinshuo Weng; Yan Wang; Yifan Ding; Yulong Cao; Yunfei Shi; Yunxiang Mao; Yurong You; Yuxiao Chen; Zhenghao Peng; Zhijian Liu,2511.00088v2: Alpamayo-R1: Bridging Reasoning and Action Prediction for Generalizable Autonomous Driving in the Long Tail,https://github.com/chenzhike110,,,,,,2218686647.0,,1.0,1.0,,https://www.google.com/search?q=site%3Alinkedin.com/in%20%22Ke%20Chen%22,NVIDIA
Yuxiao Chen,1,:; Boris Ivanovic; Boyi Li; Dongran Liu; Ed Schmerling; Eric Yang; Greg Heinrich; Jack Huang; Jason Lu; Jenna Diamond; Junjie Bai; Ke Chen; Langechuan Liu; Liang Feng; Lindsey Pavao; Marco Pavone; Mike Ranzinger; Ming-Yu Liu; NVIDIA; Pavlo Molchanov; Peter Karkus; Pinyi Li; Ran Tian; Sarah Tariq; Shida Shen; Tianjun Xiao; Tilman Wekel; Tong Che; Tsung-Yi Lin; Wenhao Ding; Wenjie Luo; Wenyuan Zhang; Xiaodong Yang; Xiaohui Zeng; Xinshuo Weng; Yan Wang; Yifan Ding; Yulong Cao; Yunfei Shi; Yunxiang Mao; Yurong You; Zhenghao Peng; Zhijian Liu,2511.00088v2: Alpamayo-R1: Bridging Reasoning and Action Prediction for Generalizable Autonomous Driving in the Long Tail,https://github.com/Yuxiao98,,,,,,92351865.0,,2.0,8.0,,https://www.google.com/search?q=site%3Alinkedin.com/in%20%22Yuxiao%20Chen%22,NVIDIA
Jenna Diamond,1,:; Boris Ivanovic; Boyi Li; Dongran Liu; Ed Schmerling; Eric Yang; Greg Heinrich; Jack Huang; Jason Lu; Junjie Bai; Ke Chen; Langechuan Liu; Liang Feng; Lindsey Pavao; Marco Pavone; Mike Ranzinger; Ming-Yu Liu; NVIDIA; Pavlo Molchanov; Peter Karkus; Pinyi Li; Ran Tian; Sarah Tariq; Shida Shen; Tianjun Xiao; Tilman Wekel; Tong Che; Tsung-Yi Lin; Wenhao Ding; Wenjie Luo; Wenyuan Zhang; Xiaodong Yang; Xiaohui Zeng; Xinshuo Weng; Yan Wang; Yifan Ding; Yulong Cao; Yunfei Shi; Yunxiang Mao; Yurong You; Yuxiao Chen; Zhenghao Peng; Zhijian Liu,2511.00088v2: Alpamayo-R1: Bridging Reasoning and Action Prediction for Generalizable Autonomous Driving in the Long Tail,,,,,,,2351057061.0,,3.0,319.0,,https://www.google.com/search?q=site%3Alinkedin.com/in%20%22Jenna%20Diamond%22,NVIDIA
Wenhao Ding,1,:; Boris Ivanovic; Boyi Li; Dongran Liu; Ed Schmerling; Eric Yang; Greg Heinrich; Jack Huang; Jason Lu; Jenna Diamond; Junjie Bai; Ke Chen; Langechuan Liu; Liang Feng; Lindsey Pavao; Marco Pavone; Mike Ranzinger; Ming-Yu Liu; NVIDIA; Pavlo Molchanov; Peter Karkus; Pinyi Li; Ran Tian; Sarah Tariq; Shida Shen; Tianjun Xiao; Tilman Wekel; Tong Che; Tsung-Yi Lin; Wenjie Luo; Wenyuan Zhang; Xiaodong Yang; Xiaohui Zeng; Xinshuo Weng; Yan Wang; Yifan Ding; Yulong Cao; Yunfei Shi; Yunxiang Mao; Yurong You; Yuxiao Chen; Zhenghao Peng; Zhijian Liu,2511.00088v2: Alpamayo-R1: Bridging Reasoning and Action Prediction for Generalizable Autonomous Driving in the Long Tail,https://github.com/Wenhao-Ding,,,,,,2348200884.0,,1.0,2.0,,https://www.google.com/search?q=site%3Alinkedin.com/in%20%22Wenhao%20Ding%22,NVIDIA
Liang Feng,1,:; Boris Ivanovic; Boyi Li; Dongran Liu; Ed Schmerling; Eric Yang; Greg Heinrich; Jack Huang; Jason Lu; Jenna Diamond; Junjie Bai; Ke Chen; Langechuan Liu; Lindsey Pavao; Marco Pavone; Mike Ranzinger; Ming-Yu Liu; NVIDIA; Pavlo Molchanov; Peter Karkus; Pinyi Li; Ran Tian; Sarah Tariq; Shida Shen; Tianjun Xiao; Tilman Wekel; Tong Che; Tsung-Yi Lin; Wenhao Ding; Wenjie Luo; Wenyuan Zhang; Xiaodong Yang; Xiaohui Zeng; Xinshuo Weng; Yan Wang; Yifan Ding; Yulong Cao; Yunfei Shi; Yunxiang Mao; Yurong You; Yuxiao Chen; Zhenghao Peng; Zhijian Liu,2511.00088v2: Alpamayo-R1: Bridging Reasoning and Action Prediction for Generalizable Autonomous Driving in the Long Tail,https://github.com/fenglang918,,,,,,10233994.0,,5.0,170.0,,https://www.google.com/search?q=site%3Alinkedin.com/in%20%22Liang%20Feng%22,NVIDIA
Greg Heinrich,1,:; Boris Ivanovic; Boyi Li; Dongran Liu; Ed Schmerling; Eric Yang; Jack Huang; Jason Lu; Jenna Diamond; Junjie Bai; Ke Chen; Langechuan Liu; Liang Feng; Lindsey Pavao; Marco Pavone; Mike Ranzinger; Ming-Yu Liu; NVIDIA; Pavlo Molchanov; Peter Karkus; Pinyi Li; Ran Tian; Sarah Tariq; Shida Shen; Tianjun Xiao; Tilman Wekel; Tong Che; Tsung-Yi Lin; Wenhao Ding; Wenjie Luo; Wenyuan Zhang; Xiaodong Yang; Xiaohui Zeng; Xinshuo Weng; Yan Wang; Yifan Ding; Yulong Cao; Yunfei Shi; Yunxiang Mao; Yurong You; Yuxiao Chen; Zhenghao Peng; Zhijian Liu,2511.00088v2: Alpamayo-R1: Bridging Reasoning and Action Prediction for Generalizable Autonomous Driving in the Long Tail,https://github.com/gheinrich,,,,,,123666943.0,,2.0,13.0,,https://www.google.com/search?q=site%3Alinkedin.com/in%20%22Greg%20Heinrich%22,NVIDIA
Jack Huang,1,:; Boris Ivanovic; Boyi Li; Dongran Liu; Ed Schmerling; Eric Yang; Greg Heinrich; Jason Lu; Jenna Diamond; Junjie Bai; Ke Chen; Langechuan Liu; Liang Feng; Lindsey Pavao; Marco Pavone; Mike Ranzinger; Ming-Yu Liu; NVIDIA; Pavlo Molchanov; Peter Karkus; Pinyi Li; Ran Tian; Sarah Tariq; Shida Shen; Tianjun Xiao; Tilman Wekel; Tong Che; Tsung-Yi Lin; Wenhao Ding; Wenjie Luo; Wenyuan Zhang; Xiaodong Yang; Xiaohui Zeng; Xinshuo Weng; Yan Wang; Yifan Ding; Yulong Cao; Yunfei Shi; Yunxiang Mao; Yurong You; Yuxiao Chen; Zhenghao Peng; Zhijian Liu,2511.00088v2: Alpamayo-R1: Bridging Reasoning and Action Prediction for Generalizable Autonomous Driving in the Long Tail,https://github.com/jackhhh,,,,,,2116490219.0,,2.0,7.0,,https://www.google.com/search?q=site%3Alinkedin.com/in%20%22Jack%20Huang%22,NVIDIA
Peter Karkus,1,:; Boris Ivanovic; Boyi Li; Dongran Liu; Ed Schmerling; Eric Yang; Greg Heinrich; Jack Huang; Jason Lu; Jenna Diamond; Junjie Bai; Ke Chen; Langechuan Liu; Liang Feng; Lindsey Pavao; Marco Pavone; Mike Ranzinger; Ming-Yu Liu; NVIDIA; Pavlo Molchanov; Pinyi Li; Ran Tian; Sarah Tariq; Shida Shen; Tianjun Xiao; Tilman Wekel; Tong Che; Tsung-Yi Lin; Wenhao Ding; Wenjie Luo; Wenyuan Zhang; Xiaodong Yang; Xiaohui Zeng; Xinshuo Weng; Yan Wang; Yifan Ding; Yulong Cao; Yunfei Shi; Yunxiang Mao; Yurong You; Yuxiao Chen; Zhenghao Peng; Zhijian Liu,2511.00088v2: Alpamayo-R1: Bridging Reasoning and Action Prediction for Generalizable Autonomous Driving in the Long Tail,,,,,,,2316494.0,National University of Singapore,16.0,1205.0,http://comp.nus.edu.sg/~karkus,https://www.google.com/search?q=site%3Alinkedin.com/in%20%22Peter%20Karkus%22%20%22National%20University%20of%20Singapore%22,NVIDIA
Boyi Li,1,:; Boris Ivanovic; Dongran Liu; Ed Schmerling; Eric Yang; Greg Heinrich; Jack Huang; Jason Lu; Jenna Diamond; Junjie Bai; Ke Chen; Langechuan Liu; Liang Feng; Lindsey Pavao; Marco Pavone; Mike Ranzinger; Ming-Yu Liu; NVIDIA; Pavlo Molchanov; Peter Karkus; Pinyi Li; Ran Tian; Sarah Tariq; Shida Shen; Tianjun Xiao; Tilman Wekel; Tong Che; Tsung-Yi Lin; Wenhao Ding; Wenjie Luo; Wenyuan Zhang; Xiaodong Yang; Xiaohui Zeng; Xinshuo Weng; Yan Wang; Yifan Ding; Yulong Cao; Yunfei Shi; Yunxiang Mao; Yurong You; Yuxiao Chen; Zhenghao Peng; Zhijian Liu,2511.00088v2: Alpamayo-R1: Bridging Reasoning and Action Prediction for Generalizable Autonomous Driving in the Long Tail,https://github.com/Boyiliee,,,,,,15124301.0,,,,,https://www.google.com/search?q=site%3Alinkedin.com/in%20%22Boyi%20Li%22,NVIDIA
Pinyi Li,1,:; Boris Ivanovic; Boyi Li; Dongran Liu; Ed Schmerling; Eric Yang; Greg Heinrich; Jack Huang; Jason Lu; Jenna Diamond; Junjie Bai; Ke Chen; Langechuan Liu; Liang Feng; Lindsey Pavao; Marco Pavone; Mike Ranzinger; Ming-Yu Liu; NVIDIA; Pavlo Molchanov; Peter Karkus; Ran Tian; Sarah Tariq; Shida Shen; Tianjun Xiao; Tilman Wekel; Tong Che; Tsung-Yi Lin; Wenhao Ding; Wenjie Luo; Wenyuan Zhang; Xiaodong Yang; Xiaohui Zeng; Xinshuo Weng; Yan Wang; Yifan Ding; Yulong Cao; Yunfei Shi; Yunxiang Mao; Yurong You; Yuxiao Chen; Zhenghao Peng; Zhijian Liu,2511.00088v2: Alpamayo-R1: Bridging Reasoning and Action Prediction for Generalizable Autonomous Driving in the Long Tail,https://github.com/gruj1995,,,,,,2218361494.0,,1.0,5.0,,https://www.google.com/search?q=site%3Alinkedin.com/in%20%22Pinyi%20Li%22,NVIDIA
Dongran Liu,1,:; Boris Ivanovic; Boyi Li; Ed Schmerling; Eric Yang; Greg Heinrich; Jack Huang; Jason Lu; Jenna Diamond; Junjie Bai; Ke Chen; Langechuan Liu; Liang Feng; Lindsey Pavao; Marco Pavone; Mike Ranzinger; Ming-Yu Liu; NVIDIA; Pavlo Molchanov; Peter Karkus; Pinyi Li; Ran Tian; Sarah Tariq; Shida Shen; Tianjun Xiao; Tilman Wekel; Tong Che; Tsung-Yi Lin; Wenhao Ding; Wenjie Luo; Wenyuan Zhang; Xiaodong Yang; Xiaohui Zeng; Xinshuo Weng; Yan Wang; Yifan Ding; Yulong Cao; Yunfei Shi; Yunxiang Mao; Yurong You; Yuxiao Chen; Zhenghao Peng; Zhijian Liu,2511.00088v2: Alpamayo-R1: Bridging Reasoning and Action Prediction for Generalizable Autonomous Driving in the Long Tail,https://github.com/dliuargo,,,,,,2290062739.0,,2.0,92.0,,https://www.google.com/search?q=site%3Alinkedin.com/in%20%22Dongran%20Liu%22,NVIDIA
Langechuan Liu,1,:; Boris Ivanovic; Boyi Li; Dongran Liu; Ed Schmerling; Eric Yang; Greg Heinrich; Jack Huang; Jason Lu; Jenna Diamond; Junjie Bai; Ke Chen; Liang Feng; Lindsey Pavao; Marco Pavone; Mike Ranzinger; Ming-Yu Liu; NVIDIA; Pavlo Molchanov; Peter Karkus; Pinyi Li; Ran Tian; Sarah Tariq; Shida Shen; Tianjun Xiao; Tilman Wekel; Tong Che; Tsung-Yi Lin; Wenhao Ding; Wenjie Luo; Wenyuan Zhang; Xiaodong Yang; Xiaohui Zeng; Xinshuo Weng; Yan Wang; Yifan Ding; Yulong Cao; Yunfei Shi; Yunxiang Mao; Yurong You; Yuxiao Chen; Zhenghao Peng; Zhijian Liu,2511.00088v2: Alpamayo-R1: Bridging Reasoning and Action Prediction for Generalizable Autonomous Driving in the Long Tail,,,,,,,14838088.0,,8.0,324.0,,https://www.google.com/search?q=site%3Alinkedin.com/in%20%22Langechuan%20Liu%22,NVIDIA
Zhijian Liu,1,:; Boris Ivanovic; Boyi Li; Dongran Liu; Ed Schmerling; Eric Yang; Greg Heinrich; Jack Huang; Jason Lu; Jenna Diamond; Junjie Bai; Ke Chen; Langechuan Liu; Liang Feng; Lindsey Pavao; Marco Pavone; Mike Ranzinger; Ming-Yu Liu; NVIDIA; Pavlo Molchanov; Peter Karkus; Pinyi Li; Ran Tian; Sarah Tariq; Shida Shen; Tianjun Xiao; Tilman Wekel; Tong Che; Tsung-Yi Lin; Wenhao Ding; Wenjie Luo; Wenyuan Zhang; Xiaodong Yang; Xiaohui Zeng; Xinshuo Weng; Yan Wang; Yifan Ding; Yulong Cao; Yunfei Shi; Yunxiang Mao; Yurong You; Yuxiao Chen; Zhenghao Peng,2511.00088v2: Alpamayo-R1: Bridging Reasoning and Action Prediction for Generalizable Autonomous Driving in the Long Tail,https://github.com/zhijian-liu,,,,,,30631821.0,,5.0,87.0,,https://www.google.com/search?q=site%3Alinkedin.com/in%20%22Zhijian%20Liu%22,NVIDIA
Jason Lu,1,:; Boris Ivanovic; Boyi Li; Dongran Liu; Ed Schmerling; Eric Yang; Greg Heinrich; Jack Huang; Jenna Diamond; Junjie Bai; Ke Chen; Langechuan Liu; Liang Feng; Lindsey Pavao; Marco Pavone; Mike Ranzinger; Ming-Yu Liu; NVIDIA; Pavlo Molchanov; Peter Karkus; Pinyi Li; Ran Tian; Sarah Tariq; Shida Shen; Tianjun Xiao; Tilman Wekel; Tong Che; Tsung-Yi Lin; Wenhao Ding; Wenjie Luo; Wenyuan Zhang; Xiaodong Yang; Xiaohui Zeng; Xinshuo Weng; Yan Wang; Yifan Ding; Yulong Cao; Yunfei Shi; Yunxiang Mao; Yurong You; Yuxiao Chen; Zhenghao Peng; Zhijian Liu,2511.00088v2: Alpamayo-R1: Bridging Reasoning and Action Prediction for Generalizable Autonomous Driving in the Long Tail,https://github.com/jasonlu6,,,,,,2340547485.0,,1.0,6.0,,https://www.google.com/search?q=site%3Alinkedin.com/in%20%22Jason%20Lu%22,NVIDIA
Yunxiang Mao,1,:; Boris Ivanovic; Boyi Li; Dongran Liu; Ed Schmerling; Eric Yang; Greg Heinrich; Jack Huang; Jason Lu; Jenna Diamond; Junjie Bai; Ke Chen; Langechuan Liu; Liang Feng; Lindsey Pavao; Marco Pavone; Mike Ranzinger; Ming-Yu Liu; NVIDIA; Pavlo Molchanov; Peter Karkus; Pinyi Li; Ran Tian; Sarah Tariq; Shida Shen; Tianjun Xiao; Tilman Wekel; Tong Che; Tsung-Yi Lin; Wenhao Ding; Wenjie Luo; Wenyuan Zhang; Xiaodong Yang; Xiaohui Zeng; Xinshuo Weng; Yan Wang; Yifan Ding; Yulong Cao; Yunfei Shi; Yurong You; Yuxiao Chen; Zhenghao Peng; Zhijian Liu,2511.00088v2: Alpamayo-R1: Bridging Reasoning and Action Prediction for Generalizable Autonomous Driving in the Long Tail,,,,,,,2117695596.0,,3.0,106.0,,https://www.google.com/search?q=site%3Alinkedin.com/in%20%22Yunxiang%20Mao%22,NVIDIA
Pavlo Molchanov,1,:; Boris Ivanovic; Boyi Li; Dongran Liu; Ed Schmerling; Eric Yang; Greg Heinrich; Jack Huang; Jason Lu; Jenna Diamond; Junjie Bai; Ke Chen; Langechuan Liu; Liang Feng; Lindsey Pavao; Marco Pavone; Mike Ranzinger; Ming-Yu Liu; NVIDIA; Peter Karkus; Pinyi Li; Ran Tian; Sarah Tariq; Shida Shen; Tianjun Xiao; Tilman Wekel; Tong Che; Tsung-Yi Lin; Wenhao Ding; Wenjie Luo; Wenyuan Zhang; Xiaodong Yang; Xiaohui Zeng; Xinshuo Weng; Yan Wang; Yifan Ding; Yulong Cao; Yunfei Shi; Yunxiang Mao; Yurong You; Yuxiao Chen; Zhenghao Peng; Zhijian Liu,2511.00088v2: Alpamayo-R1: Bridging Reasoning and Action Prediction for Generalizable Autonomous Driving in the Long Tail,https://github.com/molchanovp,,,,,,47962136.0,,12.0,704.0,,https://www.google.com/search?q=site%3Alinkedin.com/in%20%22Pavlo%20Molchanov%22,NVIDIA
Zhenghao Peng,1,:; Boris Ivanovic; Boyi Li; Dongran Liu; Ed Schmerling; Eric Yang; Greg Heinrich; Jack Huang; Jason Lu; Jenna Diamond; Junjie Bai; Ke Chen; Langechuan Liu; Liang Feng; Lindsey Pavao; Marco Pavone; Mike Ranzinger; Ming-Yu Liu; NVIDIA; Pavlo Molchanov; Peter Karkus; Pinyi Li; Ran Tian; Sarah Tariq; Shida Shen; Tianjun Xiao; Tilman Wekel; Tong Che; Tsung-Yi Lin; Wenhao Ding; Wenjie Luo; Wenyuan Zhang; Xiaodong Yang; Xiaohui Zeng; Xinshuo Weng; Yan Wang; Yifan Ding; Yulong Cao; Yunfei Shi; Yunxiang Mao; Yurong You; Yuxiao Chen; Zhijian Liu,2511.00088v2: Alpamayo-R1: Bridging Reasoning and Action Prediction for Generalizable Autonomous Driving in the Long Tail,https://github.com/pengzhenghao,,,,,,2269767929.0,,4.0,52.0,,https://www.google.com/search?q=site%3Alinkedin.com/in%20%22Zhenghao%20Peng%22,NVIDIA
Mike Ranzinger,1,:; Boris Ivanovic; Boyi Li; Dongran Liu; Ed Schmerling; Eric Yang; Greg Heinrich; Jack Huang; Jason Lu; Jenna Diamond; Junjie Bai; Ke Chen; Langechuan Liu; Liang Feng; Lindsey Pavao; Marco Pavone; Ming-Yu Liu; NVIDIA; Pavlo Molchanov; Peter Karkus; Pinyi Li; Ran Tian; Sarah Tariq; Shida Shen; Tianjun Xiao; Tilman Wekel; Tong Che; Tsung-Yi Lin; Wenhao Ding; Wenjie Luo; Wenyuan Zhang; Xiaodong Yang; Xiaohui Zeng; Xinshuo Weng; Yan Wang; Yifan Ding; Yulong Cao; Yunfei Shi; Yunxiang Mao; Yurong You; Yuxiao Chen; Zhenghao Peng; Zhijian Liu,2511.00088v2: Alpamayo-R1: Bridging Reasoning and Action Prediction for Generalizable Autonomous Driving in the Long Tail,https://github.com/mranzinger,,,,,,2264261159.0,,6.0,441.0,,https://www.google.com/search?q=site%3Alinkedin.com/in%20%22Mike%20Ranzinger%22,NVIDIA
Shida Shen,1,:; Boris Ivanovic; Boyi Li; Dongran Liu; Ed Schmerling; Eric Yang; Greg Heinrich; Jack Huang; Jason Lu; Jenna Diamond; Junjie Bai; Ke Chen; Langechuan Liu; Liang Feng; Lindsey Pavao; Marco Pavone; Mike Ranzinger; Ming-Yu Liu; NVIDIA; Pavlo Molchanov; Peter Karkus; Pinyi Li; Ran Tian; Sarah Tariq; Tianjun Xiao; Tilman Wekel; Tong Che; Tsung-Yi Lin; Wenhao Ding; Wenjie Luo; Wenyuan Zhang; Xiaodong Yang; Xiaohui Zeng; Xinshuo Weng; Yan Wang; Yifan Ding; Yulong Cao; Yunfei Shi; Yunxiang Mao; Yurong You; Yuxiao Chen; Zhenghao Peng; Zhijian Liu,2511.00088v2: Alpamayo-R1: Bridging Reasoning and Action Prediction for Generalizable Autonomous Driving in the Long Tail,,,,,,,72066272.0,,2.0,9.0,,https://www.google.com/search?q=site%3Alinkedin.com/in%20%22Shida%20Shen%22,NVIDIA
Yunfei Shi,1,:; Boris Ivanovic; Boyi Li; Dongran Liu; Ed Schmerling; Eric Yang; Greg Heinrich; Jack Huang; Jason Lu; Jenna Diamond; Junjie Bai; Ke Chen; Langechuan Liu; Liang Feng; Lindsey Pavao; Marco Pavone; Mike Ranzinger; Ming-Yu Liu; NVIDIA; Pavlo Molchanov; Peter Karkus; Pinyi Li; Ran Tian; Sarah Tariq; Shida Shen; Tianjun Xiao; Tilman Wekel; Tong Che; Tsung-Yi Lin; Wenhao Ding; Wenjie Luo; Wenyuan Zhang; Xiaodong Yang; Xiaohui Zeng; Xinshuo Weng; Yan Wang; Yifan Ding; Yulong Cao; Yunxiang Mao; Yurong You; Yuxiao Chen; Zhenghao Peng; Zhijian Liu,2511.00088v2: Alpamayo-R1: Bridging Reasoning and Action Prediction for Generalizable Autonomous Driving in the Long Tail,,,,,,,2272763203.0,,2.0,6.0,,https://www.google.com/search?q=site%3Alinkedin.com/in%20%22Yunfei%20Shi%22,NVIDIA
Sarah Tariq,1,:; Boris Ivanovic; Boyi Li; Dongran Liu; Ed Schmerling; Eric Yang; Greg Heinrich; Jack Huang; Jason Lu; Jenna Diamond; Junjie Bai; Ke Chen; Langechuan Liu; Liang Feng; Lindsey Pavao; Marco Pavone; Mike Ranzinger; Ming-Yu Liu; NVIDIA; Pavlo Molchanov; Peter Karkus; Pinyi Li; Ran Tian; Shida Shen; Tianjun Xiao; Tilman Wekel; Tong Che; Tsung-Yi Lin; Wenhao Ding; Wenjie Luo; Wenyuan Zhang; Xiaodong Yang; Xiaohui Zeng; Xinshuo Weng; Yan Wang; Yifan Ding; Yulong Cao; Yunfei Shi; Yunxiang Mao; Yurong You; Yuxiao Chen; Zhenghao Peng; Zhijian Liu,2511.00088v2: Alpamayo-R1: Bridging Reasoning and Action Prediction for Generalizable Autonomous Driving in the Long Tail,https://github.com/sarahTariq,,,,,,2324370250.0,,1.0,1.0,,https://www.google.com/search?q=site%3Alinkedin.com/in%20%22Sarah%20Tariq%22,NVIDIA
Ran Tian,1,:; Boris Ivanovic; Boyi Li; Dongran Liu; Ed Schmerling; Eric Yang; Greg Heinrich; Jack Huang; Jason Lu; Jenna Diamond; Junjie Bai; Ke Chen; Langechuan Liu; Liang Feng; Lindsey Pavao; Marco Pavone; Mike Ranzinger; Ming-Yu Liu; NVIDIA; Pavlo Molchanov; Peter Karkus; Pinyi Li; Sarah Tariq; Shida Shen; Tianjun Xiao; Tilman Wekel; Tong Che; Tsung-Yi Lin; Wenhao Ding; Wenjie Luo; Wenyuan Zhang; Xiaodong Yang; Xiaohui Zeng; Xinshuo Weng; Yan Wang; Yifan Ding; Yulong Cao; Yunfei Shi; Yunxiang Mao; Yurong You; Yuxiao Chen; Zhenghao Peng; Zhijian Liu,2511.00088v2: Alpamayo-R1: Bridging Reasoning and Action Prediction for Generalizable Autonomous Driving in the Long Tail,https://github.com/RanTian2333,,,,,,2076190797.0,,2.0,31.0,,https://www.google.com/search?q=site%3Alinkedin.com/in%20%22Ran%20Tian%22,NVIDIA
Tilman Wekel,1,:; Boris Ivanovic; Boyi Li; Dongran Liu; Ed Schmerling; Eric Yang; Greg Heinrich; Jack Huang; Jason Lu; Jenna Diamond; Junjie Bai; Ke Chen; Langechuan Liu; Liang Feng; Lindsey Pavao; Marco Pavone; Mike Ranzinger; Ming-Yu Liu; NVIDIA; Pavlo Molchanov; Peter Karkus; Pinyi Li; Ran Tian; Sarah Tariq; Shida Shen; Tianjun Xiao; Tong Che; Tsung-Yi Lin; Wenhao Ding; Wenjie Luo; Wenyuan Zhang; Xiaodong Yang; Xiaohui Zeng; Xinshuo Weng; Yan Wang; Yifan Ding; Yulong Cao; Yunfei Shi; Yunxiang Mao; Yurong You; Yuxiao Chen; Zhenghao Peng; Zhijian Liu,2511.00088v2: Alpamayo-R1: Bridging Reasoning and Action Prediction for Generalizable Autonomous Driving in the Long Tail,,,,,,,2382319.0,,2.0,107.0,,https://www.google.com/search?q=site%3Alinkedin.com/in%20%22Tilman%20Wekel%22,NVIDIA
Xinshuo Weng,1,:; Boris Ivanovic; Boyi Li; Dongran Liu; Ed Schmerling; Eric Yang; Greg Heinrich; Jack Huang; Jason Lu; Jenna Diamond; Junjie Bai; Ke Chen; Langechuan Liu; Liang Feng; Lindsey Pavao; Marco Pavone; Mike Ranzinger; Ming-Yu Liu; NVIDIA; Pavlo Molchanov; Peter Karkus; Pinyi Li; Ran Tian; Sarah Tariq; Shida Shen; Tianjun Xiao; Tilman Wekel; Tong Che; Tsung-Yi Lin; Wenhao Ding; Wenjie Luo; Wenyuan Zhang; Xiaodong Yang; Xiaohui Zeng; Yan Wang; Yifan Ding; Yulong Cao; Yunfei Shi; Yunxiang Mao; Yurong You; Yuxiao Chen; Zhenghao Peng; Zhijian Liu,2511.00088v2: Alpamayo-R1: Bridging Reasoning and Action Prediction for Generalizable Autonomous Driving in the Long Tail,https://github.com/wengxinshuo,,,,,,2142561313.0,,16.0,2219.0,,https://www.google.com/search?q=site%3Alinkedin.com/in%20%22Xinshuo%20Weng%22,NVIDIA
Tianjun Xiao,1,:; Boris Ivanovic; Boyi Li; Dongran Liu; Ed Schmerling; Eric Yang; Greg Heinrich; Jack Huang; Jason Lu; Jenna Diamond; Junjie Bai; Ke Chen; Langechuan Liu; Liang Feng; Lindsey Pavao; Marco Pavone; Mike Ranzinger; Ming-Yu Liu; NVIDIA; Pavlo Molchanov; Peter Karkus; Pinyi Li; Ran Tian; Sarah Tariq; Shida Shen; Tilman Wekel; Tong Che; Tsung-Yi Lin; Wenhao Ding; Wenjie Luo; Wenyuan Zhang; Xiaodong Yang; Xiaohui Zeng; Xinshuo Weng; Yan Wang; Yifan Ding; Yulong Cao; Yunfei Shi; Yunxiang Mao; Yurong You; Yuxiao Chen; Zhenghao Peng; Zhijian Liu,2511.00088v2: Alpamayo-R1: Bridging Reasoning and Action Prediction for Generalizable Autonomous Driving in the Long Tail,https://github.com/sneakerkg,,,,,,2389651932.0,,,,,https://www.google.com/search?q=site%3Alinkedin.com/in%20%22Tianjun%20Xiao%22,NVIDIA
Eric Yang,1,:; Boris Ivanovic; Boyi Li; Dongran Liu; Ed Schmerling; Greg Heinrich; Jack Huang; Jason Lu; Jenna Diamond; Junjie Bai; Ke Chen; Langechuan Liu; Liang Feng; Lindsey Pavao; Marco Pavone; Mike Ranzinger; Ming-Yu Liu; NVIDIA; Pavlo Molchanov; Peter Karkus; Pinyi Li; Ran Tian; Sarah Tariq; Shida Shen; Tianjun Xiao; Tilman Wekel; Tong Che; Tsung-Yi Lin; Wenhao Ding; Wenjie Luo; Wenyuan Zhang; Xiaodong Yang; Xiaohui Zeng; Xinshuo Weng; Yan Wang; Yifan Ding; Yulong Cao; Yunfei Shi; Yunxiang Mao; Yurong You; Yuxiao Chen; Zhenghao Peng; Zhijian Liu,2511.00088v2: Alpamayo-R1: Bridging Reasoning and Action Prediction for Generalizable Autonomous Driving in the Long Tail,https://github.com/EricYangXD,,,,,,2284634710.0,,3.0,74.0,,https://www.google.com/search?q=site%3Alinkedin.com/in%20%22Eric%20Yang%22,NVIDIA
Xiaodong Yang,1,:; Boris Ivanovic; Boyi Li; Dongran Liu; Ed Schmerling; Eric Yang; Greg Heinrich; Jack Huang; Jason Lu; Jenna Diamond; Junjie Bai; Ke Chen; Langechuan Liu; Liang Feng; Lindsey Pavao; Marco Pavone; Mike Ranzinger; Ming-Yu Liu; NVIDIA; Pavlo Molchanov; Peter Karkus; Pinyi Li; Ran Tian; Sarah Tariq; Shida Shen; Tianjun Xiao; Tilman Wekel; Tong Che; Tsung-Yi Lin; Wenhao Ding; Wenjie Luo; Wenyuan Zhang; Xiaohui Zeng; Xinshuo Weng; Yan Wang; Yifan Ding; Yulong Cao; Yunfei Shi; Yunxiang Mao; Yurong You; Yuxiao Chen; Zhenghao Peng; Zhijian Liu,2511.00088v2: Alpamayo-R1: Bridging Reasoning and Action Prediction for Generalizable Autonomous Driving in the Long Tail,https://github.com/XiaodongYangQF,,,,,,2115881305.0,,16.0,838.0,,https://www.google.com/search?q=site%3Alinkedin.com/in%20%22Xiaodong%20Yang%22,NVIDIA
Yurong You,1,:; Boris Ivanovic; Boyi Li; Dongran Liu; Ed Schmerling; Eric Yang; Greg Heinrich; Jack Huang; Jason Lu; Jenna Diamond; Junjie Bai; Ke Chen; Langechuan Liu; Liang Feng; Lindsey Pavao; Marco Pavone; Mike Ranzinger; Ming-Yu Liu; NVIDIA; Pavlo Molchanov; Peter Karkus; Pinyi Li; Ran Tian; Sarah Tariq; Shida Shen; Tianjun Xiao; Tilman Wekel; Tong Che; Tsung-Yi Lin; Wenhao Ding; Wenjie Luo; Wenyuan Zhang; Xiaodong Yang; Xiaohui Zeng; Xinshuo Weng; Yan Wang; Yifan Ding; Yulong Cao; Yunfei Shi; Yunxiang Mao; Yuxiao Chen; Zhenghao Peng; Zhijian Liu,2511.00088v2: Alpamayo-R1: Bridging Reasoning and Action Prediction for Generalizable Autonomous Driving in the Long Tail,https://github.com/YurongYou,,,,,,103778150.0,,,,,https://www.google.com/search?q=site%3Alinkedin.com/in%20%22Yurong%20You%22,NVIDIA
Wenyuan Zhang,1,:; Boris Ivanovic; Boyi Li; Dongran Liu; Ed Schmerling; Eric Yang; Greg Heinrich; Jack Huang; Jason Lu; Jenna Diamond; Junjie Bai; Ke Chen; Langechuan Liu; Liang Feng; Lindsey Pavao; Marco Pavone; Mike Ranzinger; Ming-Yu Liu; NVIDIA; Pavlo Molchanov; Peter Karkus; Pinyi Li; Ran Tian; Sarah Tariq; Shida Shen; Tianjun Xiao; Tilman Wekel; Tong Che; Tsung-Yi Lin; Wenhao Ding; Wenjie Luo; Xiaodong Yang; Xiaohui Zeng; Xinshuo Weng; Yan Wang; Yifan Ding; Yulong Cao; Yunfei Shi; Yunxiang Mao; Yurong You; Yuxiao Chen; Zhenghao Peng; Zhijian Liu,2511.00088v2: Alpamayo-R1: Bridging Reasoning and Action Prediction for Generalizable Autonomous Driving in the Long Tail,https://github.com/wen-yuan-zhang,,,,,,2350427332.0,,4.0,42.0,,https://www.google.com/search?q=site%3Alinkedin.com/in%20%22Wenyuan%20Zhang%22,NVIDIA
Boris Ivanovic,1,:; Boyi Li; Dongran Liu; Ed Schmerling; Eric Yang; Greg Heinrich; Jack Huang; Jason Lu; Jenna Diamond; Junjie Bai; Ke Chen; Langechuan Liu; Liang Feng; Lindsey Pavao; Marco Pavone; Mike Ranzinger; Ming-Yu Liu; NVIDIA; Pavlo Molchanov; Peter Karkus; Pinyi Li; Ran Tian; Sarah Tariq; Shida Shen; Tianjun Xiao; Tilman Wekel; Tong Che; Tsung-Yi Lin; Wenhao Ding; Wenjie Luo; Wenyuan Zhang; Xiaodong Yang; Xiaohui Zeng; Xinshuo Weng; Yan Wang; Yifan Ding; Yulong Cao; Yunfei Shi; Yunxiang Mao; Yurong You; Yuxiao Chen; Zhenghao Peng; Zhijian Liu,2511.00088v2: Alpamayo-R1: Bridging Reasoning and Action Prediction for Generalizable Autonomous Driving in the Long Tail,https://github.com/BorisIvanovic,,,,,,145156173.0,,36.0,5550.0,,https://www.google.com/search?q=site%3Alinkedin.com/in%20%22Boris%20Ivanovic%22,NVIDIA
Marco Pavone,1,:; Boris Ivanovic; Boyi Li; Dongran Liu; Ed Schmerling; Eric Yang; Greg Heinrich; Jack Huang; Jason Lu; Jenna Diamond; Junjie Bai; Ke Chen; Langechuan Liu; Liang Feng; Lindsey Pavao; Mike Ranzinger; Ming-Yu Liu; NVIDIA; Pavlo Molchanov; Peter Karkus; Pinyi Li; Ran Tian; Sarah Tariq; Shida Shen; Tianjun Xiao; Tilman Wekel; Tong Che; Tsung-Yi Lin; Wenhao Ding; Wenjie Luo; Wenyuan Zhang; Xiaodong Yang; Xiaohui Zeng; Xinshuo Weng; Yan Wang; Yifan Ding; Yulong Cao; Yunfei Shi; Yunxiang Mao; Yurong You; Yuxiao Chen; Zhenghao Peng; Zhijian Liu,2511.00088v2: Alpamayo-R1: Bridging Reasoning and Action Prediction for Generalizable Autonomous Driving in the Long Tail,https://github.com/marco-pavone,,,,,,2284686437.0,,3.0,79.0,,https://www.google.com/search?q=site%3Alinkedin.com/in%20%22Marco%20Pavone%22,NVIDIA
Johan Bjorck,1,":; Ajay Mandlekar; Ao Zhang; Avnish Narayan; Dieter Fox; Edith Llontop; Fengyuan Hu; Fernando Castañeda; Guanzhi Wang; Guilin Liu; Hao Zhang; Jan Kautz; Jiannan Xiang; Jing Wang; Joel Jang; Kaushil Kundalia; Kevin Lin; Lawrence Lao; Linxi ""Jim"" Fan; Loic Magne; NVIDIA; Nikita Cherniadev; Qi Wang; Ruijie Zheng; Runyu Ding; Scott Reed; Seonghyeon Ye; Soroush Nasiriany; Spencer Huang; Xingye Da; Yinzhen Xu; Yizhou Zhao; You Liang Tan; Yu Fang; Yuke Zhu; Yuqi Xie; Zhenjia Xu; Zhenyu Jiang; Zhiding Yu; Zhiqi Li; Zongyu Lin; Zu Wang",2503.14734v2: GR00T N1: An Open Foundation Model for Generalist Humanoid Robots,https://github.com/johanbjorck,,,,,,2324500555.0,,,,,https://www.google.com/search?q=site%3Alinkedin.com/in%20%22Johan%20Bjorck%22,NVIDIA; VLA
Fernando Castañeda,1,":; Ajay Mandlekar; Ao Zhang; Avnish Narayan; Dieter Fox; Edith Llontop; Fengyuan Hu; Guanzhi Wang; Guilin Liu; Hao Zhang; Jan Kautz; Jiannan Xiang; Jing Wang; Joel Jang; Johan Bjorck; Kaushil Kundalia; Kevin Lin; Lawrence Lao; Linxi ""Jim"" Fan; Loic Magne; NVIDIA; Nikita Cherniadev; Qi Wang; Ruijie Zheng; Runyu Ding; Scott Reed; Seonghyeon Ye; Soroush Nasiriany; Spencer Huang; Xingye Da; Yinzhen Xu; Yizhou Zhao; You Liang Tan; Yu Fang; Yuke Zhu; Yuqi Xie; Zhenjia Xu; Zhenyu Jiang; Zhiding Yu; Zhiqi Li; Zongyu Lin; Zu Wang",2503.14734v2: GR00T N1: An Open Foundation Model for Generalist Humanoid Robots,https://github.com/LFernandoSC,,,,,,2071778901.0,,1.0,1.0,,https://www.google.com/search?q=site%3Alinkedin.com/in%20%22Fernando%20Casta%C3%B1eda%22,NVIDIA; VLA
Nikita Cherniadev,1,":; Ajay Mandlekar; Ao Zhang; Avnish Narayan; Dieter Fox; Edith Llontop; Fengyuan Hu; Fernando Castañeda; Guanzhi Wang; Guilin Liu; Hao Zhang; Jan Kautz; Jiannan Xiang; Jing Wang; Joel Jang; Johan Bjorck; Kaushil Kundalia; Kevin Lin; Lawrence Lao; Linxi ""Jim"" Fan; Loic Magne; NVIDIA; Qi Wang; Ruijie Zheng; Runyu Ding; Scott Reed; Seonghyeon Ye; Soroush Nasiriany; Spencer Huang; Xingye Da; Yinzhen Xu; Yizhou Zhao; You Liang Tan; Yu Fang; Yuke Zhu; Yuqi Xie; Zhenjia Xu; Zhenyu Jiang; Zhiding Yu; Zhiqi Li; Zongyu Lin; Zu Wang",2503.14734v2: GR00T N1: An Open Foundation Model for Generalist Humanoid Robots,https://github.com/chernyadev,,,,,,2350861671.0,,1.0,874.0,,https://www.google.com/search?q=site%3Alinkedin.com/in%20%22Nikita%20Cherniadev%22,NVIDIA; VLA
Xingye Da,1,":; Ajay Mandlekar; Ao Zhang; Avnish Narayan; Dieter Fox; Edith Llontop; Fengyuan Hu; Fernando Castañeda; Guanzhi Wang; Guilin Liu; Hao Zhang; Jan Kautz; Jiannan Xiang; Jing Wang; Joel Jang; Johan Bjorck; Kaushil Kundalia; Kevin Lin; Lawrence Lao; Linxi ""Jim"" Fan; Loic Magne; NVIDIA; Nikita Cherniadev; Qi Wang; Ruijie Zheng; Runyu Ding; Scott Reed; Seonghyeon Ye; Soroush Nasiriany; Spencer Huang; Yinzhen Xu; Yizhou Zhao; You Liang Tan; Yu Fang; Yuke Zhu; Yuqi Xie; Zhenjia Xu; Zhenyu Jiang; Zhiding Yu; Zhiqi Li; Zongyu Lin; Zu Wang",2503.14734v2: GR00T N1: An Open Foundation Model for Generalist Humanoid Robots,,,,,,,3438204.0,,11.0,892.0,,https://www.google.com/search?q=site%3Alinkedin.com/in%20%22Xingye%20Da%22,NVIDIA; VLA
Runyu Ding,1,":; Ajay Mandlekar; Ao Zhang; Avnish Narayan; Dieter Fox; Edith Llontop; Fengyuan Hu; Fernando Castañeda; Guanzhi Wang; Guilin Liu; Hao Zhang; Jan Kautz; Jiannan Xiang; Jing Wang; Joel Jang; Johan Bjorck; Kaushil Kundalia; Kevin Lin; Lawrence Lao; Linxi ""Jim"" Fan; Loic Magne; NVIDIA; Nikita Cherniadev; Qi Wang; Ruijie Zheng; Scott Reed; Seonghyeon Ye; Soroush Nasiriany; Spencer Huang; Xingye Da; Yinzhen Xu; Yizhou Zhao; You Liang Tan; Yu Fang; Yuke Zhu; Yuqi Xie; Zhenjia Xu; Zhenyu Jiang; Zhiding Yu; Zhiqi Li; Zongyu Lin; Zu Wang",2503.14734v2: GR00T N1: An Open Foundation Model for Generalist Humanoid Robots,https://github.com/Dingry,,,,,,2316564055.0,,2.0,85.0,,https://www.google.com/search?q=site%3Alinkedin.com/in%20%22Runyu%20Ding%22,NVIDIA; VLA
"Linxi ""Jim"" Fan",1,:; Ajay Mandlekar; Ao Zhang; Avnish Narayan; Dieter Fox; Edith Llontop; Fengyuan Hu; Fernando Castañeda; Guanzhi Wang; Guilin Liu; Hao Zhang; Jan Kautz; Jiannan Xiang; Jing Wang; Joel Jang; Johan Bjorck; Kaushil Kundalia; Kevin Lin; Lawrence Lao; Loic Magne; NVIDIA; Nikita Cherniadev; Qi Wang; Ruijie Zheng; Runyu Ding; Scott Reed; Seonghyeon Ye; Soroush Nasiriany; Spencer Huang; Xingye Da; Yinzhen Xu; Yizhou Zhao; You Liang Tan; Yu Fang; Yuke Zhu; Yuqi Xie; Zhenjia Xu; Zhenyu Jiang; Zhiding Yu; Zhiqi Li; Zongyu Lin; Zu Wang,2503.14734v2: GR00T N1: An Open Foundation Model for Generalist Humanoid Robots,,,,,,,2257381161.0,,18.0,2509.0,,https://www.google.com/search?q=site%3Alinkedin.com/in%20%22Linxi%20%22Jim%22%20Fan%22,NVIDIA; VLA
Yu Fang,1,":; Ajay Mandlekar; Ao Zhang; Avnish Narayan; Dieter Fox; Edith Llontop; Fengyuan Hu; Fernando Castañeda; Guanzhi Wang; Guilin Liu; Hao Zhang; Jan Kautz; Jiannan Xiang; Jing Wang; Joel Jang; Johan Bjorck; Kaushil Kundalia; Kevin Lin; Lawrence Lao; Linxi ""Jim"" Fan; Loic Magne; NVIDIA; Nikita Cherniadev; Qi Wang; Ruijie Zheng; Runyu Ding; Scott Reed; Seonghyeon Ye; Soroush Nasiriany; Spencer Huang; Xingye Da; Yinzhen Xu; Yizhou Zhao; You Liang Tan; Yuke Zhu; Yuqi Xie; Zhenjia Xu; Zhenyu Jiang; Zhiding Yu; Zhiqi Li; Zongyu Lin; Zu Wang",2503.14734v2: GR00T N1: An Open Foundation Model for Generalist Humanoid Robots,https://github.com/ufangYang,,,,,,2155387109.0,,2.0,15.0,,https://www.google.com/search?q=site%3Alinkedin.com/in%20%22Yu%20Fang%22,NVIDIA; VLA
Fengyuan Hu,1,":; Ajay Mandlekar; Ao Zhang; Avnish Narayan; Dieter Fox; Edith Llontop; Fernando Castañeda; Guanzhi Wang; Guilin Liu; Hao Zhang; Jan Kautz; Jiannan Xiang; Jing Wang; Joel Jang; Johan Bjorck; Kaushil Kundalia; Kevin Lin; Lawrence Lao; Linxi ""Jim"" Fan; Loic Magne; NVIDIA; Nikita Cherniadev; Qi Wang; Ruijie Zheng; Runyu Ding; Scott Reed; Seonghyeon Ye; Soroush Nasiriany; Spencer Huang; Xingye Da; Yinzhen Xu; Yizhou Zhao; You Liang Tan; Yu Fang; Yuke Zhu; Yuqi Xie; Zhenjia Xu; Zhenyu Jiang; Zhiding Yu; Zhiqi Li; Zongyu Lin; Zu Wang",2503.14734v2: GR00T N1: An Open Foundation Model for Generalist Humanoid Robots,https://github.com/HuFY-dev,,,,,,2064992371.0,,2.0,9.0,,https://www.google.com/search?q=site%3Alinkedin.com/in%20%22Fengyuan%20Hu%22,NVIDIA; VLA
Spencer Huang,1,":; Ajay Mandlekar; Ao Zhang; Avnish Narayan; Dieter Fox; Edith Llontop; Fengyuan Hu; Fernando Castañeda; Guanzhi Wang; Guilin Liu; Hao Zhang; Jan Kautz; Jiannan Xiang; Jing Wang; Joel Jang; Johan Bjorck; Kaushil Kundalia; Kevin Lin; Lawrence Lao; Linxi ""Jim"" Fan; Loic Magne; NVIDIA; Nikita Cherniadev; Qi Wang; Ruijie Zheng; Runyu Ding; Scott Reed; Seonghyeon Ye; Soroush Nasiriany; Xingye Da; Yinzhen Xu; Yizhou Zhao; You Liang Tan; Yu Fang; Yuke Zhu; Yuqi Xie; Zhenjia Xu; Zhenyu Jiang; Zhiding Yu; Zhiqi Li; Zongyu Lin; Zu Wang",2503.14734v2: GR00T N1: An Open Foundation Model for Generalist Humanoid Robots,https://github.com/Spensiir,,,,,,2350990085.0,,5.0,1144.0,,https://www.google.com/search?q=site%3Alinkedin.com/in%20%22Spencer%20Huang%22,NVIDIA; VLA
Joel Jang,1,":; Ajay Mandlekar; Ao Zhang; Avnish Narayan; Dieter Fox; Edith Llontop; Fengyuan Hu; Fernando Castañeda; Guanzhi Wang; Guilin Liu; Hao Zhang; Jan Kautz; Jiannan Xiang; Jing Wang; Johan Bjorck; Kaushil Kundalia; Kevin Lin; Lawrence Lao; Linxi ""Jim"" Fan; Loic Magne; NVIDIA; Nikita Cherniadev; Qi Wang; Ruijie Zheng; Runyu Ding; Scott Reed; Seonghyeon Ye; Soroush Nasiriany; Spencer Huang; Xingye Da; Yinzhen Xu; Yizhou Zhao; You Liang Tan; Yu Fang; Yuke Zhu; Yuqi Xie; Zhenjia Xu; Zhenyu Jiang; Zhiding Yu; Zhiqi Li; Zongyu Lin; Zu Wang",2503.14734v2: GR00T N1: An Open Foundation Model for Generalist Humanoid Robots,https://github.com/joeljang,,,,,,2333419032.0,,11.0,1736.0,,https://www.google.com/search?q=site%3Alinkedin.com/in%20%22Joel%20Jang%22,NVIDIA; VLA
Zhenyu Jiang,1,":; Ajay Mandlekar; Ao Zhang; Avnish Narayan; Dieter Fox; Edith Llontop; Fengyuan Hu; Fernando Castañeda; Guanzhi Wang; Guilin Liu; Hao Zhang; Jan Kautz; Jiannan Xiang; Jing Wang; Joel Jang; Johan Bjorck; Kaushil Kundalia; Kevin Lin; Lawrence Lao; Linxi ""Jim"" Fan; Loic Magne; NVIDIA; Nikita Cherniadev; Qi Wang; Ruijie Zheng; Runyu Ding; Scott Reed; Seonghyeon Ye; Soroush Nasiriany; Spencer Huang; Xingye Da; Yinzhen Xu; Yizhou Zhao; You Liang Tan; Yu Fang; Yuke Zhu; Yuqi Xie; Zhenjia Xu; Zhiding Yu; Zhiqi Li; Zongyu Lin; Zu Wang",2503.14734v2: GR00T N1: An Open Foundation Model for Generalist Humanoid Robots,https://github.com/vincentjzy,,,,,,1515853164.0,,11.0,393.0,,https://www.google.com/search?q=site%3Alinkedin.com/in%20%22Zhenyu%20Jiang%22,NVIDIA; VLA
Jan Kautz,1,":; Ajay Mandlekar; Ao Zhang; Avnish Narayan; Dieter Fox; Edith Llontop; Fengyuan Hu; Fernando Castañeda; Guanzhi Wang; Guilin Liu; Hao Zhang; Jiannan Xiang; Jing Wang; Joel Jang; Johan Bjorck; Kaushil Kundalia; Kevin Lin; Lawrence Lao; Linxi ""Jim"" Fan; Loic Magne; NVIDIA; Nikita Cherniadev; Qi Wang; Ruijie Zheng; Runyu Ding; Scott Reed; Seonghyeon Ye; Soroush Nasiriany; Spencer Huang; Xingye Da; Yinzhen Xu; Yizhou Zhao; You Liang Tan; Yu Fang; Yuke Zhu; Yuqi Xie; Zhenjia Xu; Zhenyu Jiang; Zhiding Yu; Zhiqi Li; Zongyu Lin; Zu Wang",2503.14734v2: GR00T N1: An Open Foundation Model for Generalist Humanoid Robots,,,,,,,2376331470.0,,1.0,102.0,,https://www.google.com/search?q=site%3Alinkedin.com/in%20%22Jan%20Kautz%22,NVIDIA; VLA
Kaushil Kundalia,1,":; Ajay Mandlekar; Ao Zhang; Avnish Narayan; Dieter Fox; Edith Llontop; Fengyuan Hu; Fernando Castañeda; Guanzhi Wang; Guilin Liu; Hao Zhang; Jan Kautz; Jiannan Xiang; Jing Wang; Joel Jang; Johan Bjorck; Kevin Lin; Lawrence Lao; Linxi ""Jim"" Fan; Loic Magne; NVIDIA; Nikita Cherniadev; Qi Wang; Ruijie Zheng; Runyu Ding; Scott Reed; Seonghyeon Ye; Soroush Nasiriany; Spencer Huang; Xingye Da; Yinzhen Xu; Yizhou Zhao; You Liang Tan; Yu Fang; Yuke Zhu; Yuqi Xie; Zhenjia Xu; Zhenyu Jiang; Zhiding Yu; Zhiqi Li; Zongyu Lin; Zu Wang",2503.14734v2: GR00T N1: An Open Foundation Model for Generalist Humanoid Robots,https://github.com/kaushil24,,,,,,1471804481.0,,5.0,1133.0,,https://www.google.com/search?q=site%3Alinkedin.com/in%20%22Kaushil%20Kundalia%22,NVIDIA; VLA
Lawrence Lao,1,":; Ajay Mandlekar; Ao Zhang; Avnish Narayan; Dieter Fox; Edith Llontop; Fengyuan Hu; Fernando Castañeda; Guanzhi Wang; Guilin Liu; Hao Zhang; Jan Kautz; Jiannan Xiang; Jing Wang; Joel Jang; Johan Bjorck; Kaushil Kundalia; Kevin Lin; Linxi ""Jim"" Fan; Loic Magne; NVIDIA; Nikita Cherniadev; Qi Wang; Ruijie Zheng; Runyu Ding; Scott Reed; Seonghyeon Ye; Soroush Nasiriany; Spencer Huang; Xingye Da; Yinzhen Xu; Yizhou Zhao; You Liang Tan; Yu Fang; Yuke Zhu; Yuqi Xie; Zhenjia Xu; Zhenyu Jiang; Zhiding Yu; Zhiqi Li; Zongyu Lin; Zu Wang",2503.14734v2: GR00T N1: An Open Foundation Model for Generalist Humanoid Robots,https://github.com/lawrencelao,,,,,,2350862410.0,,1.0,874.0,,https://www.google.com/search?q=site%3Alinkedin.com/in%20%22Lawrence%20Lao%22,NVIDIA; VLA
Zhiqi Li,1,":; Ajay Mandlekar; Ao Zhang; Avnish Narayan; Dieter Fox; Edith Llontop; Fengyuan Hu; Fernando Castañeda; Guanzhi Wang; Guilin Liu; Hao Zhang; Jan Kautz; Jiannan Xiang; Jing Wang; Joel Jang; Johan Bjorck; Kaushil Kundalia; Kevin Lin; Lawrence Lao; Linxi ""Jim"" Fan; Loic Magne; NVIDIA; Nikita Cherniadev; Qi Wang; Ruijie Zheng; Runyu Ding; Scott Reed; Seonghyeon Ye; Soroush Nasiriany; Spencer Huang; Xingye Da; Yinzhen Xu; Yizhou Zhao; You Liang Tan; Yu Fang; Yuke Zhu; Yuqi Xie; Zhenjia Xu; Zhenyu Jiang; Zhiding Yu; Zongyu Lin; Zu Wang",2503.14734v2: GR00T N1: An Open Foundation Model for Generalist Humanoid Robots,https://github.com/lizhiqi49,,,,,,49010916.0,,6.0,127.0,,https://www.google.com/search?q=site%3Alinkedin.com/in%20%22Zhiqi%20Li%22,NVIDIA; VLA
Zongyu Lin,1,":; Ajay Mandlekar; Ao Zhang; Avnish Narayan; Dieter Fox; Edith Llontop; Fengyuan Hu; Fernando Castañeda; Guanzhi Wang; Guilin Liu; Hao Zhang; Jan Kautz; Jiannan Xiang; Jing Wang; Joel Jang; Johan Bjorck; Kaushil Kundalia; Kevin Lin; Lawrence Lao; Linxi ""Jim"" Fan; Loic Magne; NVIDIA; Nikita Cherniadev; Qi Wang; Ruijie Zheng; Runyu Ding; Scott Reed; Seonghyeon Ye; Soroush Nasiriany; Spencer Huang; Xingye Da; Yinzhen Xu; Yizhou Zhao; You Liang Tan; Yu Fang; Yuke Zhu; Yuqi Xie; Zhenjia Xu; Zhenyu Jiang; Zhiding Yu; Zhiqi Li; Zu Wang",2503.14734v2: GR00T N1: An Open Foundation Model for Generalist Humanoid Robots,,,,,,,2112337076.0,,5.0,94.0,,https://www.google.com/search?q=site%3Alinkedin.com/in%20%22Zongyu%20Lin%22,NVIDIA; VLA
Kevin Lin,1,":; Ajay Mandlekar; Ao Zhang; Avnish Narayan; Dieter Fox; Edith Llontop; Fengyuan Hu; Fernando Castañeda; Guanzhi Wang; Guilin Liu; Hao Zhang; Jan Kautz; Jiannan Xiang; Jing Wang; Joel Jang; Johan Bjorck; Kaushil Kundalia; Lawrence Lao; Linxi ""Jim"" Fan; Loic Magne; NVIDIA; Nikita Cherniadev; Qi Wang; Ruijie Zheng; Runyu Ding; Scott Reed; Seonghyeon Ye; Soroush Nasiriany; Spencer Huang; Xingye Da; Yinzhen Xu; Yizhou Zhao; You Liang Tan; Yu Fang; Yuke Zhu; Yuqi Xie; Zhenjia Xu; Zhenyu Jiang; Zhiding Yu; Zhiqi Li; Zongyu Lin; Zu Wang",2503.14734v2: GR00T N1: An Open Foundation Model for Generalist Humanoid Robots,https://github.com/kevinslin,,,,,,2351409697.0,,4.0,115.0,,https://www.google.com/search?q=site%3Alinkedin.com/in%20%22Kevin%20Lin%22,NVIDIA; VLA
Guilin Liu,1,":; Ajay Mandlekar; Ao Zhang; Avnish Narayan; Dieter Fox; Edith Llontop; Fengyuan Hu; Fernando Castañeda; Guanzhi Wang; Hao Zhang; Jan Kautz; Jiannan Xiang; Jing Wang; Joel Jang; Johan Bjorck; Kaushil Kundalia; Kevin Lin; Lawrence Lao; Linxi ""Jim"" Fan; Loic Magne; NVIDIA; Nikita Cherniadev; Qi Wang; Ruijie Zheng; Runyu Ding; Scott Reed; Seonghyeon Ye; Soroush Nasiriany; Spencer Huang; Xingye Da; Yinzhen Xu; Yizhou Zhao; You Liang Tan; Yu Fang; Yuke Zhu; Yuqi Xie; Zhenjia Xu; Zhenyu Jiang; Zhiding Yu; Zhiqi Li; Zongyu Lin; Zu Wang",2503.14734v2: GR00T N1: An Open Foundation Model for Generalist Humanoid Robots,https://github.com/laugolin,,,,,,2116295556.0,,5.0,64.0,,https://www.google.com/search?q=site%3Alinkedin.com/in%20%22Guilin%20Liu%22,NVIDIA; VLA
Edith Llontop,1,":; Ajay Mandlekar; Ao Zhang; Avnish Narayan; Dieter Fox; Fengyuan Hu; Fernando Castañeda; Guanzhi Wang; Guilin Liu; Hao Zhang; Jan Kautz; Jiannan Xiang; Jing Wang; Joel Jang; Johan Bjorck; Kaushil Kundalia; Kevin Lin; Lawrence Lao; Linxi ""Jim"" Fan; Loic Magne; NVIDIA; Nikita Cherniadev; Qi Wang; Ruijie Zheng; Runyu Ding; Scott Reed; Seonghyeon Ye; Soroush Nasiriany; Spencer Huang; Xingye Da; Yinzhen Xu; Yizhou Zhao; You Liang Tan; Yu Fang; Yuke Zhu; Yuqi Xie; Zhenjia Xu; Zhenyu Jiang; Zhiding Yu; Zhiqi Li; Zongyu Lin; Zu Wang",2503.14734v2: GR00T N1: An Open Foundation Model for Generalist Humanoid Robots,https://github.com/ellontop,,,,,,2192605890.0,,4.0,945.0,,https://www.google.com/search?q=site%3Alinkedin.com/in%20%22Edith%20Llontop%22,NVIDIA; VLA
Loic Magne,1,":; Ajay Mandlekar; Ao Zhang; Avnish Narayan; Dieter Fox; Edith Llontop; Fengyuan Hu; Fernando Castañeda; Guanzhi Wang; Guilin Liu; Hao Zhang; Jan Kautz; Jiannan Xiang; Jing Wang; Joel Jang; Johan Bjorck; Kaushil Kundalia; Kevin Lin; Lawrence Lao; Linxi ""Jim"" Fan; NVIDIA; Nikita Cherniadev; Qi Wang; Ruijie Zheng; Runyu Ding; Scott Reed; Seonghyeon Ye; Soroush Nasiriany; Spencer Huang; Xingye Da; Yinzhen Xu; Yizhou Zhao; You Liang Tan; Yu Fang; Yuke Zhu; Yuqi Xie; Zhenjia Xu; Zhenyu Jiang; Zhiding Yu; Zhiqi Li; Zongyu Lin; Zu Wang",2503.14734v2: GR00T N1: An Open Foundation Model for Generalist Humanoid Robots,,,,,,,2145265422.0,,3.0,1037.0,,https://www.google.com/search?q=site%3Alinkedin.com/in%20%22Loic%20Magne%22,NVIDIA; VLA
Ajay Mandlekar,1,":; Ao Zhang; Avnish Narayan; Dieter Fox; Edith Llontop; Fengyuan Hu; Fernando Castañeda; Guanzhi Wang; Guilin Liu; Hao Zhang; Jan Kautz; Jiannan Xiang; Jing Wang; Joel Jang; Johan Bjorck; Kaushil Kundalia; Kevin Lin; Lawrence Lao; Linxi ""Jim"" Fan; Loic Magne; NVIDIA; Nikita Cherniadev; Qi Wang; Ruijie Zheng; Runyu Ding; Scott Reed; Seonghyeon Ye; Soroush Nasiriany; Spencer Huang; Xingye Da; Yinzhen Xu; Yizhou Zhao; You Liang Tan; Yu Fang; Yuke Zhu; Yuqi Xie; Zhenjia Xu; Zhenyu Jiang; Zhiding Yu; Zhiqi Li; Zongyu Lin; Zu Wang",2503.14734v2: GR00T N1: An Open Foundation Model for Generalist Humanoid Robots,,,,,,,49686756.0,,36.0,9354.0,,https://www.google.com/search?q=site%3Alinkedin.com/in%20%22Ajay%20Mandlekar%22,NVIDIA; VLA
Avnish Narayan,1,":; Ajay Mandlekar; Ao Zhang; Dieter Fox; Edith Llontop; Fengyuan Hu; Fernando Castañeda; Guanzhi Wang; Guilin Liu; Hao Zhang; Jan Kautz; Jiannan Xiang; Jing Wang; Joel Jang; Johan Bjorck; Kaushil Kundalia; Kevin Lin; Lawrence Lao; Linxi ""Jim"" Fan; Loic Magne; NVIDIA; Nikita Cherniadev; Qi Wang; Ruijie Zheng; Runyu Ding; Scott Reed; Seonghyeon Ye; Soroush Nasiriany; Spencer Huang; Xingye Da; Yinzhen Xu; Yizhou Zhao; You Liang Tan; Yu Fang; Yuke Zhu; Yuqi Xie; Zhenjia Xu; Zhenyu Jiang; Zhiding Yu; Zhiqi Li; Zongyu Lin; Zu Wang",2503.14734v2: GR00T N1: An Open Foundation Model for Generalist Humanoid Robots,https://github.com/avnishn,,,,,,,,,,,https://www.google.com/search?q=site%3Alinkedin.com/in%20%22Avnish%20Narayan%22,NVIDIA; VLA
Soroush Nasiriany,1,":; Ajay Mandlekar; Ao Zhang; Avnish Narayan; Dieter Fox; Edith Llontop; Fengyuan Hu; Fernando Castañeda; Guanzhi Wang; Guilin Liu; Hao Zhang; Jan Kautz; Jiannan Xiang; Jing Wang; Joel Jang; Johan Bjorck; Kaushil Kundalia; Kevin Lin; Lawrence Lao; Linxi ""Jim"" Fan; Loic Magne; NVIDIA; Nikita Cherniadev; Qi Wang; Ruijie Zheng; Runyu Ding; Scott Reed; Seonghyeon Ye; Spencer Huang; Xingye Da; Yinzhen Xu; Yizhou Zhao; You Liang Tan; Yu Fang; Yuke Zhu; Yuqi Xie; Zhenjia Xu; Zhenyu Jiang; Zhiding Yu; Zhiqi Li; Zongyu Lin; Zu Wang",2503.14734v2: GR00T N1: An Open Foundation Model for Generalist Humanoid Robots,https://github.com/snasiriany,,,,,,3457048.0,,18.0,5651.0,,https://www.google.com/search?q=site%3Alinkedin.com/in%20%22Soroush%20Nasiriany%22,NVIDIA; VLA
Scott Reed,1,":; Ajay Mandlekar; Ao Zhang; Avnish Narayan; Dieter Fox; Edith Llontop; Fengyuan Hu; Fernando Castañeda; Guanzhi Wang; Guilin Liu; Hao Zhang; Jan Kautz; Jiannan Xiang; Jing Wang; Joel Jang; Johan Bjorck; Kaushil Kundalia; Kevin Lin; Lawrence Lao; Linxi ""Jim"" Fan; Loic Magne; NVIDIA; Nikita Cherniadev; Qi Wang; Ruijie Zheng; Runyu Ding; Seonghyeon Ye; Soroush Nasiriany; Spencer Huang; Xingye Da; Yinzhen Xu; Yizhou Zhao; You Liang Tan; Yu Fang; Yuke Zhu; Yuqi Xie; Zhenjia Xu; Zhenyu Jiang; Zhiding Yu; Zhiqi Li; Zongyu Lin; Zu Wang",2503.14734v2: GR00T N1: An Open Foundation Model for Generalist Humanoid Robots,https://github.com/scottd3v,,,,,,36486171.0,,9.0,304.0,,https://www.google.com/search?q=site%3Alinkedin.com/in%20%22Scott%20Reed%22,NVIDIA; VLA
You Liang Tan,1,":; Ajay Mandlekar; Ao Zhang; Avnish Narayan; Dieter Fox; Edith Llontop; Fengyuan Hu; Fernando Castañeda; Guanzhi Wang; Guilin Liu; Hao Zhang; Jan Kautz; Jiannan Xiang; Jing Wang; Joel Jang; Johan Bjorck; Kaushil Kundalia; Kevin Lin; Lawrence Lao; Linxi ""Jim"" Fan; Loic Magne; NVIDIA; Nikita Cherniadev; Qi Wang; Ruijie Zheng; Runyu Ding; Scott Reed; Seonghyeon Ye; Soroush Nasiriany; Spencer Huang; Xingye Da; Yinzhen Xu; Yizhou Zhao; Yu Fang; Yuke Zhu; Yuqi Xie; Zhenjia Xu; Zhenyu Jiang; Zhiding Yu; Zhiqi Li; Zongyu Lin; Zu Wang",2503.14734v2: GR00T N1: An Open Foundation Model for Generalist Humanoid Robots,,,,,,,2243444193.0,,2.0,20.0,,https://www.google.com/search?q=site%3Alinkedin.com/in%20%22You%20Liang%20Tan%22,NVIDIA; VLA
Guanzhi Wang,1,":; Ajay Mandlekar; Ao Zhang; Avnish Narayan; Dieter Fox; Edith Llontop; Fengyuan Hu; Fernando Castañeda; Guilin Liu; Hao Zhang; Jan Kautz; Jiannan Xiang; Jing Wang; Joel Jang; Johan Bjorck; Kaushil Kundalia; Kevin Lin; Lawrence Lao; Linxi ""Jim"" Fan; Loic Magne; NVIDIA; Nikita Cherniadev; Qi Wang; Ruijie Zheng; Runyu Ding; Scott Reed; Seonghyeon Ye; Soroush Nasiriany; Spencer Huang; Xingye Da; Yinzhen Xu; Yizhou Zhao; You Liang Tan; Yu Fang; Yuke Zhu; Yuqi Xie; Zhenjia Xu; Zhenyu Jiang; Zhiding Yu; Zhiqi Li; Zongyu Lin; Zu Wang",2503.14734v2: GR00T N1: An Open Foundation Model for Generalist Humanoid Robots,https://github.com/guanzhi-wang,,,,,,2440386596.0,,,,,https://www.google.com/search?q=site%3Alinkedin.com/in%20%22Guanzhi%20Wang%22,NVIDIA; VLA
Zu Wang,1,":; Ajay Mandlekar; Ao Zhang; Avnish Narayan; Dieter Fox; Edith Llontop; Fengyuan Hu; Fernando Castañeda; Guanzhi Wang; Guilin Liu; Hao Zhang; Jan Kautz; Jiannan Xiang; Jing Wang; Joel Jang; Johan Bjorck; Kaushil Kundalia; Kevin Lin; Lawrence Lao; Linxi ""Jim"" Fan; Loic Magne; NVIDIA; Nikita Cherniadev; Qi Wang; Ruijie Zheng; Runyu Ding; Scott Reed; Seonghyeon Ye; Soroush Nasiriany; Spencer Huang; Xingye Da; Yinzhen Xu; Yizhou Zhao; You Liang Tan; Yu Fang; Yuke Zhu; Yuqi Xie; Zhenjia Xu; Zhenyu Jiang; Zhiding Yu; Zhiqi Li; Zongyu Lin",2503.14734v2: GR00T N1: An Open Foundation Model for Generalist Humanoid Robots,https://github.com/ZuWang95,,,,,,66733209.0,,3.0,21.0,,https://www.google.com/search?q=site%3Alinkedin.com/in%20%22Zu%20Wang%22,NVIDIA; VLA
Jing Wang,1,":; Ajay Mandlekar; Ao Zhang; Avnish Narayan; Dieter Fox; Edith Llontop; Fengyuan Hu; Fernando Castañeda; Guanzhi Wang; Guilin Liu; Hao Zhang; Jan Kautz; Jiannan Xiang; Joel Jang; Johan Bjorck; Kaushil Kundalia; Kevin Lin; Lawrence Lao; Linxi ""Jim"" Fan; Loic Magne; NVIDIA; Nikita Cherniadev; Qi Wang; Ruijie Zheng; Runyu Ding; Scott Reed; Seonghyeon Ye; Soroush Nasiriany; Spencer Huang; Xingye Da; Yinzhen Xu; Yizhou Zhao; You Liang Tan; Yu Fang; Yuke Zhu; Yuqi Xie; Zhenjia Xu; Zhenyu Jiang; Zhiding Yu; Zhiqi Li; Zongyu Lin; Zu Wang",2503.14734v2: GR00T N1: An Open Foundation Model for Generalist Humanoid Robots,https://github.com/jingwanglab,,,,,,2007617956.0,,4.0,232.0,,https://www.google.com/search?q=site%3Alinkedin.com/in%20%22Jing%20Wang%22,NVIDIA; VLA
Qi Wang,1,":; Ajay Mandlekar; Ao Zhang; Avnish Narayan; Dieter Fox; Edith Llontop; Fengyuan Hu; Fernando Castañeda; Guanzhi Wang; Guilin Liu; Hao Zhang; Jan Kautz; Jiannan Xiang; Jing Wang; Joel Jang; Johan Bjorck; Kaushil Kundalia; Kevin Lin; Lawrence Lao; Linxi ""Jim"" Fan; Loic Magne; NVIDIA; Nikita Cherniadev; Ruijie Zheng; Runyu Ding; Scott Reed; Seonghyeon Ye; Soroush Nasiriany; Spencer Huang; Xingye Da; Yinzhen Xu; Yizhou Zhao; You Liang Tan; Yu Fang; Yuke Zhu; Yuqi Xie; Zhenjia Xu; Zhenyu Jiang; Zhiding Yu; Zhiqi Li; Zongyu Lin; Zu Wang",2503.14734v2: GR00T N1: An Open Foundation Model for Generalist Humanoid Robots,https://github.com/qiwang067,,,,,,2305332095.0,,2.0,291.0,,https://www.google.com/search?q=site%3Alinkedin.com/in%20%22Qi%20Wang%22,NVIDIA; VLA
Jiannan Xiang,1,":; Ajay Mandlekar; Ao Zhang; Avnish Narayan; Dieter Fox; Edith Llontop; Fengyuan Hu; Fernando Castañeda; Guanzhi Wang; Guilin Liu; Hao Zhang; Jan Kautz; Jing Wang; Joel Jang; Johan Bjorck; Kaushil Kundalia; Kevin Lin; Lawrence Lao; Linxi ""Jim"" Fan; Loic Magne; NVIDIA; Nikita Cherniadev; Qi Wang; Ruijie Zheng; Runyu Ding; Scott Reed; Seonghyeon Ye; Soroush Nasiriany; Spencer Huang; Xingye Da; Yinzhen Xu; Yizhou Zhao; You Liang Tan; Yu Fang; Yuke Zhu; Yuqi Xie; Zhenjia Xu; Zhenyu Jiang; Zhiding Yu; Zhiqi Li; Zongyu Lin; Zu Wang",2503.14734v2: GR00T N1: An Open Foundation Model for Generalist Humanoid Robots,https://github.com/szxiangjn,,,,,,2270216896.0,,1.0,91.0,,https://www.google.com/search?q=site%3Alinkedin.com/in%20%22Jiannan%20Xiang%22,NVIDIA; VLA
Yuqi Xie,1,":; Ajay Mandlekar; Ao Zhang; Avnish Narayan; Dieter Fox; Edith Llontop; Fengyuan Hu; Fernando Castañeda; Guanzhi Wang; Guilin Liu; Hao Zhang; Jan Kautz; Jiannan Xiang; Jing Wang; Joel Jang; Johan Bjorck; Kaushil Kundalia; Kevin Lin; Lawrence Lao; Linxi ""Jim"" Fan; Loic Magne; NVIDIA; Nikita Cherniadev; Qi Wang; Ruijie Zheng; Runyu Ding; Scott Reed; Seonghyeon Ye; Soroush Nasiriany; Spencer Huang; Xingye Da; Yinzhen Xu; Yizhou Zhao; You Liang Tan; Yu Fang; Yuke Zhu; Zhenjia Xu; Zhenyu Jiang; Zhiding Yu; Zhiqi Li; Zongyu Lin; Zu Wang",2503.14734v2: GR00T N1: An Open Foundation Model for Generalist Humanoid Robots,https://github.com/Xieyuqi001,,,,,,2118597296.0,,9.0,210.0,,https://www.google.com/search?q=site%3Alinkedin.com/in%20%22Yuqi%20Xie%22,NVIDIA; VLA
Yinzhen Xu,1,":; Ajay Mandlekar; Ao Zhang; Avnish Narayan; Dieter Fox; Edith Llontop; Fengyuan Hu; Fernando Castañeda; Guanzhi Wang; Guilin Liu; Hao Zhang; Jan Kautz; Jiannan Xiang; Jing Wang; Joel Jang; Johan Bjorck; Kaushil Kundalia; Kevin Lin; Lawrence Lao; Linxi ""Jim"" Fan; Loic Magne; NVIDIA; Nikita Cherniadev; Qi Wang; Ruijie Zheng; Runyu Ding; Scott Reed; Seonghyeon Ye; Soroush Nasiriany; Spencer Huang; Xingye Da; Yizhou Zhao; You Liang Tan; Yu Fang; Yuke Zhu; Yuqi Xie; Zhenjia Xu; Zhenyu Jiang; Zhiding Yu; Zhiqi Li; Zongyu Lin; Zu Wang",2503.14734v2: GR00T N1: An Open Foundation Model for Generalist Humanoid Robots,,,,,,,2118669951.0,,2.0,25.0,,https://www.google.com/search?q=site%3Alinkedin.com/in%20%22Yinzhen%20Xu%22,NVIDIA; VLA
Zhenjia Xu,1,":; Ajay Mandlekar; Ao Zhang; Avnish Narayan; Dieter Fox; Edith Llontop; Fengyuan Hu; Fernando Castañeda; Guanzhi Wang; Guilin Liu; Hao Zhang; Jan Kautz; Jiannan Xiang; Jing Wang; Joel Jang; Johan Bjorck; Kaushil Kundalia; Kevin Lin; Lawrence Lao; Linxi ""Jim"" Fan; Loic Magne; NVIDIA; Nikita Cherniadev; Qi Wang; Ruijie Zheng; Runyu Ding; Scott Reed; Seonghyeon Ye; Soroush Nasiriany; Spencer Huang; Xingye Da; Yinzhen Xu; Yizhou Zhao; You Liang Tan; Yu Fang; Yuke Zhu; Yuqi Xie; Zhenyu Jiang; Zhiding Yu; Zhiqi Li; Zongyu Lin; Zu Wang",2503.14734v2: GR00T N1: An Open Foundation Model for Generalist Humanoid Robots,https://github.com/zhenjia-xu,,,,,,80725767.0,,1.0,4.0,,https://www.google.com/search?q=site%3Alinkedin.com/in%20%22Zhenjia%20Xu%22,NVIDIA; VLA
Seonghyeon Ye,1,":; Ajay Mandlekar; Ao Zhang; Avnish Narayan; Dieter Fox; Edith Llontop; Fengyuan Hu; Fernando Castañeda; Guanzhi Wang; Guilin Liu; Hao Zhang; Jan Kautz; Jiannan Xiang; Jing Wang; Joel Jang; Johan Bjorck; Kaushil Kundalia; Kevin Lin; Lawrence Lao; Linxi ""Jim"" Fan; Loic Magne; NVIDIA; Nikita Cherniadev; Qi Wang; Ruijie Zheng; Runyu Ding; Scott Reed; Soroush Nasiriany; Spencer Huang; Xingye Da; Yinzhen Xu; Yizhou Zhao; You Liang Tan; Yu Fang; Yuke Zhu; Yuqi Xie; Zhenjia Xu; Zhenyu Jiang; Zhiding Yu; Zhiqi Li; Zongyu Lin; Zu Wang",2503.14734v2: GR00T N1: An Open Foundation Model for Generalist Humanoid Robots,https://github.com/seonghyeonye,,,,,,2313294950.0,,3.0,108.0,,https://www.google.com/search?q=site%3Alinkedin.com/in%20%22Seonghyeon%20Ye%22,NVIDIA; VLA
Zhiding Yu,1,":; Ajay Mandlekar; Ao Zhang; Avnish Narayan; Dieter Fox; Edith Llontop; Fengyuan Hu; Fernando Castañeda; Guanzhi Wang; Guilin Liu; Hao Zhang; Jan Kautz; Jiannan Xiang; Jing Wang; Joel Jang; Johan Bjorck; Kaushil Kundalia; Kevin Lin; Lawrence Lao; Linxi ""Jim"" Fan; Loic Magne; NVIDIA; Nikita Cherniadev; Qi Wang; Ruijie Zheng; Runyu Ding; Scott Reed; Seonghyeon Ye; Soroush Nasiriany; Spencer Huang; Xingye Da; Yinzhen Xu; Yizhou Zhao; You Liang Tan; Yu Fang; Yuke Zhu; Yuqi Xie; Zhenjia Xu; Zhenyu Jiang; Zhiqi Li; Zongyu Lin; Zu Wang",2503.14734v2: GR00T N1: An Open Foundation Model for Generalist Humanoid Robots,https://github.com/Chrisding,,,,,,2118174585.0,,1.0,8.0,,https://www.google.com/search?q=site%3Alinkedin.com/in%20%22Zhiding%20Yu%22,NVIDIA; VLA
Ao Zhang,1,":; Ajay Mandlekar; Avnish Narayan; Dieter Fox; Edith Llontop; Fengyuan Hu; Fernando Castañeda; Guanzhi Wang; Guilin Liu; Hao Zhang; Jan Kautz; Jiannan Xiang; Jing Wang; Joel Jang; Johan Bjorck; Kaushil Kundalia; Kevin Lin; Lawrence Lao; Linxi ""Jim"" Fan; Loic Magne; NVIDIA; Nikita Cherniadev; Qi Wang; Ruijie Zheng; Runyu Ding; Scott Reed; Seonghyeon Ye; Soroush Nasiriany; Spencer Huang; Xingye Da; Yinzhen Xu; Yizhou Zhao; You Liang Tan; Yu Fang; Yuke Zhu; Yuqi Xie; Zhenjia Xu; Zhenyu Jiang; Zhiding Yu; Zhiqi Li; Zongyu Lin; Zu Wang",2503.14734v2: GR00T N1: An Open Foundation Model for Generalist Humanoid Robots,https://github.com/Billyzhang1229,,,,,,2087625323.0,,5.0,104.0,,https://www.google.com/search?q=site%3Alinkedin.com/in%20%22Ao%20Zhang%22,NVIDIA; VLA
Hao Zhang,1,":; Ajay Mandlekar; Ao Zhang; Avnish Narayan; Dieter Fox; Edith Llontop; Fengyuan Hu; Fernando Castañeda; Guanzhi Wang; Guilin Liu; Jan Kautz; Jiannan Xiang; Jing Wang; Joel Jang; Johan Bjorck; Kaushil Kundalia; Kevin Lin; Lawrence Lao; Linxi ""Jim"" Fan; Loic Magne; NVIDIA; Nikita Cherniadev; Qi Wang; Ruijie Zheng; Runyu Ding; Scott Reed; Seonghyeon Ye; Soroush Nasiriany; Spencer Huang; Xingye Da; Yinzhen Xu; Yizhou Zhao; You Liang Tan; Yu Fang; Yuke Zhu; Yuqi Xie; Zhenjia Xu; Zhenyu Jiang; Zhiding Yu; Zhiqi Li; Zongyu Lin; Zu Wang",2503.14734v2: GR00T N1: An Open Foundation Model for Generalist Humanoid Robots,https://github.com/HaoZhang534,,,,,,2374657090.0,,1.0,2.0,,https://www.google.com/search?q=site%3Alinkedin.com/in%20%22Hao%20Zhang%22,NVIDIA; VLA
Yizhou Zhao,1,":; Ajay Mandlekar; Ao Zhang; Avnish Narayan; Dieter Fox; Edith Llontop; Fengyuan Hu; Fernando Castañeda; Guanzhi Wang; Guilin Liu; Hao Zhang; Jan Kautz; Jiannan Xiang; Jing Wang; Joel Jang; Johan Bjorck; Kaushil Kundalia; Kevin Lin; Lawrence Lao; Linxi ""Jim"" Fan; Loic Magne; NVIDIA; Nikita Cherniadev; Qi Wang; Ruijie Zheng; Runyu Ding; Scott Reed; Seonghyeon Ye; Soroush Nasiriany; Spencer Huang; Xingye Da; Yinzhen Xu; You Liang Tan; Yu Fang; Yuke Zhu; Yuqi Xie; Zhenjia Xu; Zhenyu Jiang; Zhiding Yu; Zhiqi Li; Zongyu Lin; Zu Wang",2503.14734v2: GR00T N1: An Open Foundation Model for Generalist Humanoid Robots,https://github.com/yizhouzhao,,,,,,100859046.0,,,,,https://www.google.com/search?q=site%3Alinkedin.com/in%20%22Yizhou%20Zhao%22,NVIDIA; VLA
Ruijie Zheng,1,":; Ajay Mandlekar; Ao Zhang; Avnish Narayan; Dieter Fox; Edith Llontop; Fengyuan Hu; Fernando Castañeda; Guanzhi Wang; Guilin Liu; Hao Zhang; Jan Kautz; Jiannan Xiang; Jing Wang; Joel Jang; Johan Bjorck; Kaushil Kundalia; Kevin Lin; Lawrence Lao; Linxi ""Jim"" Fan; Loic Magne; NVIDIA; Nikita Cherniadev; Qi Wang; Runyu Ding; Scott Reed; Seonghyeon Ye; Soroush Nasiriany; Spencer Huang; Xingye Da; Yinzhen Xu; Yizhou Zhao; You Liang Tan; Yu Fang; Yuke Zhu; Yuqi Xie; Zhenjia Xu; Zhenyu Jiang; Zhiding Yu; Zhiqi Li; Zongyu Lin; Zu Wang",2503.14734v2: GR00T N1: An Open Foundation Model for Generalist Humanoid Robots,https://github.com/ruijiezh67,,,,,,2345931905.0,,9.0,1429.0,,https://www.google.com/search?q=site%3Alinkedin.com/in%20%22Ruijie%20Zheng%22,NVIDIA; VLA
Yuke Zhu,1,":; Ajay Mandlekar; Ao Zhang; Avnish Narayan; Dieter Fox; Edith Llontop; Fengyuan Hu; Fernando Castañeda; Guanzhi Wang; Guilin Liu; Hao Zhang; Jan Kautz; Jiannan Xiang; Jing Wang; Joel Jang; Johan Bjorck; Kaushil Kundalia; Kevin Lin; Lawrence Lao; Linxi ""Jim"" Fan; Loic Magne; NVIDIA; Nikita Cherniadev; Qi Wang; Ruijie Zheng; Runyu Ding; Scott Reed; Seonghyeon Ye; Soroush Nasiriany; Spencer Huang; Xingye Da; Yinzhen Xu; Yizhou Zhao; You Liang Tan; Yu Fang; Yuqi Xie; Zhenjia Xu; Zhenyu Jiang; Zhiding Yu; Zhiqi Li; Zongyu Lin; Zu Wang",2503.14734v2: GR00T N1: An Open Foundation Model for Generalist Humanoid Robots,https://github.com/yukezhu,,,,,,2261935147.0,,6.0,165.0,,https://www.google.com/search?q=site%3Alinkedin.com/in%20%22Yuke%20Zhu%22,NVIDIA; VLA
Niket Agarwal,1,:; Alice Luo; Anqi Li; Arsalan Mousavian; Arslan Ali; Artur Zolkowski; Bartosz Stefaniak; Chen-Hsuan Lin; Daniel Dworakowski; David Page; Despoina Paschalidou; Dieter Fox; Ed Schmerling; Erik Barker; Ethan He; Fangyin Wei; Fitsum Reda; Francesco Ferroni; Gergely Klár; Grace Lam; Hanzi Mao; Hao Wang; Haoxiang Wang; Heng Wang; Huan Ling; Jacob Huffman; Jay Zhangjie Wu; Jiahui Huang; Jiaojiao Fan; Jiashu Xu; Jibin Varghese; Jing Zhang; Jingyi Jin; Jinwei Gu; Kaichun Mo; Laura Leal-Taixe; Lin Yen-Chen; Lindsey Pavao; Lyne Tchapmi; Maciej Bala; Michele Fenzi; Ming-Yu Liu; Morteza Ramezanali; NVIDIA; Pooya Jannaty; Prithvijit Chattopadhyay; Przemek Tredak; Qianli Ma; Qingqing Zhao; Qinsheng Zhang; Sanja Fidler; Seung Wook Kim; Seungjun Nah; Shitao Tang; Shiyi Lan; Siddharth Gururani; Songwei Ge; Sriharsha Niverty; Stella Shi; Tiffany Cai; Ting-Chun Wang; Tsung-Yi Lin; Vasanth Rao Naik Sabavat; Wei Yang; Wei-Cheng Tseng; Xian Liu; Xiaohui Zeng; Xiaowei Ren; Xinyue Wei; Yifan Ding; Yin Cui; Yogesh Balaji; Yongxin Chen; Yu Zeng; Yunhao Ge; Yuxuan Zhang; Zeeshan Patel; Zhaoshuo Li,2501.03575v3: Cosmos World Foundation Model Platform for Physical AI,https://github.com/agarwalniket,,,,,,2338889954.0,,1.0,662.0,,https://www.google.com/search?q=site%3Alinkedin.com/in%20%22Niket%20Agarwal%22,NVIDIA
Arslan Ali,1,:; Alice Luo; Anqi Li; Arsalan Mousavian; Artur Zolkowski; Bartosz Stefaniak; Chen-Hsuan Lin; Daniel Dworakowski; David Page; Despoina Paschalidou; Dieter Fox; Ed Schmerling; Erik Barker; Ethan He; Fangyin Wei; Fitsum Reda; Francesco Ferroni; Gergely Klár; Grace Lam; Hanzi Mao; Hao Wang; Haoxiang Wang; Heng Wang; Huan Ling; Jacob Huffman; Jay Zhangjie Wu; Jiahui Huang; Jiaojiao Fan; Jiashu Xu; Jibin Varghese; Jing Zhang; Jingyi Jin; Jinwei Gu; Kaichun Mo; Laura Leal-Taixe; Lin Yen-Chen; Lindsey Pavao; Lyne Tchapmi; Maciej Bala; Michele Fenzi; Ming-Yu Liu; Morteza Ramezanali; NVIDIA; Niket Agarwal; Pooya Jannaty; Prithvijit Chattopadhyay; Przemek Tredak; Qianli Ma; Qingqing Zhao; Qinsheng Zhang; Sanja Fidler; Seung Wook Kim; Seungjun Nah; Shitao Tang; Shiyi Lan; Siddharth Gururani; Songwei Ge; Sriharsha Niverty; Stella Shi; Tiffany Cai; Ting-Chun Wang; Tsung-Yi Lin; Vasanth Rao Naik Sabavat; Wei Yang; Wei-Cheng Tseng; Xian Liu; Xiaohui Zeng; Xiaowei Ren; Xinyue Wei; Yifan Ding; Yin Cui; Yogesh Balaji; Yongxin Chen; Yu Zeng; Yunhao Ge; Yuxuan Zhang; Zeeshan Patel; Zhaoshuo Li,2501.03575v3: Cosmos World Foundation Model Platform for Physical AI,https://github.com/Marslanali,,,,,,2064641589.0,,2.0,15.0,,https://www.google.com/search?q=site%3Alinkedin.com/in%20%22Arslan%20Ali%22,NVIDIA
Maciej Bala,1,:; Alice Luo; Anqi Li; Arsalan Mousavian; Arslan Ali; Artur Zolkowski; Bartosz Stefaniak; Chen-Hsuan Lin; Daniel Dworakowski; David Page; Despoina Paschalidou; Dieter Fox; Ed Schmerling; Erik Barker; Ethan He; Fangyin Wei; Fitsum Reda; Francesco Ferroni; Gergely Klár; Grace Lam; Hanzi Mao; Hao Wang; Haoxiang Wang; Heng Wang; Huan Ling; Jacob Huffman; Jay Zhangjie Wu; Jiahui Huang; Jiaojiao Fan; Jiashu Xu; Jibin Varghese; Jing Zhang; Jingyi Jin; Jinwei Gu; Kaichun Mo; Laura Leal-Taixe; Lin Yen-Chen; Lindsey Pavao; Lyne Tchapmi; Michele Fenzi; Ming-Yu Liu; Morteza Ramezanali; NVIDIA; Niket Agarwal; Pooya Jannaty; Prithvijit Chattopadhyay; Przemek Tredak; Qianli Ma; Qingqing Zhao; Qinsheng Zhang; Sanja Fidler; Seung Wook Kim; Seungjun Nah; Shitao Tang; Shiyi Lan; Siddharth Gururani; Songwei Ge; Sriharsha Niverty; Stella Shi; Tiffany Cai; Ting-Chun Wang; Tsung-Yi Lin; Vasanth Rao Naik Sabavat; Wei Yang; Wei-Cheng Tseng; Xian Liu; Xiaohui Zeng; Xiaowei Ren; Xinyue Wei; Yifan Ding; Yin Cui; Yogesh Balaji; Yongxin Chen; Yu Zeng; Yunhao Ge; Yuxuan Zhang; Zeeshan Patel; Zhaoshuo Li,2501.03575v3: Cosmos World Foundation Model Platform for Physical AI,,,,,,,2330191272.0,,6.0,960.0,,https://www.google.com/search?q=site%3Alinkedin.com/in%20%22Maciej%20Bala%22,NVIDIA
Yogesh Balaji,1,:; Alice Luo; Anqi Li; Arsalan Mousavian; Arslan Ali; Artur Zolkowski; Bartosz Stefaniak; Chen-Hsuan Lin; Daniel Dworakowski; David Page; Despoina Paschalidou; Dieter Fox; Ed Schmerling; Erik Barker; Ethan He; Fangyin Wei; Fitsum Reda; Francesco Ferroni; Gergely Klár; Grace Lam; Hanzi Mao; Hao Wang; Haoxiang Wang; Heng Wang; Huan Ling; Jacob Huffman; Jay Zhangjie Wu; Jiahui Huang; Jiaojiao Fan; Jiashu Xu; Jibin Varghese; Jing Zhang; Jingyi Jin; Jinwei Gu; Kaichun Mo; Laura Leal-Taixe; Lin Yen-Chen; Lindsey Pavao; Lyne Tchapmi; Maciej Bala; Michele Fenzi; Ming-Yu Liu; Morteza Ramezanali; NVIDIA; Niket Agarwal; Pooya Jannaty; Prithvijit Chattopadhyay; Przemek Tredak; Qianli Ma; Qingqing Zhao; Qinsheng Zhang; Sanja Fidler; Seung Wook Kim; Seungjun Nah; Shitao Tang; Shiyi Lan; Siddharth Gururani; Songwei Ge; Sriharsha Niverty; Stella Shi; Tiffany Cai; Ting-Chun Wang; Tsung-Yi Lin; Vasanth Rao Naik Sabavat; Wei Yang; Wei-Cheng Tseng; Xian Liu; Xiaohui Zeng; Xiaowei Ren; Xinyue Wei; Yifan Ding; Yin Cui; Yongxin Chen; Yu Zeng; Yunhao Ge; Yuxuan Zhang; Zeeshan Patel; Zhaoshuo Li,2501.03575v3: Cosmos World Foundation Model Platform for Physical AI,https://github.com/Yogesh-Balaji12,,,,,,3458479.0,,20.0,4632.0,,https://www.google.com/search?q=site%3Alinkedin.com/in%20%22Yogesh%20Balaji%22,NVIDIA
Erik Barker,1,:; Alice Luo; Anqi Li; Arsalan Mousavian; Arslan Ali; Artur Zolkowski; Bartosz Stefaniak; Chen-Hsuan Lin; Daniel Dworakowski; David Page; Despoina Paschalidou; Dieter Fox; Ed Schmerling; Ethan He; Fangyin Wei; Fitsum Reda; Francesco Ferroni; Gergely Klár; Grace Lam; Hanzi Mao; Hao Wang; Haoxiang Wang; Heng Wang; Huan Ling; Jacob Huffman; Jay Zhangjie Wu; Jiahui Huang; Jiaojiao Fan; Jiashu Xu; Jibin Varghese; Jing Zhang; Jingyi Jin; Jinwei Gu; Kaichun Mo; Laura Leal-Taixe; Lin Yen-Chen; Lindsey Pavao; Lyne Tchapmi; Maciej Bala; Michele Fenzi; Ming-Yu Liu; Morteza Ramezanali; NVIDIA; Niket Agarwal; Pooya Jannaty; Prithvijit Chattopadhyay; Przemek Tredak; Qianli Ma; Qingqing Zhao; Qinsheng Zhang; Sanja Fidler; Seung Wook Kim; Seungjun Nah; Shitao Tang; Shiyi Lan; Siddharth Gururani; Songwei Ge; Sriharsha Niverty; Stella Shi; Tiffany Cai; Ting-Chun Wang; Tsung-Yi Lin; Vasanth Rao Naik Sabavat; Wei Yang; Wei-Cheng Tseng; Xian Liu; Xiaohui Zeng; Xiaowei Ren; Xinyue Wei; Yifan Ding; Yin Cui; Yogesh Balaji; Yongxin Chen; Yu Zeng; Yunhao Ge; Yuxuan Zhang; Zeeshan Patel; Zhaoshuo Li,2501.03575v3: Cosmos World Foundation Model Platform for Physical AI,https://github.com/ErikBarker,,,,,,2338890412.0,,1.0,662.0,,https://www.google.com/search?q=site%3Alinkedin.com/in%20%22Erik%20Barker%22,NVIDIA
Tiffany Cai,1,:; Alice Luo; Anqi Li; Arsalan Mousavian; Arslan Ali; Artur Zolkowski; Bartosz Stefaniak; Chen-Hsuan Lin; Daniel Dworakowski; David Page; Despoina Paschalidou; Dieter Fox; Ed Schmerling; Erik Barker; Ethan He; Fangyin Wei; Fitsum Reda; Francesco Ferroni; Gergely Klár; Grace Lam; Hanzi Mao; Hao Wang; Haoxiang Wang; Heng Wang; Huan Ling; Jacob Huffman; Jay Zhangjie Wu; Jiahui Huang; Jiaojiao Fan; Jiashu Xu; Jibin Varghese; Jing Zhang; Jingyi Jin; Jinwei Gu; Kaichun Mo; Laura Leal-Taixe; Lin Yen-Chen; Lindsey Pavao; Lyne Tchapmi; Maciej Bala; Michele Fenzi; Ming-Yu Liu; Morteza Ramezanali; NVIDIA; Niket Agarwal; Pooya Jannaty; Prithvijit Chattopadhyay; Przemek Tredak; Qianli Ma; Qingqing Zhao; Qinsheng Zhang; Sanja Fidler; Seung Wook Kim; Seungjun Nah; Shitao Tang; Shiyi Lan; Siddharth Gururani; Songwei Ge; Sriharsha Niverty; Stella Shi; Ting-Chun Wang; Tsung-Yi Lin; Vasanth Rao Naik Sabavat; Wei Yang; Wei-Cheng Tseng; Xian Liu; Xiaohui Zeng; Xiaowei Ren; Xinyue Wei; Yifan Ding; Yin Cui; Yogesh Balaji; Yongxin Chen; Yu Zeng; Yunhao Ge; Yuxuan Zhang; Zeeshan Patel; Zhaoshuo Li,2501.03575v3: Cosmos World Foundation Model Platform for Physical AI,https://github.com/tiffany-cai,,,,,,2301313762.0,,2.0,12.0,,https://www.google.com/search?q=site%3Alinkedin.com/in%20%22Tiffany%20Cai%22,NVIDIA
Prithvijit Chattopadhyay,1,:; Alice Luo; Anqi Li; Arsalan Mousavian; Arslan Ali; Artur Zolkowski; Bartosz Stefaniak; Chen-Hsuan Lin; Daniel Dworakowski; David Page; Despoina Paschalidou; Dieter Fox; Ed Schmerling; Erik Barker; Ethan He; Fangyin Wei; Fitsum Reda; Francesco Ferroni; Gergely Klár; Grace Lam; Hanzi Mao; Hao Wang; Haoxiang Wang; Heng Wang; Huan Ling; Jacob Huffman; Jay Zhangjie Wu; Jiahui Huang; Jiaojiao Fan; Jiashu Xu; Jibin Varghese; Jing Zhang; Jingyi Jin; Jinwei Gu; Kaichun Mo; Laura Leal-Taixe; Lin Yen-Chen; Lindsey Pavao; Lyne Tchapmi; Maciej Bala; Michele Fenzi; Ming-Yu Liu; Morteza Ramezanali; NVIDIA; Niket Agarwal; Pooya Jannaty; Przemek Tredak; Qianli Ma; Qingqing Zhao; Qinsheng Zhang; Sanja Fidler; Seung Wook Kim; Seungjun Nah; Shitao Tang; Shiyi Lan; Siddharth Gururani; Songwei Ge; Sriharsha Niverty; Stella Shi; Tiffany Cai; Ting-Chun Wang; Tsung-Yi Lin; Vasanth Rao Naik Sabavat; Wei Yang; Wei-Cheng Tseng; Xian Liu; Xiaohui Zeng; Xiaowei Ren; Xinyue Wei; Yifan Ding; Yin Cui; Yogesh Balaji; Yongxin Chen; Yu Zeng; Yunhao Ge; Yuxuan Zhang; Zeeshan Patel; Zhaoshuo Li,2501.03575v3: Cosmos World Foundation Model Platform for Physical AI,,,,,,,40424000.0,Georgia Institute of Technology,15.0,2031.0,https://prithv1.xyz/,https://www.google.com/search?q=site%3Alinkedin.com/in%20%22Prithvijit%20Chattopadhyay%22%20%22Georgia%20Institute%20of%20Technology%22,NVIDIA
Yongxin Chen,1,:; Alice Luo; Anqi Li; Arsalan Mousavian; Arslan Ali; Artur Zolkowski; Bartosz Stefaniak; Chen-Hsuan Lin; Daniel Dworakowski; David Page; Despoina Paschalidou; Dieter Fox; Ed Schmerling; Erik Barker; Ethan He; Fangyin Wei; Fitsum Reda; Francesco Ferroni; Gergely Klár; Grace Lam; Hanzi Mao; Hao Wang; Haoxiang Wang; Heng Wang; Huan Ling; Jacob Huffman; Jay Zhangjie Wu; Jiahui Huang; Jiaojiao Fan; Jiashu Xu; Jibin Varghese; Jing Zhang; Jingyi Jin; Jinwei Gu; Kaichun Mo; Laura Leal-Taixe; Lin Yen-Chen; Lindsey Pavao; Lyne Tchapmi; Maciej Bala; Michele Fenzi; Ming-Yu Liu; Morteza Ramezanali; NVIDIA; Niket Agarwal; Pooya Jannaty; Prithvijit Chattopadhyay; Przemek Tredak; Qianli Ma; Qingqing Zhao; Qinsheng Zhang; Sanja Fidler; Seung Wook Kim; Seungjun Nah; Shitao Tang; Shiyi Lan; Siddharth Gururani; Songwei Ge; Sriharsha Niverty; Stella Shi; Tiffany Cai; Ting-Chun Wang; Tsung-Yi Lin; Vasanth Rao Naik Sabavat; Wei Yang; Wei-Cheng Tseng; Xian Liu; Xiaohui Zeng; Xiaowei Ren; Xinyue Wei; Yifan Ding; Yin Cui; Yogesh Balaji; Yu Zeng; Yunhao Ge; Yuxuan Zhang; Zeeshan Patel; Zhaoshuo Li,2501.03575v3: Cosmos World Foundation Model Platform for Physical AI,https://github.com/chenyongxin,,,,,,13012477.0,,4.0,143.0,,https://www.google.com/search?q=site%3Alinkedin.com/in%20%22Yongxin%20Chen%22,NVIDIA
Yin Cui,1,:; Alice Luo; Anqi Li; Arsalan Mousavian; Arslan Ali; Artur Zolkowski; Bartosz Stefaniak; Chen-Hsuan Lin; Daniel Dworakowski; David Page; Despoina Paschalidou; Dieter Fox; Ed Schmerling; Erik Barker; Ethan He; Fangyin Wei; Fitsum Reda; Francesco Ferroni; Gergely Klár; Grace Lam; Hanzi Mao; Hao Wang; Haoxiang Wang; Heng Wang; Huan Ling; Jacob Huffman; Jay Zhangjie Wu; Jiahui Huang; Jiaojiao Fan; Jiashu Xu; Jibin Varghese; Jing Zhang; Jingyi Jin; Jinwei Gu; Kaichun Mo; Laura Leal-Taixe; Lin Yen-Chen; Lindsey Pavao; Lyne Tchapmi; Maciej Bala; Michele Fenzi; Ming-Yu Liu; Morteza Ramezanali; NVIDIA; Niket Agarwal; Pooya Jannaty; Prithvijit Chattopadhyay; Przemek Tredak; Qianli Ma; Qingqing Zhao; Qinsheng Zhang; Sanja Fidler; Seung Wook Kim; Seungjun Nah; Shitao Tang; Shiyi Lan; Siddharth Gururani; Songwei Ge; Sriharsha Niverty; Stella Shi; Tiffany Cai; Ting-Chun Wang; Tsung-Yi Lin; Vasanth Rao Naik Sabavat; Wei Yang; Wei-Cheng Tseng; Xian Liu; Xiaohui Zeng; Xiaowei Ren; Xinyue Wei; Yifan Ding; Yogesh Balaji; Yongxin Chen; Yu Zeng; Yunhao Ge; Yuxuan Zhang; Zeeshan Patel; Zhaoshuo Li,2501.03575v3: Cosmos World Foundation Model Platform for Physical AI,https://github.com/richardaecn,,,,,,2109488804.0,,1.0,3.0,,https://www.google.com/search?q=site%3Alinkedin.com/in%20%22Yin%20Cui%22,NVIDIA
Daniel Dworakowski,1,:; Alice Luo; Anqi Li; Arsalan Mousavian; Arslan Ali; Artur Zolkowski; Bartosz Stefaniak; Chen-Hsuan Lin; David Page; Despoina Paschalidou; Dieter Fox; Ed Schmerling; Erik Barker; Ethan He; Fangyin Wei; Fitsum Reda; Francesco Ferroni; Gergely Klár; Grace Lam; Hanzi Mao; Hao Wang; Haoxiang Wang; Heng Wang; Huan Ling; Jacob Huffman; Jay Zhangjie Wu; Jiahui Huang; Jiaojiao Fan; Jiashu Xu; Jibin Varghese; Jing Zhang; Jingyi Jin; Jinwei Gu; Kaichun Mo; Laura Leal-Taixe; Lin Yen-Chen; Lindsey Pavao; Lyne Tchapmi; Maciej Bala; Michele Fenzi; Ming-Yu Liu; Morteza Ramezanali; NVIDIA; Niket Agarwal; Pooya Jannaty; Prithvijit Chattopadhyay; Przemek Tredak; Qianli Ma; Qingqing Zhao; Qinsheng Zhang; Sanja Fidler; Seung Wook Kim; Seungjun Nah; Shitao Tang; Shiyi Lan; Siddharth Gururani; Songwei Ge; Sriharsha Niverty; Stella Shi; Tiffany Cai; Ting-Chun Wang; Tsung-Yi Lin; Vasanth Rao Naik Sabavat; Wei Yang; Wei-Cheng Tseng; Xian Liu; Xiaohui Zeng; Xiaowei Ren; Xinyue Wei; Yifan Ding; Yin Cui; Yogesh Balaji; Yongxin Chen; Yu Zeng; Yunhao Ge; Yuxuan Zhang; Zeeshan Patel; Zhaoshuo Li,2501.03575v3: Cosmos World Foundation Model Platform for Physical AI,https://github.com/DanielDworakowski,,,,,,2338890333.0,,1.0,662.0,,https://www.google.com/search?q=site%3Alinkedin.com/in%20%22Daniel%20Dworakowski%22,NVIDIA
Jiaojiao Fan,1,:; Alice Luo; Anqi Li; Arsalan Mousavian; Arslan Ali; Artur Zolkowski; Bartosz Stefaniak; Chen-Hsuan Lin; Daniel Dworakowski; David Page; Despoina Paschalidou; Dieter Fox; Ed Schmerling; Erik Barker; Ethan He; Fangyin Wei; Fitsum Reda; Francesco Ferroni; Gergely Klár; Grace Lam; Hanzi Mao; Hao Wang; Haoxiang Wang; Heng Wang; Huan Ling; Jacob Huffman; Jay Zhangjie Wu; Jiahui Huang; Jiashu Xu; Jibin Varghese; Jing Zhang; Jingyi Jin; Jinwei Gu; Kaichun Mo; Laura Leal-Taixe; Lin Yen-Chen; Lindsey Pavao; Lyne Tchapmi; Maciej Bala; Michele Fenzi; Ming-Yu Liu; Morteza Ramezanali; NVIDIA; Niket Agarwal; Pooya Jannaty; Prithvijit Chattopadhyay; Przemek Tredak; Qianli Ma; Qingqing Zhao; Qinsheng Zhang; Sanja Fidler; Seung Wook Kim; Seungjun Nah; Shitao Tang; Shiyi Lan; Siddharth Gururani; Songwei Ge; Sriharsha Niverty; Stella Shi; Tiffany Cai; Ting-Chun Wang; Tsung-Yi Lin; Vasanth Rao Naik Sabavat; Wei Yang; Wei-Cheng Tseng; Xian Liu; Xiaohui Zeng; Xiaowei Ren; Xinyue Wei; Yifan Ding; Yin Cui; Yogesh Balaji; Yongxin Chen; Yu Zeng; Yunhao Ge; Yuxuan Zhang; Zeeshan Patel; Zhaoshuo Li,2501.03575v3: Cosmos World Foundation Model Platform for Physical AI,https://github.com/sbyebss,,,,,,11498906.0,,,,,https://www.google.com/search?q=site%3Alinkedin.com/in%20%22Jiaojiao%20Fan%22,NVIDIA
Michele Fenzi,1,:; Alice Luo; Anqi Li; Arsalan Mousavian; Arslan Ali; Artur Zolkowski; Bartosz Stefaniak; Chen-Hsuan Lin; Daniel Dworakowski; David Page; Despoina Paschalidou; Dieter Fox; Ed Schmerling; Erik Barker; Ethan He; Fangyin Wei; Fitsum Reda; Francesco Ferroni; Gergely Klár; Grace Lam; Hanzi Mao; Hao Wang; Haoxiang Wang; Heng Wang; Huan Ling; Jacob Huffman; Jay Zhangjie Wu; Jiahui Huang; Jiaojiao Fan; Jiashu Xu; Jibin Varghese; Jing Zhang; Jingyi Jin; Jinwei Gu; Kaichun Mo; Laura Leal-Taixe; Lin Yen-Chen; Lindsey Pavao; Lyne Tchapmi; Maciej Bala; Ming-Yu Liu; Morteza Ramezanali; NVIDIA; Niket Agarwal; Pooya Jannaty; Prithvijit Chattopadhyay; Przemek Tredak; Qianli Ma; Qingqing Zhao; Qinsheng Zhang; Sanja Fidler; Seung Wook Kim; Seungjun Nah; Shitao Tang; Shiyi Lan; Siddharth Gururani; Songwei Ge; Sriharsha Niverty; Stella Shi; Tiffany Cai; Ting-Chun Wang; Tsung-Yi Lin; Vasanth Rao Naik Sabavat; Wei Yang; Wei-Cheng Tseng; Xian Liu; Xiaohui Zeng; Xiaowei Ren; Xinyue Wei; Yifan Ding; Yin Cui; Yogesh Balaji; Yongxin Chen; Yu Zeng; Yunhao Ge; Yuxuan Zhang; Zeeshan Patel; Zhaoshuo Li,2501.03575v3: Cosmos World Foundation Model Platform for Physical AI,,,,,,,1779415.0,,7.0,1162.0,,https://www.google.com/search?q=site%3Alinkedin.com/in%20%22Michele%20Fenzi%22,NVIDIA
Francesco Ferroni,1,:; Alice Luo; Anqi Li; Arsalan Mousavian; Arslan Ali; Artur Zolkowski; Bartosz Stefaniak; Chen-Hsuan Lin; Daniel Dworakowski; David Page; Despoina Paschalidou; Dieter Fox; Ed Schmerling; Erik Barker; Ethan He; Fangyin Wei; Fitsum Reda; Gergely Klár; Grace Lam; Hanzi Mao; Hao Wang; Haoxiang Wang; Heng Wang; Huan Ling; Jacob Huffman; Jay Zhangjie Wu; Jiahui Huang; Jiaojiao Fan; Jiashu Xu; Jibin Varghese; Jing Zhang; Jingyi Jin; Jinwei Gu; Kaichun Mo; Laura Leal-Taixe; Lin Yen-Chen; Lindsey Pavao; Lyne Tchapmi; Maciej Bala; Michele Fenzi; Ming-Yu Liu; Morteza Ramezanali; NVIDIA; Niket Agarwal; Pooya Jannaty; Prithvijit Chattopadhyay; Przemek Tredak; Qianli Ma; Qingqing Zhao; Qinsheng Zhang; Sanja Fidler; Seung Wook Kim; Seungjun Nah; Shitao Tang; Shiyi Lan; Siddharth Gururani; Songwei Ge; Sriharsha Niverty; Stella Shi; Tiffany Cai; Ting-Chun Wang; Tsung-Yi Lin; Vasanth Rao Naik Sabavat; Wei Yang; Wei-Cheng Tseng; Xian Liu; Xiaohui Zeng; Xiaowei Ren; Xinyue Wei; Yifan Ding; Yin Cui; Yogesh Balaji; Yongxin Chen; Yu Zeng; Yunhao Ge; Yuxuan Zhang; Zeeshan Patel; Zhaoshuo Li,2501.03575v3: Cosmos World Foundation Model Platform for Physical AI,https://github.com/fferroni,,,,,,2134847058.0,,1.0,1.0,,https://www.google.com/search?q=site%3Alinkedin.com/in%20%22Francesco%20Ferroni%22,NVIDIA
Sanja Fidler,1,:; Alice Luo; Anqi Li; Arsalan Mousavian; Arslan Ali; Artur Zolkowski; Bartosz Stefaniak; Chen-Hsuan Lin; Daniel Dworakowski; David Page; Despoina Paschalidou; Dieter Fox; Ed Schmerling; Erik Barker; Ethan He; Fangyin Wei; Fitsum Reda; Francesco Ferroni; Gergely Klár; Grace Lam; Hanzi Mao; Hao Wang; Haoxiang Wang; Heng Wang; Huan Ling; Jacob Huffman; Jay Zhangjie Wu; Jiahui Huang; Jiaojiao Fan; Jiashu Xu; Jibin Varghese; Jing Zhang; Jingyi Jin; Jinwei Gu; Kaichun Mo; Laura Leal-Taixe; Lin Yen-Chen; Lindsey Pavao; Lyne Tchapmi; Maciej Bala; Michele Fenzi; Ming-Yu Liu; Morteza Ramezanali; NVIDIA; Niket Agarwal; Pooya Jannaty; Prithvijit Chattopadhyay; Przemek Tredak; Qianli Ma; Qingqing Zhao; Qinsheng Zhang; Seung Wook Kim; Seungjun Nah; Shitao Tang; Shiyi Lan; Siddharth Gururani; Songwei Ge; Sriharsha Niverty; Stella Shi; Tiffany Cai; Ting-Chun Wang; Tsung-Yi Lin; Vasanth Rao Naik Sabavat; Wei Yang; Wei-Cheng Tseng; Xian Liu; Xiaohui Zeng; Xiaowei Ren; Xinyue Wei; Yifan Ding; Yin Cui; Yogesh Balaji; Yongxin Chen; Yu Zeng; Yunhao Ge; Yuxuan Zhang; Zeeshan Patel; Zhaoshuo Li,2501.03575v3: Cosmos World Foundation Model Platform for Physical AI,https://github.com/sanjafidler,,,,,,2066285085.0,,1.0,160.0,,https://www.google.com/search?q=site%3Alinkedin.com/in%20%22Sanja%20Fidler%22,NVIDIA
Songwei Ge,1,:; Alice Luo; Anqi Li; Arsalan Mousavian; Arslan Ali; Artur Zolkowski; Bartosz Stefaniak; Chen-Hsuan Lin; Daniel Dworakowski; David Page; Despoina Paschalidou; Dieter Fox; Ed Schmerling; Erik Barker; Ethan He; Fangyin Wei; Fitsum Reda; Francesco Ferroni; Gergely Klár; Grace Lam; Hanzi Mao; Hao Wang; Haoxiang Wang; Heng Wang; Huan Ling; Jacob Huffman; Jay Zhangjie Wu; Jiahui Huang; Jiaojiao Fan; Jiashu Xu; Jibin Varghese; Jing Zhang; Jingyi Jin; Jinwei Gu; Kaichun Mo; Laura Leal-Taixe; Lin Yen-Chen; Lindsey Pavao; Lyne Tchapmi; Maciej Bala; Michele Fenzi; Ming-Yu Liu; Morteza Ramezanali; NVIDIA; Niket Agarwal; Pooya Jannaty; Prithvijit Chattopadhyay; Przemek Tredak; Qianli Ma; Qingqing Zhao; Qinsheng Zhang; Sanja Fidler; Seung Wook Kim; Seungjun Nah; Shitao Tang; Shiyi Lan; Siddharth Gururani; Sriharsha Niverty; Stella Shi; Tiffany Cai; Ting-Chun Wang; Tsung-Yi Lin; Vasanth Rao Naik Sabavat; Wei Yang; Wei-Cheng Tseng; Xian Liu; Xiaohui Zeng; Xiaowei Ren; Xinyue Wei; Yifan Ding; Yin Cui; Yogesh Balaji; Yongxin Chen; Yu Zeng; Yunhao Ge; Yuxuan Zhang; Zeeshan Patel; Zhaoshuo Li,2501.03575v3: Cosmos World Foundation Model Platform for Physical AI,https://github.com/songweige,,,,,,2000391626.0,,11.0,369.0,,https://www.google.com/search?q=site%3Alinkedin.com/in%20%22Songwei%20Ge%22,NVIDIA
Yunhao Ge,1,:; Alice Luo; Anqi Li; Arsalan Mousavian; Arslan Ali; Artur Zolkowski; Bartosz Stefaniak; Chen-Hsuan Lin; Daniel Dworakowski; David Page; Despoina Paschalidou; Dieter Fox; Ed Schmerling; Erik Barker; Ethan He; Fangyin Wei; Fitsum Reda; Francesco Ferroni; Gergely Klár; Grace Lam; Hanzi Mao; Hao Wang; Haoxiang Wang; Heng Wang; Huan Ling; Jacob Huffman; Jay Zhangjie Wu; Jiahui Huang; Jiaojiao Fan; Jiashu Xu; Jibin Varghese; Jing Zhang; Jingyi Jin; Jinwei Gu; Kaichun Mo; Laura Leal-Taixe; Lin Yen-Chen; Lindsey Pavao; Lyne Tchapmi; Maciej Bala; Michele Fenzi; Ming-Yu Liu; Morteza Ramezanali; NVIDIA; Niket Agarwal; Pooya Jannaty; Prithvijit Chattopadhyay; Przemek Tredak; Qianli Ma; Qingqing Zhao; Qinsheng Zhang; Sanja Fidler; Seung Wook Kim; Seungjun Nah; Shitao Tang; Shiyi Lan; Siddharth Gururani; Songwei Ge; Sriharsha Niverty; Stella Shi; Tiffany Cai; Ting-Chun Wang; Tsung-Yi Lin; Vasanth Rao Naik Sabavat; Wei Yang; Wei-Cheng Tseng; Xian Liu; Xiaohui Zeng; Xiaowei Ren; Xinyue Wei; Yifan Ding; Yin Cui; Yogesh Balaji; Yongxin Chen; Yu Zeng; Yuxuan Zhang; Zeeshan Patel; Zhaoshuo Li,2501.03575v3: Cosmos World Foundation Model Platform for Physical AI,https://github.com/Kr-Henry,,,,,,145831306.0,,1.0,19.0,,https://www.google.com/search?q=site%3Alinkedin.com/in%20%22Yunhao%20Ge%22,NVIDIA
Jinwei Gu,1,:; Alice Luo; Anqi Li; Arsalan Mousavian; Arslan Ali; Artur Zolkowski; Bartosz Stefaniak; Chen-Hsuan Lin; Daniel Dworakowski; David Page; Despoina Paschalidou; Dieter Fox; Ed Schmerling; Erik Barker; Ethan He; Fangyin Wei; Fitsum Reda; Francesco Ferroni; Gergely Klár; Grace Lam; Hanzi Mao; Hao Wang; Haoxiang Wang; Heng Wang; Huan Ling; Jacob Huffman; Jay Zhangjie Wu; Jiahui Huang; Jiaojiao Fan; Jiashu Xu; Jibin Varghese; Jing Zhang; Jingyi Jin; Kaichun Mo; Laura Leal-Taixe; Lin Yen-Chen; Lindsey Pavao; Lyne Tchapmi; Maciej Bala; Michele Fenzi; Ming-Yu Liu; Morteza Ramezanali; NVIDIA; Niket Agarwal; Pooya Jannaty; Prithvijit Chattopadhyay; Przemek Tredak; Qianli Ma; Qingqing Zhao; Qinsheng Zhang; Sanja Fidler; Seung Wook Kim; Seungjun Nah; Shitao Tang; Shiyi Lan; Siddharth Gururani; Songwei Ge; Sriharsha Niverty; Stella Shi; Tiffany Cai; Ting-Chun Wang; Tsung-Yi Lin; Vasanth Rao Naik Sabavat; Wei Yang; Wei-Cheng Tseng; Xian Liu; Xiaohui Zeng; Xiaowei Ren; Xinyue Wei; Yifan Ding; Yin Cui; Yogesh Balaji; Yongxin Chen; Yu Zeng; Yunhao Ge; Yuxuan Zhang; Zeeshan Patel; Zhaoshuo Li,2501.03575v3: Cosmos World Foundation Model Platform for Physical AI,https://github.com/vivian-gu,,,,,,2144077686.0,,2.0,61.0,,https://www.google.com/search?q=site%3Alinkedin.com/in%20%22Jinwei%20Gu%22,NVIDIA
Siddharth Gururani,1,:; Alice Luo; Anqi Li; Arsalan Mousavian; Arslan Ali; Artur Zolkowski; Bartosz Stefaniak; Chen-Hsuan Lin; Daniel Dworakowski; David Page; Despoina Paschalidou; Dieter Fox; Ed Schmerling; Erik Barker; Ethan He; Fangyin Wei; Fitsum Reda; Francesco Ferroni; Gergely Klár; Grace Lam; Hanzi Mao; Hao Wang; Haoxiang Wang; Heng Wang; Huan Ling; Jacob Huffman; Jay Zhangjie Wu; Jiahui Huang; Jiaojiao Fan; Jiashu Xu; Jibin Varghese; Jing Zhang; Jingyi Jin; Jinwei Gu; Kaichun Mo; Laura Leal-Taixe; Lin Yen-Chen; Lindsey Pavao; Lyne Tchapmi; Maciej Bala; Michele Fenzi; Ming-Yu Liu; Morteza Ramezanali; NVIDIA; Niket Agarwal; Pooya Jannaty; Prithvijit Chattopadhyay; Przemek Tredak; Qianli Ma; Qingqing Zhao; Qinsheng Zhang; Sanja Fidler; Seung Wook Kim; Seungjun Nah; Shitao Tang; Shiyi Lan; Songwei Ge; Sriharsha Niverty; Stella Shi; Tiffany Cai; Ting-Chun Wang; Tsung-Yi Lin; Vasanth Rao Naik Sabavat; Wei Yang; Wei-Cheng Tseng; Xian Liu; Xiaohui Zeng; Xiaowei Ren; Xinyue Wei; Yifan Ding; Yin Cui; Yogesh Balaji; Yongxin Chen; Yu Zeng; Yunhao Ge; Yuxuan Zhang; Zeeshan Patel; Zhaoshuo Li,2501.03575v3: Cosmos World Foundation Model Platform for Physical AI,https://github.com/SiddGururani,,,,,,3454904.0,,16.0,1462.0,,https://www.google.com/search?q=site%3Alinkedin.com/in%20%22Siddharth%20Gururani%22,NVIDIA
Ethan He,1,:; Alice Luo; Anqi Li; Arsalan Mousavian; Arslan Ali; Artur Zolkowski; Bartosz Stefaniak; Chen-Hsuan Lin; Daniel Dworakowski; David Page; Despoina Paschalidou; Dieter Fox; Ed Schmerling; Erik Barker; Fangyin Wei; Fitsum Reda; Francesco Ferroni; Gergely Klár; Grace Lam; Hanzi Mao; Hao Wang; Haoxiang Wang; Heng Wang; Huan Ling; Jacob Huffman; Jay Zhangjie Wu; Jiahui Huang; Jiaojiao Fan; Jiashu Xu; Jibin Varghese; Jing Zhang; Jingyi Jin; Jinwei Gu; Kaichun Mo; Laura Leal-Taixe; Lin Yen-Chen; Lindsey Pavao; Lyne Tchapmi; Maciej Bala; Michele Fenzi; Ming-Yu Liu; Morteza Ramezanali; NVIDIA; Niket Agarwal; Pooya Jannaty; Prithvijit Chattopadhyay; Przemek Tredak; Qianli Ma; Qingqing Zhao; Qinsheng Zhang; Sanja Fidler; Seung Wook Kim; Seungjun Nah; Shitao Tang; Shiyi Lan; Siddharth Gururani; Songwei Ge; Sriharsha Niverty; Stella Shi; Tiffany Cai; Ting-Chun Wang; Tsung-Yi Lin; Vasanth Rao Naik Sabavat; Wei Yang; Wei-Cheng Tseng; Xian Liu; Xiaohui Zeng; Xiaowei Ren; Xinyue Wei; Yifan Ding; Yin Cui; Yogesh Balaji; Yongxin Chen; Yu Zeng; Yunhao Ge; Yuxuan Zhang; Zeeshan Patel; Zhaoshuo Li,2501.03575v3: Cosmos World Foundation Model Platform for Physical AI,https://github.com/ethanhe42,,,,,,118730365.0,,2.0,5.0,,https://www.google.com/search?q=site%3Alinkedin.com/in%20%22Ethan%20He%22,NVIDIA
Jiahui Huang,1,:; Alice Luo; Anqi Li; Arsalan Mousavian; Arslan Ali; Artur Zolkowski; Bartosz Stefaniak; Chen-Hsuan Lin; Daniel Dworakowski; David Page; Despoina Paschalidou; Dieter Fox; Ed Schmerling; Erik Barker; Ethan He; Fangyin Wei; Fitsum Reda; Francesco Ferroni; Gergely Klár; Grace Lam; Hanzi Mao; Hao Wang; Haoxiang Wang; Heng Wang; Huan Ling; Jacob Huffman; Jay Zhangjie Wu; Jiaojiao Fan; Jiashu Xu; Jibin Varghese; Jing Zhang; Jingyi Jin; Jinwei Gu; Kaichun Mo; Laura Leal-Taixe; Lin Yen-Chen; Lindsey Pavao; Lyne Tchapmi; Maciej Bala; Michele Fenzi; Ming-Yu Liu; Morteza Ramezanali; NVIDIA; Niket Agarwal; Pooya Jannaty; Prithvijit Chattopadhyay; Przemek Tredak; Qianli Ma; Qingqing Zhao; Qinsheng Zhang; Sanja Fidler; Seung Wook Kim; Seungjun Nah; Shitao Tang; Shiyi Lan; Siddharth Gururani; Songwei Ge; Sriharsha Niverty; Stella Shi; Tiffany Cai; Ting-Chun Wang; Tsung-Yi Lin; Vasanth Rao Naik Sabavat; Wei Yang; Wei-Cheng Tseng; Xian Liu; Xiaohui Zeng; Xiaowei Ren; Xinyue Wei; Yifan Ding; Yin Cui; Yogesh Balaji; Yongxin Chen; Yu Zeng; Yunhao Ge; Yuxuan Zhang; Zeeshan Patel; Zhaoshuo Li,2501.03575v3: Cosmos World Foundation Model Platform for Physical AI,https://github.com/huangjh-pub,,,,,,2379370714.0,,,,,https://www.google.com/search?q=site%3Alinkedin.com/in%20%22Jiahui%20Huang%22,NVIDIA
Jacob Huffman,1,:; Alice Luo; Anqi Li; Arsalan Mousavian; Arslan Ali; Artur Zolkowski; Bartosz Stefaniak; Chen-Hsuan Lin; Daniel Dworakowski; David Page; Despoina Paschalidou; Dieter Fox; Ed Schmerling; Erik Barker; Ethan He; Fangyin Wei; Fitsum Reda; Francesco Ferroni; Gergely Klár; Grace Lam; Hanzi Mao; Hao Wang; Haoxiang Wang; Heng Wang; Huan Ling; Jay Zhangjie Wu; Jiahui Huang; Jiaojiao Fan; Jiashu Xu; Jibin Varghese; Jing Zhang; Jingyi Jin; Jinwei Gu; Kaichun Mo; Laura Leal-Taixe; Lin Yen-Chen; Lindsey Pavao; Lyne Tchapmi; Maciej Bala; Michele Fenzi; Ming-Yu Liu; Morteza Ramezanali; NVIDIA; Niket Agarwal; Pooya Jannaty; Prithvijit Chattopadhyay; Przemek Tredak; Qianli Ma; Qingqing Zhao; Qinsheng Zhang; Sanja Fidler; Seung Wook Kim; Seungjun Nah; Shitao Tang; Shiyi Lan; Siddharth Gururani; Songwei Ge; Sriharsha Niverty; Stella Shi; Tiffany Cai; Ting-Chun Wang; Tsung-Yi Lin; Vasanth Rao Naik Sabavat; Wei Yang; Wei-Cheng Tseng; Xian Liu; Xiaohui Zeng; Xiaowei Ren; Xinyue Wei; Yifan Ding; Yin Cui; Yogesh Balaji; Yongxin Chen; Yu Zeng; Yunhao Ge; Yuxuan Zhang; Zeeshan Patel; Zhaoshuo Li,2501.03575v3: Cosmos World Foundation Model Platform for Physical AI,https://github.com/jhuffman52,,,,,,2298965422.0,,6.0,969.0,,https://www.google.com/search?q=site%3Alinkedin.com/in%20%22Jacob%20Huffman%22,NVIDIA
Pooya Jannaty,1,:; Alice Luo; Anqi Li; Arsalan Mousavian; Arslan Ali; Artur Zolkowski; Bartosz Stefaniak; Chen-Hsuan Lin; Daniel Dworakowski; David Page; Despoina Paschalidou; Dieter Fox; Ed Schmerling; Erik Barker; Ethan He; Fangyin Wei; Fitsum Reda; Francesco Ferroni; Gergely Klár; Grace Lam; Hanzi Mao; Hao Wang; Haoxiang Wang; Heng Wang; Huan Ling; Jacob Huffman; Jay Zhangjie Wu; Jiahui Huang; Jiaojiao Fan; Jiashu Xu; Jibin Varghese; Jing Zhang; Jingyi Jin; Jinwei Gu; Kaichun Mo; Laura Leal-Taixe; Lin Yen-Chen; Lindsey Pavao; Lyne Tchapmi; Maciej Bala; Michele Fenzi; Ming-Yu Liu; Morteza Ramezanali; NVIDIA; Niket Agarwal; Prithvijit Chattopadhyay; Przemek Tredak; Qianli Ma; Qingqing Zhao; Qinsheng Zhang; Sanja Fidler; Seung Wook Kim; Seungjun Nah; Shitao Tang; Shiyi Lan; Siddharth Gururani; Songwei Ge; Sriharsha Niverty; Stella Shi; Tiffany Cai; Ting-Chun Wang; Tsung-Yi Lin; Vasanth Rao Naik Sabavat; Wei Yang; Wei-Cheng Tseng; Xian Liu; Xiaohui Zeng; Xiaowei Ren; Xinyue Wei; Yifan Ding; Yin Cui; Yogesh Balaji; Yongxin Chen; Yu Zeng; Yunhao Ge; Yuxuan Zhang; Zeeshan Patel; Zhaoshuo Li,2501.03575v3: Cosmos World Foundation Model Platform for Physical AI,https://github.com/pjannaty,,,,,,2074448.0,,6.0,197.0,,https://www.google.com/search?q=site%3Alinkedin.com/in%20%22Pooya%20Jannaty%22,NVIDIA
Jingyi Jin,1,:; Alice Luo; Anqi Li; Arsalan Mousavian; Arslan Ali; Artur Zolkowski; Bartosz Stefaniak; Chen-Hsuan Lin; Daniel Dworakowski; David Page; Despoina Paschalidou; Dieter Fox; Ed Schmerling; Erik Barker; Ethan He; Fangyin Wei; Fitsum Reda; Francesco Ferroni; Gergely Klár; Grace Lam; Hanzi Mao; Hao Wang; Haoxiang Wang; Heng Wang; Huan Ling; Jacob Huffman; Jay Zhangjie Wu; Jiahui Huang; Jiaojiao Fan; Jiashu Xu; Jibin Varghese; Jing Zhang; Jinwei Gu; Kaichun Mo; Laura Leal-Taixe; Lin Yen-Chen; Lindsey Pavao; Lyne Tchapmi; Maciej Bala; Michele Fenzi; Ming-Yu Liu; Morteza Ramezanali; NVIDIA; Niket Agarwal; Pooya Jannaty; Prithvijit Chattopadhyay; Przemek Tredak; Qianli Ma; Qingqing Zhao; Qinsheng Zhang; Sanja Fidler; Seung Wook Kim; Seungjun Nah; Shitao Tang; Shiyi Lan; Siddharth Gururani; Songwei Ge; Sriharsha Niverty; Stella Shi; Tiffany Cai; Ting-Chun Wang; Tsung-Yi Lin; Vasanth Rao Naik Sabavat; Wei Yang; Wei-Cheng Tseng; Xian Liu; Xiaohui Zeng; Xiaowei Ren; Xinyue Wei; Yifan Ding; Yin Cui; Yogesh Balaji; Yongxin Chen; Yu Zeng; Yunhao Ge; Yuxuan Zhang; Zeeshan Patel; Zhaoshuo Li,2501.03575v3: Cosmos World Foundation Model Platform for Physical AI,https://github.com/JingyiJinPRO,,,,,,2410375566.0,,1.0,6.0,,https://www.google.com/search?q=site%3Alinkedin.com/in%20%22Jingyi%20Jin%22,NVIDIA
Seung Wook Kim,1,:; Alice Luo; Anqi Li; Arsalan Mousavian; Arslan Ali; Artur Zolkowski; Bartosz Stefaniak; Chen-Hsuan Lin; Daniel Dworakowski; David Page; Despoina Paschalidou; Dieter Fox; Ed Schmerling; Erik Barker; Ethan He; Fangyin Wei; Fitsum Reda; Francesco Ferroni; Gergely Klár; Grace Lam; Hanzi Mao; Hao Wang; Haoxiang Wang; Heng Wang; Huan Ling; Jacob Huffman; Jay Zhangjie Wu; Jiahui Huang; Jiaojiao Fan; Jiashu Xu; Jibin Varghese; Jing Zhang; Jingyi Jin; Jinwei Gu; Kaichun Mo; Laura Leal-Taixe; Lin Yen-Chen; Lindsey Pavao; Lyne Tchapmi; Maciej Bala; Michele Fenzi; Ming-Yu Liu; Morteza Ramezanali; NVIDIA; Niket Agarwal; Pooya Jannaty; Prithvijit Chattopadhyay; Przemek Tredak; Qianli Ma; Qingqing Zhao; Qinsheng Zhang; Sanja Fidler; Seungjun Nah; Shitao Tang; Shiyi Lan; Siddharth Gururani; Songwei Ge; Sriharsha Niverty; Stella Shi; Tiffany Cai; Ting-Chun Wang; Tsung-Yi Lin; Vasanth Rao Naik Sabavat; Wei Yang; Wei-Cheng Tseng; Xian Liu; Xiaohui Zeng; Xiaowei Ren; Xinyue Wei; Yifan Ding; Yin Cui; Yogesh Balaji; Yongxin Chen; Yu Zeng; Yunhao Ge; Yuxuan Zhang; Zeeshan Patel; Zhaoshuo Li,2501.03575v3: Cosmos World Foundation Model Platform for Physical AI,https://github.com/Kwinuk,,,,,,2146049867.0,,5.0,82.0,,https://www.google.com/search?q=site%3Alinkedin.com/in%20%22Seung%20Wook%20Kim%22,NVIDIA
Gergely Klár,1,:; Alice Luo; Anqi Li; Arsalan Mousavian; Arslan Ali; Artur Zolkowski; Bartosz Stefaniak; Chen-Hsuan Lin; Daniel Dworakowski; David Page; Despoina Paschalidou; Dieter Fox; Ed Schmerling; Erik Barker; Ethan He; Fangyin Wei; Fitsum Reda; Francesco Ferroni; Grace Lam; Hanzi Mao; Hao Wang; Haoxiang Wang; Heng Wang; Huan Ling; Jacob Huffman; Jay Zhangjie Wu; Jiahui Huang; Jiaojiao Fan; Jiashu Xu; Jibin Varghese; Jing Zhang; Jingyi Jin; Jinwei Gu; Kaichun Mo; Laura Leal-Taixe; Lin Yen-Chen; Lindsey Pavao; Lyne Tchapmi; Maciej Bala; Michele Fenzi; Ming-Yu Liu; Morteza Ramezanali; NVIDIA; Niket Agarwal; Pooya Jannaty; Prithvijit Chattopadhyay; Przemek Tredak; Qianli Ma; Qingqing Zhao; Qinsheng Zhang; Sanja Fidler; Seung Wook Kim; Seungjun Nah; Shitao Tang; Shiyi Lan; Siddharth Gururani; Songwei Ge; Sriharsha Niverty; Stella Shi; Tiffany Cai; Ting-Chun Wang; Tsung-Yi Lin; Vasanth Rao Naik Sabavat; Wei Yang; Wei-Cheng Tseng; Xian Liu; Xiaohui Zeng; Xiaowei Ren; Xinyue Wei; Yifan Ding; Yin Cui; Yogesh Balaji; Yongxin Chen; Yu Zeng; Yunhao Ge; Yuxuan Zhang; Zeeshan Patel; Zhaoshuo Li,2501.03575v3: Cosmos World Foundation Model Platform for Physical AI,,,,,,,3086857.0,,7.0,1089.0,,https://www.google.com/search?q=site%3Alinkedin.com/in%20%22Gergely%20Kl%C3%A1r%22,NVIDIA
Grace Lam,1,:; Alice Luo; Anqi Li; Arsalan Mousavian; Arslan Ali; Artur Zolkowski; Bartosz Stefaniak; Chen-Hsuan Lin; Daniel Dworakowski; David Page; Despoina Paschalidou; Dieter Fox; Ed Schmerling; Erik Barker; Ethan He; Fangyin Wei; Fitsum Reda; Francesco Ferroni; Gergely Klár; Hanzi Mao; Hao Wang; Haoxiang Wang; Heng Wang; Huan Ling; Jacob Huffman; Jay Zhangjie Wu; Jiahui Huang; Jiaojiao Fan; Jiashu Xu; Jibin Varghese; Jing Zhang; Jingyi Jin; Jinwei Gu; Kaichun Mo; Laura Leal-Taixe; Lin Yen-Chen; Lindsey Pavao; Lyne Tchapmi; Maciej Bala; Michele Fenzi; Ming-Yu Liu; Morteza Ramezanali; NVIDIA; Niket Agarwal; Pooya Jannaty; Prithvijit Chattopadhyay; Przemek Tredak; Qianli Ma; Qingqing Zhao; Qinsheng Zhang; Sanja Fidler; Seung Wook Kim; Seungjun Nah; Shitao Tang; Shiyi Lan; Siddharth Gururani; Songwei Ge; Sriharsha Niverty; Stella Shi; Tiffany Cai; Ting-Chun Wang; Tsung-Yi Lin; Vasanth Rao Naik Sabavat; Wei Yang; Wei-Cheng Tseng; Xian Liu; Xiaohui Zeng; Xiaowei Ren; Xinyue Wei; Yifan Ding; Yin Cui; Yogesh Balaji; Yongxin Chen; Yu Zeng; Yunhao Ge; Yuxuan Zhang; Zeeshan Patel; Zhaoshuo Li,2501.03575v3: Cosmos World Foundation Model Platform for Physical AI,https://github.com/grace-lam,,,,,,2262278586.0,,3.0,21.0,,https://www.google.com/search?q=site%3Alinkedin.com/in%20%22Grace%20Lam%22,NVIDIA; VLA
Shiyi Lan,1,:; Alice Luo; Anqi Li; Arsalan Mousavian; Arslan Ali; Artur Zolkowski; Bartosz Stefaniak; Chen-Hsuan Lin; Daniel Dworakowski; David Page; Despoina Paschalidou; Dieter Fox; Ed Schmerling; Erik Barker; Ethan He; Fangyin Wei; Fitsum Reda; Francesco Ferroni; Gergely Klár; Grace Lam; Hanzi Mao; Hao Wang; Haoxiang Wang; Heng Wang; Huan Ling; Jacob Huffman; Jay Zhangjie Wu; Jiahui Huang; Jiaojiao Fan; Jiashu Xu; Jibin Varghese; Jing Zhang; Jingyi Jin; Jinwei Gu; Kaichun Mo; Laura Leal-Taixe; Lin Yen-Chen; Lindsey Pavao; Lyne Tchapmi; Maciej Bala; Michele Fenzi; Ming-Yu Liu; Morteza Ramezanali; NVIDIA; Niket Agarwal; Pooya Jannaty; Prithvijit Chattopadhyay; Przemek Tredak; Qianli Ma; Qingqing Zhao; Qinsheng Zhang; Sanja Fidler; Seung Wook Kim; Seungjun Nah; Shitao Tang; Siddharth Gururani; Songwei Ge; Sriharsha Niverty; Stella Shi; Tiffany Cai; Ting-Chun Wang; Tsung-Yi Lin; Vasanth Rao Naik Sabavat; Wei Yang; Wei-Cheng Tseng; Xian Liu; Xiaohui Zeng; Xiaowei Ren; Xinyue Wei; Yifan Ding; Yin Cui; Yogesh Balaji; Yongxin Chen; Yu Zeng; Yunhao Ge; Yuxuan Zhang; Zeeshan Patel; Zhaoshuo Li,2501.03575v3: Cosmos World Foundation Model Platform for Physical AI,https://github.com/voidrank,,,,,,101978277.0,,,,,https://www.google.com/search?q=site%3Alinkedin.com/in%20%22Shiyi%20Lan%22,NVIDIA
Laura Leal-Taixe,1,:; Alice Luo; Anqi Li; Arsalan Mousavian; Arslan Ali; Artur Zolkowski; Bartosz Stefaniak; Chen-Hsuan Lin; Daniel Dworakowski; David Page; Despoina Paschalidou; Dieter Fox; Ed Schmerling; Erik Barker; Ethan He; Fangyin Wei; Fitsum Reda; Francesco Ferroni; Gergely Klár; Grace Lam; Hanzi Mao; Hao Wang; Haoxiang Wang; Heng Wang; Huan Ling; Jacob Huffman; Jay Zhangjie Wu; Jiahui Huang; Jiaojiao Fan; Jiashu Xu; Jibin Varghese; Jing Zhang; Jingyi Jin; Jinwei Gu; Kaichun Mo; Lin Yen-Chen; Lindsey Pavao; Lyne Tchapmi; Maciej Bala; Michele Fenzi; Ming-Yu Liu; Morteza Ramezanali; NVIDIA; Niket Agarwal; Pooya Jannaty; Prithvijit Chattopadhyay; Przemek Tredak; Qianli Ma; Qingqing Zhao; Qinsheng Zhang; Sanja Fidler; Seung Wook Kim; Seungjun Nah; Shitao Tang; Shiyi Lan; Siddharth Gururani; Songwei Ge; Sriharsha Niverty; Stella Shi; Tiffany Cai; Ting-Chun Wang; Tsung-Yi Lin; Vasanth Rao Naik Sabavat; Wei Yang; Wei-Cheng Tseng; Xian Liu; Xiaohui Zeng; Xiaowei Ren; Xinyue Wei; Yifan Ding; Yin Cui; Yogesh Balaji; Yongxin Chen; Yu Zeng; Yunhao Ge; Yuxuan Zhang; Zeeshan Patel; Zhaoshuo Li,2501.03575v3: Cosmos World Foundation Model Platform for Physical AI,,,,,,,144874026.0,,1.0,19.0,,https://www.google.com/search?q=site%3Alinkedin.com/in%20%22Laura%20Leal-Taixe%22,NVIDIA
Anqi Li,1,:; Alice Luo; Arsalan Mousavian; Arslan Ali; Artur Zolkowski; Bartosz Stefaniak; Chen-Hsuan Lin; Daniel Dworakowski; David Page; Despoina Paschalidou; Dieter Fox; Ed Schmerling; Erik Barker; Ethan He; Fangyin Wei; Fitsum Reda; Francesco Ferroni; Gergely Klár; Grace Lam; Hanzi Mao; Hao Wang; Haoxiang Wang; Heng Wang; Huan Ling; Jacob Huffman; Jay Zhangjie Wu; Jiahui Huang; Jiaojiao Fan; Jiashu Xu; Jibin Varghese; Jing Zhang; Jingyi Jin; Jinwei Gu; Kaichun Mo; Laura Leal-Taixe; Lin Yen-Chen; Lindsey Pavao; Lyne Tchapmi; Maciej Bala; Michele Fenzi; Ming-Yu Liu; Morteza Ramezanali; NVIDIA; Niket Agarwal; Pooya Jannaty; Prithvijit Chattopadhyay; Przemek Tredak; Qianli Ma; Qingqing Zhao; Qinsheng Zhang; Sanja Fidler; Seung Wook Kim; Seungjun Nah; Shitao Tang; Shiyi Lan; Siddharth Gururani; Songwei Ge; Sriharsha Niverty; Stella Shi; Tiffany Cai; Ting-Chun Wang; Tsung-Yi Lin; Vasanth Rao Naik Sabavat; Wei Yang; Wei-Cheng Tseng; Xian Liu; Xiaohui Zeng; Xiaowei Ren; Xinyue Wei; Yifan Ding; Yin Cui; Yogesh Balaji; Yongxin Chen; Yu Zeng; Yunhao Ge; Yuxuan Zhang; Zeeshan Patel; Zhaoshuo Li,2501.03575v3: Cosmos World Foundation Model Platform for Physical AI,https://github.com/anqili426,,,,,,1931544429.0,,4.0,70.0,,https://www.google.com/search?q=site%3Alinkedin.com/in%20%22Anqi%20Li%22,NVIDIA
Zhaoshuo Li,1,:; Alice Luo; Anqi Li; Arsalan Mousavian; Arslan Ali; Artur Zolkowski; Bartosz Stefaniak; Chen-Hsuan Lin; Daniel Dworakowski; David Page; Despoina Paschalidou; Dieter Fox; Ed Schmerling; Erik Barker; Ethan He; Fangyin Wei; Fitsum Reda; Francesco Ferroni; Gergely Klár; Grace Lam; Hanzi Mao; Hao Wang; Haoxiang Wang; Heng Wang; Huan Ling; Jacob Huffman; Jay Zhangjie Wu; Jiahui Huang; Jiaojiao Fan; Jiashu Xu; Jibin Varghese; Jing Zhang; Jingyi Jin; Jinwei Gu; Kaichun Mo; Laura Leal-Taixe; Lin Yen-Chen; Lindsey Pavao; Lyne Tchapmi; Maciej Bala; Michele Fenzi; Ming-Yu Liu; Morteza Ramezanali; NVIDIA; Niket Agarwal; Pooya Jannaty; Prithvijit Chattopadhyay; Przemek Tredak; Qianli Ma; Qingqing Zhao; Qinsheng Zhang; Sanja Fidler; Seung Wook Kim; Seungjun Nah; Shitao Tang; Shiyi Lan; Siddharth Gururani; Songwei Ge; Sriharsha Niverty; Stella Shi; Tiffany Cai; Ting-Chun Wang; Tsung-Yi Lin; Vasanth Rao Naik Sabavat; Wei Yang; Wei-Cheng Tseng; Xian Liu; Xiaohui Zeng; Xiaowei Ren; Xinyue Wei; Yifan Ding; Yin Cui; Yogesh Balaji; Yongxin Chen; Yu Zeng; Yunhao Ge; Yuxuan Zhang; Zeeshan Patel,2501.03575v3: Cosmos World Foundation Model Platform for Physical AI,https://github.com/mli0603,,,,,,2319173855.0,,2.0,11.0,,https://www.google.com/search?q=site%3Alinkedin.com/in%20%22Zhaoshuo%20Li%22,NVIDIA
Chen-Hsuan Lin,1,:; Alice Luo; Anqi Li; Arsalan Mousavian; Arslan Ali; Artur Zolkowski; Bartosz Stefaniak; Daniel Dworakowski; David Page; Despoina Paschalidou; Dieter Fox; Ed Schmerling; Erik Barker; Ethan He; Fangyin Wei; Fitsum Reda; Francesco Ferroni; Gergely Klár; Grace Lam; Hanzi Mao; Hao Wang; Haoxiang Wang; Heng Wang; Huan Ling; Jacob Huffman; Jay Zhangjie Wu; Jiahui Huang; Jiaojiao Fan; Jiashu Xu; Jibin Varghese; Jing Zhang; Jingyi Jin; Jinwei Gu; Kaichun Mo; Laura Leal-Taixe; Lin Yen-Chen; Lindsey Pavao; Lyne Tchapmi; Maciej Bala; Michele Fenzi; Ming-Yu Liu; Morteza Ramezanali; NVIDIA; Niket Agarwal; Pooya Jannaty; Prithvijit Chattopadhyay; Przemek Tredak; Qianli Ma; Qingqing Zhao; Qinsheng Zhang; Sanja Fidler; Seung Wook Kim; Seungjun Nah; Shitao Tang; Shiyi Lan; Siddharth Gururani; Songwei Ge; Sriharsha Niverty; Stella Shi; Tiffany Cai; Ting-Chun Wang; Tsung-Yi Lin; Vasanth Rao Naik Sabavat; Wei Yang; Wei-Cheng Tseng; Xian Liu; Xiaohui Zeng; Xiaowei Ren; Xinyue Wei; Yifan Ding; Yin Cui; Yogesh Balaji; Yongxin Chen; Yu Zeng; Yunhao Ge; Yuxuan Zhang; Zeeshan Patel; Zhaoshuo Li,2501.03575v3: Cosmos World Foundation Model Platform for Physical AI,,,,,,,98692898.0,,1.0,8.0,,https://www.google.com/search?q=site%3Alinkedin.com/in%20%22Chen-Hsuan%20Lin%22,NVIDIA
Huan Ling,1,:; Alice Luo; Anqi Li; Arsalan Mousavian; Arslan Ali; Artur Zolkowski; Bartosz Stefaniak; Chen-Hsuan Lin; Daniel Dworakowski; David Page; Despoina Paschalidou; Dieter Fox; Ed Schmerling; Erik Barker; Ethan He; Fangyin Wei; Fitsum Reda; Francesco Ferroni; Gergely Klár; Grace Lam; Hanzi Mao; Hao Wang; Haoxiang Wang; Heng Wang; Jacob Huffman; Jay Zhangjie Wu; Jiahui Huang; Jiaojiao Fan; Jiashu Xu; Jibin Varghese; Jing Zhang; Jingyi Jin; Jinwei Gu; Kaichun Mo; Laura Leal-Taixe; Lin Yen-Chen; Lindsey Pavao; Lyne Tchapmi; Maciej Bala; Michele Fenzi; Ming-Yu Liu; Morteza Ramezanali; NVIDIA; Niket Agarwal; Pooya Jannaty; Prithvijit Chattopadhyay; Przemek Tredak; Qianli Ma; Qingqing Zhao; Qinsheng Zhang; Sanja Fidler; Seung Wook Kim; Seungjun Nah; Shitao Tang; Shiyi Lan; Siddharth Gururani; Songwei Ge; Sriharsha Niverty; Stella Shi; Tiffany Cai; Ting-Chun Wang; Tsung-Yi Lin; Vasanth Rao Naik Sabavat; Wei Yang; Wei-Cheng Tseng; Xian Liu; Xiaohui Zeng; Xiaowei Ren; Xinyue Wei; Yifan Ding; Yin Cui; Yogesh Balaji; Yongxin Chen; Yu Zeng; Yunhao Ge; Yuxuan Zhang; Zeeshan Patel; Zhaoshuo Li,2501.03575v3: Cosmos World Foundation Model Platform for Physical AI,https://github.com/AL-Huan-Ling,,,,,,2065316705.0,,2.0,24.0,,https://www.google.com/search?q=site%3Alinkedin.com/in%20%22Huan%20Ling%22,NVIDIA
Xian Liu,1,:; Alice Luo; Anqi Li; Arsalan Mousavian; Arslan Ali; Artur Zolkowski; Bartosz Stefaniak; Chen-Hsuan Lin; Daniel Dworakowski; David Page; Despoina Paschalidou; Dieter Fox; Ed Schmerling; Erik Barker; Ethan He; Fangyin Wei; Fitsum Reda; Francesco Ferroni; Gergely Klár; Grace Lam; Hanzi Mao; Hao Wang; Haoxiang Wang; Heng Wang; Huan Ling; Jacob Huffman; Jay Zhangjie Wu; Jiahui Huang; Jiaojiao Fan; Jiashu Xu; Jibin Varghese; Jing Zhang; Jingyi Jin; Jinwei Gu; Kaichun Mo; Laura Leal-Taixe; Lin Yen-Chen; Lindsey Pavao; Lyne Tchapmi; Maciej Bala; Michele Fenzi; Ming-Yu Liu; Morteza Ramezanali; NVIDIA; Niket Agarwal; Pooya Jannaty; Prithvijit Chattopadhyay; Przemek Tredak; Qianli Ma; Qingqing Zhao; Qinsheng Zhang; Sanja Fidler; Seung Wook Kim; Seungjun Nah; Shitao Tang; Shiyi Lan; Siddharth Gururani; Songwei Ge; Sriharsha Niverty; Stella Shi; Tiffany Cai; Ting-Chun Wang; Tsung-Yi Lin; Vasanth Rao Naik Sabavat; Wei Yang; Wei-Cheng Tseng; Xiaohui Zeng; Xiaowei Ren; Xinyue Wei; Yifan Ding; Yin Cui; Yogesh Balaji; Yongxin Chen; Yu Zeng; Yunhao Ge; Yuxuan Zhang; Zeeshan Patel; Zhaoshuo Li,2501.03575v3: Cosmos World Foundation Model Platform for Physical AI,https://github.com/xianliu,,,,,,2379380872.0,,4.0,167.0,,https://www.google.com/search?q=site%3Alinkedin.com/in%20%22Xian%20Liu%22,NVIDIA
Alice Luo,1,:; Anqi Li; Arsalan Mousavian; Arslan Ali; Artur Zolkowski; Bartosz Stefaniak; Chen-Hsuan Lin; Daniel Dworakowski; David Page; Despoina Paschalidou; Dieter Fox; Ed Schmerling; Erik Barker; Ethan He; Fangyin Wei; Fitsum Reda; Francesco Ferroni; Gergely Klár; Grace Lam; Hanzi Mao; Hao Wang; Haoxiang Wang; Heng Wang; Huan Ling; Jacob Huffman; Jay Zhangjie Wu; Jiahui Huang; Jiaojiao Fan; Jiashu Xu; Jibin Varghese; Jing Zhang; Jingyi Jin; Jinwei Gu; Kaichun Mo; Laura Leal-Taixe; Lin Yen-Chen; Lindsey Pavao; Lyne Tchapmi; Maciej Bala; Michele Fenzi; Ming-Yu Liu; Morteza Ramezanali; NVIDIA; Niket Agarwal; Pooya Jannaty; Prithvijit Chattopadhyay; Przemek Tredak; Qianli Ma; Qingqing Zhao; Qinsheng Zhang; Sanja Fidler; Seung Wook Kim; Seungjun Nah; Shitao Tang; Shiyi Lan; Siddharth Gururani; Songwei Ge; Sriharsha Niverty; Stella Shi; Tiffany Cai; Ting-Chun Wang; Tsung-Yi Lin; Vasanth Rao Naik Sabavat; Wei Yang; Wei-Cheng Tseng; Xian Liu; Xiaohui Zeng; Xiaowei Ren; Xinyue Wei; Yifan Ding; Yin Cui; Yogesh Balaji; Yongxin Chen; Yu Zeng; Yunhao Ge; Yuxuan Zhang; Zeeshan Patel; Zhaoshuo Li,2501.03575v3: Cosmos World Foundation Model Platform for Physical AI,https://github.com/AliceLuo1016,,,,,,17229020.0,,6.0,426.0,,https://www.google.com/search?q=site%3Alinkedin.com/in%20%22Alice%20Luo%22,NVIDIA
Qianli Ma,1,:; Alice Luo; Anqi Li; Arsalan Mousavian; Arslan Ali; Artur Zolkowski; Bartosz Stefaniak; Chen-Hsuan Lin; Daniel Dworakowski; David Page; Despoina Paschalidou; Dieter Fox; Ed Schmerling; Erik Barker; Ethan He; Fangyin Wei; Fitsum Reda; Francesco Ferroni; Gergely Klár; Grace Lam; Hanzi Mao; Hao Wang; Haoxiang Wang; Heng Wang; Huan Ling; Jacob Huffman; Jay Zhangjie Wu; Jiahui Huang; Jiaojiao Fan; Jiashu Xu; Jibin Varghese; Jing Zhang; Jingyi Jin; Jinwei Gu; Kaichun Mo; Laura Leal-Taixe; Lin Yen-Chen; Lindsey Pavao; Lyne Tchapmi; Maciej Bala; Michele Fenzi; Ming-Yu Liu; Morteza Ramezanali; NVIDIA; Niket Agarwal; Pooya Jannaty; Prithvijit Chattopadhyay; Przemek Tredak; Qingqing Zhao; Qinsheng Zhang; Sanja Fidler; Seung Wook Kim; Seungjun Nah; Shitao Tang; Shiyi Lan; Siddharth Gururani; Songwei Ge; Sriharsha Niverty; Stella Shi; Tiffany Cai; Ting-Chun Wang; Tsung-Yi Lin; Vasanth Rao Naik Sabavat; Wei Yang; Wei-Cheng Tseng; Xian Liu; Xiaohui Zeng; Xiaowei Ren; Xinyue Wei; Yifan Ding; Yin Cui; Yogesh Balaji; Yongxin Chen; Yu Zeng; Yunhao Ge; Yuxuan Zhang; Zeeshan Patel; Zhaoshuo Li,2501.03575v3: Cosmos World Foundation Model Platform for Physical AI,https://github.com/Qianli-Ma,,,,,,2195587867.0,,1.0,11.0,,https://www.google.com/search?q=site%3Alinkedin.com/in%20%22Qianli%20Ma%22,NVIDIA
Hanzi Mao,1,:; Alice Luo; Anqi Li; Arsalan Mousavian; Arslan Ali; Artur Zolkowski; Bartosz Stefaniak; Chen-Hsuan Lin; Daniel Dworakowski; David Page; Despoina Paschalidou; Dieter Fox; Ed Schmerling; Erik Barker; Ethan He; Fangyin Wei; Fitsum Reda; Francesco Ferroni; Gergely Klár; Grace Lam; Hao Wang; Haoxiang Wang; Heng Wang; Huan Ling; Jacob Huffman; Jay Zhangjie Wu; Jiahui Huang; Jiaojiao Fan; Jiashu Xu; Jibin Varghese; Jing Zhang; Jingyi Jin; Jinwei Gu; Kaichun Mo; Laura Leal-Taixe; Lin Yen-Chen; Lindsey Pavao; Lyne Tchapmi; Maciej Bala; Michele Fenzi; Ming-Yu Liu; Morteza Ramezanali; NVIDIA; Niket Agarwal; Pooya Jannaty; Prithvijit Chattopadhyay; Przemek Tredak; Qianli Ma; Qingqing Zhao; Qinsheng Zhang; Sanja Fidler; Seung Wook Kim; Seungjun Nah; Shitao Tang; Shiyi Lan; Siddharth Gururani; Songwei Ge; Sriharsha Niverty; Stella Shi; Tiffany Cai; Ting-Chun Wang; Tsung-Yi Lin; Vasanth Rao Naik Sabavat; Wei Yang; Wei-Cheng Tseng; Xian Liu; Xiaohui Zeng; Xiaowei Ren; Xinyue Wei; Yifan Ding; Yin Cui; Yogesh Balaji; Yongxin Chen; Yu Zeng; Yunhao Ge; Yuxuan Zhang; Zeeshan Patel; Zhaoshuo Li,2501.03575v3: Cosmos World Foundation Model Platform for Physical AI,https://github.com/HannaMao,,,,,,2313167739.0,,8.0,1144.0,,https://www.google.com/search?q=site%3Alinkedin.com/in%20%22Hanzi%20Mao%22,NVIDIA
Kaichun Mo,1,:; Alice Luo; Anqi Li; Arsalan Mousavian; Arslan Ali; Artur Zolkowski; Bartosz Stefaniak; Chen-Hsuan Lin; Daniel Dworakowski; David Page; Despoina Paschalidou; Dieter Fox; Ed Schmerling; Erik Barker; Ethan He; Fangyin Wei; Fitsum Reda; Francesco Ferroni; Gergely Klár; Grace Lam; Hanzi Mao; Hao Wang; Haoxiang Wang; Heng Wang; Huan Ling; Jacob Huffman; Jay Zhangjie Wu; Jiahui Huang; Jiaojiao Fan; Jiashu Xu; Jibin Varghese; Jing Zhang; Jingyi Jin; Jinwei Gu; Laura Leal-Taixe; Lin Yen-Chen; Lindsey Pavao; Lyne Tchapmi; Maciej Bala; Michele Fenzi; Ming-Yu Liu; Morteza Ramezanali; NVIDIA; Niket Agarwal; Pooya Jannaty; Prithvijit Chattopadhyay; Przemek Tredak; Qianli Ma; Qingqing Zhao; Qinsheng Zhang; Sanja Fidler; Seung Wook Kim; Seungjun Nah; Shitao Tang; Shiyi Lan; Siddharth Gururani; Songwei Ge; Sriharsha Niverty; Stella Shi; Tiffany Cai; Ting-Chun Wang; Tsung-Yi Lin; Vasanth Rao Naik Sabavat; Wei Yang; Wei-Cheng Tseng; Xian Liu; Xiaohui Zeng; Xiaowei Ren; Xinyue Wei; Yifan Ding; Yin Cui; Yogesh Balaji; Yongxin Chen; Yu Zeng; Yunhao Ge; Yuxuan Zhang; Zeeshan Patel; Zhaoshuo Li,2501.03575v3: Cosmos World Foundation Model Platform for Physical AI,https://github.com/daerduoCarey,,,,,,2278794161.0,,2.0,13.0,,https://www.google.com/search?q=site%3Alinkedin.com/in%20%22Kaichun%20Mo%22,NVIDIA
Arsalan Mousavian,1,:; Alice Luo; Anqi Li; Arslan Ali; Artur Zolkowski; Bartosz Stefaniak; Chen-Hsuan Lin; Daniel Dworakowski; David Page; Despoina Paschalidou; Dieter Fox; Ed Schmerling; Erik Barker; Ethan He; Fangyin Wei; Fitsum Reda; Francesco Ferroni; Gergely Klár; Grace Lam; Hanzi Mao; Hao Wang; Haoxiang Wang; Heng Wang; Huan Ling; Jacob Huffman; Jay Zhangjie Wu; Jiahui Huang; Jiaojiao Fan; Jiashu Xu; Jibin Varghese; Jing Zhang; Jingyi Jin; Jinwei Gu; Kaichun Mo; Laura Leal-Taixe; Lin Yen-Chen; Lindsey Pavao; Lyne Tchapmi; Maciej Bala; Michele Fenzi; Ming-Yu Liu; Morteza Ramezanali; NVIDIA; Niket Agarwal; Pooya Jannaty; Prithvijit Chattopadhyay; Przemek Tredak; Qianli Ma; Qingqing Zhao; Qinsheng Zhang; Sanja Fidler; Seung Wook Kim; Seungjun Nah; Shitao Tang; Shiyi Lan; Siddharth Gururani; Songwei Ge; Sriharsha Niverty; Stella Shi; Tiffany Cai; Ting-Chun Wang; Tsung-Yi Lin; Vasanth Rao Naik Sabavat; Wei Yang; Wei-Cheng Tseng; Xian Liu; Xiaohui Zeng; Xiaowei Ren; Xinyue Wei; Yifan Ding; Yin Cui; Yogesh Balaji; Yongxin Chen; Yu Zeng; Yunhao Ge; Yuxuan Zhang; Zeeshan Patel; Zhaoshuo Li,2501.03575v3: Cosmos World Foundation Model Platform for Physical AI,https://github.com/arsalan-mousavian,,,,,,3040583.0,,36.0,8342.0,,https://www.google.com/search?q=site%3Alinkedin.com/in%20%22Arsalan%20Mousavian%22,NVIDIA
Seungjun Nah,1,:; Alice Luo; Anqi Li; Arsalan Mousavian; Arslan Ali; Artur Zolkowski; Bartosz Stefaniak; Chen-Hsuan Lin; Daniel Dworakowski; David Page; Despoina Paschalidou; Dieter Fox; Ed Schmerling; Erik Barker; Ethan He; Fangyin Wei; Fitsum Reda; Francesco Ferroni; Gergely Klár; Grace Lam; Hanzi Mao; Hao Wang; Haoxiang Wang; Heng Wang; Huan Ling; Jacob Huffman; Jay Zhangjie Wu; Jiahui Huang; Jiaojiao Fan; Jiashu Xu; Jibin Varghese; Jing Zhang; Jingyi Jin; Jinwei Gu; Kaichun Mo; Laura Leal-Taixe; Lin Yen-Chen; Lindsey Pavao; Lyne Tchapmi; Maciej Bala; Michele Fenzi; Ming-Yu Liu; Morteza Ramezanali; NVIDIA; Niket Agarwal; Pooya Jannaty; Prithvijit Chattopadhyay; Przemek Tredak; Qianli Ma; Qingqing Zhao; Qinsheng Zhang; Sanja Fidler; Seung Wook Kim; Shitao Tang; Shiyi Lan; Siddharth Gururani; Songwei Ge; Sriharsha Niverty; Stella Shi; Tiffany Cai; Ting-Chun Wang; Tsung-Yi Lin; Vasanth Rao Naik Sabavat; Wei Yang; Wei-Cheng Tseng; Xian Liu; Xiaohui Zeng; Xiaowei Ren; Xinyue Wei; Yifan Ding; Yin Cui; Yogesh Balaji; Yongxin Chen; Yu Zeng; Yunhao Ge; Yuxuan Zhang; Zeeshan Patel; Zhaoshuo Li,2501.03575v3: Cosmos World Foundation Model Platform for Physical AI,https://github.com/SeungjunNah,,,,,,40648435.0,,21.0,15121.0,,https://www.google.com/search?q=site%3Alinkedin.com/in%20%22Seungjun%20Nah%22,NVIDIA
Sriharsha Niverty,1,:; Alice Luo; Anqi Li; Arsalan Mousavian; Arslan Ali; Artur Zolkowski; Bartosz Stefaniak; Chen-Hsuan Lin; Daniel Dworakowski; David Page; Despoina Paschalidou; Dieter Fox; Ed Schmerling; Erik Barker; Ethan He; Fangyin Wei; Fitsum Reda; Francesco Ferroni; Gergely Klár; Grace Lam; Hanzi Mao; Hao Wang; Haoxiang Wang; Heng Wang; Huan Ling; Jacob Huffman; Jay Zhangjie Wu; Jiahui Huang; Jiaojiao Fan; Jiashu Xu; Jibin Varghese; Jing Zhang; Jingyi Jin; Jinwei Gu; Kaichun Mo; Laura Leal-Taixe; Lin Yen-Chen; Lindsey Pavao; Lyne Tchapmi; Maciej Bala; Michele Fenzi; Ming-Yu Liu; Morteza Ramezanali; NVIDIA; Niket Agarwal; Pooya Jannaty; Prithvijit Chattopadhyay; Przemek Tredak; Qianli Ma; Qingqing Zhao; Qinsheng Zhang; Sanja Fidler; Seung Wook Kim; Seungjun Nah; Shitao Tang; Shiyi Lan; Siddharth Gururani; Songwei Ge; Stella Shi; Tiffany Cai; Ting-Chun Wang; Tsung-Yi Lin; Vasanth Rao Naik Sabavat; Wei Yang; Wei-Cheng Tseng; Xian Liu; Xiaohui Zeng; Xiaowei Ren; Xinyue Wei; Yifan Ding; Yin Cui; Yogesh Balaji; Yongxin Chen; Yu Zeng; Yunhao Ge; Yuxuan Zhang; Zeeshan Patel; Zhaoshuo Li,2501.03575v3: Cosmos World Foundation Model Platform for Physical AI,,,,,,,2338889490.0,,3.0,744.0,,https://www.google.com/search?q=site%3Alinkedin.com/in%20%22Sriharsha%20Niverty%22,NVIDIA
David Page,1,:; Alice Luo; Anqi Li; Arsalan Mousavian; Arslan Ali; Artur Zolkowski; Bartosz Stefaniak; Chen-Hsuan Lin; Daniel Dworakowski; Despoina Paschalidou; Dieter Fox; Ed Schmerling; Erik Barker; Ethan He; Fangyin Wei; Fitsum Reda; Francesco Ferroni; Gergely Klár; Grace Lam; Hanzi Mao; Hao Wang; Haoxiang Wang; Heng Wang; Huan Ling; Jacob Huffman; Jay Zhangjie Wu; Jiahui Huang; Jiaojiao Fan; Jiashu Xu; Jibin Varghese; Jing Zhang; Jingyi Jin; Jinwei Gu; Kaichun Mo; Laura Leal-Taixe; Lin Yen-Chen; Lindsey Pavao; Lyne Tchapmi; Maciej Bala; Michele Fenzi; Ming-Yu Liu; Morteza Ramezanali; NVIDIA; Niket Agarwal; Pooya Jannaty; Prithvijit Chattopadhyay; Przemek Tredak; Qianli Ma; Qingqing Zhao; Qinsheng Zhang; Sanja Fidler; Seung Wook Kim; Seungjun Nah; Shitao Tang; Shiyi Lan; Siddharth Gururani; Songwei Ge; Sriharsha Niverty; Stella Shi; Tiffany Cai; Ting-Chun Wang; Tsung-Yi Lin; Vasanth Rao Naik Sabavat; Wei Yang; Wei-Cheng Tseng; Xian Liu; Xiaohui Zeng; Xiaowei Ren; Xinyue Wei; Yifan Ding; Yin Cui; Yogesh Balaji; Yongxin Chen; Yu Zeng; Yunhao Ge; Yuxuan Zhang; Zeeshan Patel; Zhaoshuo Li,2501.03575v3: Cosmos World Foundation Model Platform for Physical AI,https://github.com/DavidPageATL,,,,,,152354083.0,,11.0,739.0,,https://www.google.com/search?q=site%3Alinkedin.com/in%20%22David%20Page%22,NVIDIA
Despoina Paschalidou,1,:; Alice Luo; Anqi Li; Arsalan Mousavian; Arslan Ali; Artur Zolkowski; Bartosz Stefaniak; Chen-Hsuan Lin; Daniel Dworakowski; David Page; Dieter Fox; Ed Schmerling; Erik Barker; Ethan He; Fangyin Wei; Fitsum Reda; Francesco Ferroni; Gergely Klár; Grace Lam; Hanzi Mao; Hao Wang; Haoxiang Wang; Heng Wang; Huan Ling; Jacob Huffman; Jay Zhangjie Wu; Jiahui Huang; Jiaojiao Fan; Jiashu Xu; Jibin Varghese; Jing Zhang; Jingyi Jin; Jinwei Gu; Kaichun Mo; Laura Leal-Taixe; Lin Yen-Chen; Lindsey Pavao; Lyne Tchapmi; Maciej Bala; Michele Fenzi; Ming-Yu Liu; Morteza Ramezanali; NVIDIA; Niket Agarwal; Pooya Jannaty; Prithvijit Chattopadhyay; Przemek Tredak; Qianli Ma; Qingqing Zhao; Qinsheng Zhang; Sanja Fidler; Seung Wook Kim; Seungjun Nah; Shitao Tang; Shiyi Lan; Siddharth Gururani; Songwei Ge; Sriharsha Niverty; Stella Shi; Tiffany Cai; Ting-Chun Wang; Tsung-Yi Lin; Vasanth Rao Naik Sabavat; Wei Yang; Wei-Cheng Tseng; Xian Liu; Xiaohui Zeng; Xiaowei Ren; Xinyue Wei; Yifan Ding; Yin Cui; Yogesh Balaji; Yongxin Chen; Yu Zeng; Yunhao Ge; Yuxuan Zhang; Zeeshan Patel; Zhaoshuo Li,2501.03575v3: Cosmos World Foundation Model Platform for Physical AI,https://github.com/paschalidoud,,,,,,2328977814.0,,2.0,679.0,,https://www.google.com/search?q=site%3Alinkedin.com/in%20%22Despoina%20Paschalidou%22,NVIDIA
Zeeshan Patel,1,:; Alice Luo; Anqi Li; Arsalan Mousavian; Arslan Ali; Artur Zolkowski; Bartosz Stefaniak; Chen-Hsuan Lin; Daniel Dworakowski; David Page; Despoina Paschalidou; Dieter Fox; Ed Schmerling; Erik Barker; Ethan He; Fangyin Wei; Fitsum Reda; Francesco Ferroni; Gergely Klár; Grace Lam; Hanzi Mao; Hao Wang; Haoxiang Wang; Heng Wang; Huan Ling; Jacob Huffman; Jay Zhangjie Wu; Jiahui Huang; Jiaojiao Fan; Jiashu Xu; Jibin Varghese; Jing Zhang; Jingyi Jin; Jinwei Gu; Kaichun Mo; Laura Leal-Taixe; Lin Yen-Chen; Lindsey Pavao; Lyne Tchapmi; Maciej Bala; Michele Fenzi; Ming-Yu Liu; Morteza Ramezanali; NVIDIA; Niket Agarwal; Pooya Jannaty; Prithvijit Chattopadhyay; Przemek Tredak; Qianli Ma; Qingqing Zhao; Qinsheng Zhang; Sanja Fidler; Seung Wook Kim; Seungjun Nah; Shitao Tang; Shiyi Lan; Siddharth Gururani; Songwei Ge; Sriharsha Niverty; Stella Shi; Tiffany Cai; Ting-Chun Wang; Tsung-Yi Lin; Vasanth Rao Naik Sabavat; Wei Yang; Wei-Cheng Tseng; Xian Liu; Xiaohui Zeng; Xiaowei Ren; Xinyue Wei; Yifan Ding; Yin Cui; Yogesh Balaji; Yongxin Chen; Yu Zeng; Yunhao Ge; Yuxuan Zhang; Zhaoshuo Li,2501.03575v3: Cosmos World Foundation Model Platform for Physical AI,https://github.com/zeeshan-xai,,,,,,1704218096.0,,8.0,217.0,,https://www.google.com/search?q=site%3Alinkedin.com/in%20%22Zeeshan%20Patel%22,NVIDIA
Morteza Ramezanali,1,:; Alice Luo; Anqi Li; Arsalan Mousavian; Arslan Ali; Artur Zolkowski; Bartosz Stefaniak; Chen-Hsuan Lin; Daniel Dworakowski; David Page; Despoina Paschalidou; Dieter Fox; Ed Schmerling; Erik Barker; Ethan He; Fangyin Wei; Fitsum Reda; Francesco Ferroni; Gergely Klár; Grace Lam; Hanzi Mao; Hao Wang; Haoxiang Wang; Heng Wang; Huan Ling; Jacob Huffman; Jay Zhangjie Wu; Jiahui Huang; Jiaojiao Fan; Jiashu Xu; Jibin Varghese; Jing Zhang; Jingyi Jin; Jinwei Gu; Kaichun Mo; Laura Leal-Taixe; Lin Yen-Chen; Lindsey Pavao; Lyne Tchapmi; Maciej Bala; Michele Fenzi; Ming-Yu Liu; NVIDIA; Niket Agarwal; Pooya Jannaty; Prithvijit Chattopadhyay; Przemek Tredak; Qianli Ma; Qingqing Zhao; Qinsheng Zhang; Sanja Fidler; Seung Wook Kim; Seungjun Nah; Shitao Tang; Shiyi Lan; Siddharth Gururani; Songwei Ge; Sriharsha Niverty; Stella Shi; Tiffany Cai; Ting-Chun Wang; Tsung-Yi Lin; Vasanth Rao Naik Sabavat; Wei Yang; Wei-Cheng Tseng; Xian Liu; Xiaohui Zeng; Xiaowei Ren; Xinyue Wei; Yifan Ding; Yin Cui; Yogesh Balaji; Yongxin Chen; Yu Zeng; Yunhao Ge; Yuxuan Zhang; Zeeshan Patel; Zhaoshuo Li,2501.03575v3: Cosmos World Foundation Model Platform for Physical AI,,,,,,,2338890557.0,,2.0,773.0,,https://www.google.com/search?q=site%3Alinkedin.com/in%20%22Morteza%20Ramezanali%22,NVIDIA
Fitsum Reda,1,:; Alice Luo; Anqi Li; Arsalan Mousavian; Arslan Ali; Artur Zolkowski; Bartosz Stefaniak; Chen-Hsuan Lin; Daniel Dworakowski; David Page; Despoina Paschalidou; Dieter Fox; Ed Schmerling; Erik Barker; Ethan He; Fangyin Wei; Francesco Ferroni; Gergely Klár; Grace Lam; Hanzi Mao; Hao Wang; Haoxiang Wang; Heng Wang; Huan Ling; Jacob Huffman; Jay Zhangjie Wu; Jiahui Huang; Jiaojiao Fan; Jiashu Xu; Jibin Varghese; Jing Zhang; Jingyi Jin; Jinwei Gu; Kaichun Mo; Laura Leal-Taixe; Lin Yen-Chen; Lindsey Pavao; Lyne Tchapmi; Maciej Bala; Michele Fenzi; Ming-Yu Liu; Morteza Ramezanali; NVIDIA; Niket Agarwal; Pooya Jannaty; Prithvijit Chattopadhyay; Przemek Tredak; Qianli Ma; Qingqing Zhao; Qinsheng Zhang; Sanja Fidler; Seung Wook Kim; Seungjun Nah; Shitao Tang; Shiyi Lan; Siddharth Gururani; Songwei Ge; Sriharsha Niverty; Stella Shi; Tiffany Cai; Ting-Chun Wang; Tsung-Yi Lin; Vasanth Rao Naik Sabavat; Wei Yang; Wei-Cheng Tseng; Xian Liu; Xiaohui Zeng; Xiaowei Ren; Xinyue Wei; Yifan Ding; Yin Cui; Yogesh Balaji; Yongxin Chen; Yu Zeng; Yunhao Ge; Yuxuan Zhang; Zeeshan Patel; Zhaoshuo Li,2501.03575v3: Cosmos World Foundation Model Platform for Physical AI,https://github.com/fitsumreda,,,,,,3291967.0,,17.0,4589.0,,https://www.google.com/search?q=site%3Alinkedin.com/in%20%22Fitsum%20Reda%22,NVIDIA
Xiaowei Ren,1,:; Alice Luo; Anqi Li; Arsalan Mousavian; Arslan Ali; Artur Zolkowski; Bartosz Stefaniak; Chen-Hsuan Lin; Daniel Dworakowski; David Page; Despoina Paschalidou; Dieter Fox; Ed Schmerling; Erik Barker; Ethan He; Fangyin Wei; Fitsum Reda; Francesco Ferroni; Gergely Klár; Grace Lam; Hanzi Mao; Hao Wang; Haoxiang Wang; Heng Wang; Huan Ling; Jacob Huffman; Jay Zhangjie Wu; Jiahui Huang; Jiaojiao Fan; Jiashu Xu; Jibin Varghese; Jing Zhang; Jingyi Jin; Jinwei Gu; Kaichun Mo; Laura Leal-Taixe; Lin Yen-Chen; Lindsey Pavao; Lyne Tchapmi; Maciej Bala; Michele Fenzi; Ming-Yu Liu; Morteza Ramezanali; NVIDIA; Niket Agarwal; Pooya Jannaty; Prithvijit Chattopadhyay; Przemek Tredak; Qianli Ma; Qingqing Zhao; Qinsheng Zhang; Sanja Fidler; Seung Wook Kim; Seungjun Nah; Shitao Tang; Shiyi Lan; Siddharth Gururani; Songwei Ge; Sriharsha Niverty; Stella Shi; Tiffany Cai; Ting-Chun Wang; Tsung-Yi Lin; Vasanth Rao Naik Sabavat; Wei Yang; Wei-Cheng Tseng; Xian Liu; Xiaohui Zeng; Xinyue Wei; Yifan Ding; Yin Cui; Yogesh Balaji; Yongxin Chen; Yu Zeng; Yunhao Ge; Yuxuan Zhang; Zeeshan Patel; Zhaoshuo Li,2501.03575v3: Cosmos World Foundation Model Platform for Physical AI,https://github.com/xrennvidia,,,,,,2087287398.0,,3.0,193.0,,https://www.google.com/search?q=site%3Alinkedin.com/in%20%22Xiaowei%20Ren%22,NVIDIA
Vasanth Rao Naik Sabavat,1,:; Alice Luo; Anqi Li; Arsalan Mousavian; Arslan Ali; Artur Zolkowski; Bartosz Stefaniak; Chen-Hsuan Lin; Daniel Dworakowski; David Page; Despoina Paschalidou; Dieter Fox; Ed Schmerling; Erik Barker; Ethan He; Fangyin Wei; Fitsum Reda; Francesco Ferroni; Gergely Klár; Grace Lam; Hanzi Mao; Hao Wang; Haoxiang Wang; Heng Wang; Huan Ling; Jacob Huffman; Jay Zhangjie Wu; Jiahui Huang; Jiaojiao Fan; Jiashu Xu; Jibin Varghese; Jing Zhang; Jingyi Jin; Jinwei Gu; Kaichun Mo; Laura Leal-Taixe; Lin Yen-Chen; Lindsey Pavao; Lyne Tchapmi; Maciej Bala; Michele Fenzi; Ming-Yu Liu; Morteza Ramezanali; NVIDIA; Niket Agarwal; Pooya Jannaty; Prithvijit Chattopadhyay; Przemek Tredak; Qianli Ma; Qingqing Zhao; Qinsheng Zhang; Sanja Fidler; Seung Wook Kim; Seungjun Nah; Shitao Tang; Shiyi Lan; Siddharth Gururani; Songwei Ge; Sriharsha Niverty; Stella Shi; Tiffany Cai; Ting-Chun Wang; Tsung-Yi Lin; Wei Yang; Wei-Cheng Tseng; Xian Liu; Xiaohui Zeng; Xiaowei Ren; Xinyue Wei; Yifan Ding; Yin Cui; Yogesh Balaji; Yongxin Chen; Yu Zeng; Yunhao Ge; Yuxuan Zhang; Zeeshan Patel; Zhaoshuo Li,2501.03575v3: Cosmos World Foundation Model Platform for Physical AI,,,,,,,2306951791.0,,2.0,787.0,,https://www.google.com/search?q=site%3Alinkedin.com/in%20%22Vasanth%20Rao%20Naik%20Sabavat%22,NVIDIA
Stella Shi,1,:; Alice Luo; Anqi Li; Arsalan Mousavian; Arslan Ali; Artur Zolkowski; Bartosz Stefaniak; Chen-Hsuan Lin; Daniel Dworakowski; David Page; Despoina Paschalidou; Dieter Fox; Ed Schmerling; Erik Barker; Ethan He; Fangyin Wei; Fitsum Reda; Francesco Ferroni; Gergely Klár; Grace Lam; Hanzi Mao; Hao Wang; Haoxiang Wang; Heng Wang; Huan Ling; Jacob Huffman; Jay Zhangjie Wu; Jiahui Huang; Jiaojiao Fan; Jiashu Xu; Jibin Varghese; Jing Zhang; Jingyi Jin; Jinwei Gu; Kaichun Mo; Laura Leal-Taixe; Lin Yen-Chen; Lindsey Pavao; Lyne Tchapmi; Maciej Bala; Michele Fenzi; Ming-Yu Liu; Morteza Ramezanali; NVIDIA; Niket Agarwal; Pooya Jannaty; Prithvijit Chattopadhyay; Przemek Tredak; Qianli Ma; Qingqing Zhao; Qinsheng Zhang; Sanja Fidler; Seung Wook Kim; Seungjun Nah; Shitao Tang; Shiyi Lan; Siddharth Gururani; Songwei Ge; Sriharsha Niverty; Tiffany Cai; Ting-Chun Wang; Tsung-Yi Lin; Vasanth Rao Naik Sabavat; Wei Yang; Wei-Cheng Tseng; Xian Liu; Xiaohui Zeng; Xiaowei Ren; Xinyue Wei; Yifan Ding; Yin Cui; Yogesh Balaji; Yongxin Chen; Yu Zeng; Yunhao Ge; Yuxuan Zhang; Zeeshan Patel; Zhaoshuo Li,2501.03575v3: Cosmos World Foundation Model Platform for Physical AI,https://github.com/jshi32-ford,,,,,,2305628682.0,,1.0,7.0,,https://www.google.com/search?q=site%3Alinkedin.com/in%20%22Stella%20Shi%22,NVIDIA
Bartosz Stefaniak,1,:; Alice Luo; Anqi Li; Arsalan Mousavian; Arslan Ali; Artur Zolkowski; Chen-Hsuan Lin; Daniel Dworakowski; David Page; Despoina Paschalidou; Dieter Fox; Ed Schmerling; Erik Barker; Ethan He; Fangyin Wei; Fitsum Reda; Francesco Ferroni; Gergely Klár; Grace Lam; Hanzi Mao; Hao Wang; Haoxiang Wang; Heng Wang; Huan Ling; Jacob Huffman; Jay Zhangjie Wu; Jiahui Huang; Jiaojiao Fan; Jiashu Xu; Jibin Varghese; Jing Zhang; Jingyi Jin; Jinwei Gu; Kaichun Mo; Laura Leal-Taixe; Lin Yen-Chen; Lindsey Pavao; Lyne Tchapmi; Maciej Bala; Michele Fenzi; Ming-Yu Liu; Morteza Ramezanali; NVIDIA; Niket Agarwal; Pooya Jannaty; Prithvijit Chattopadhyay; Przemek Tredak; Qianli Ma; Qingqing Zhao; Qinsheng Zhang; Sanja Fidler; Seung Wook Kim; Seungjun Nah; Shitao Tang; Shiyi Lan; Siddharth Gururani; Songwei Ge; Sriharsha Niverty; Stella Shi; Tiffany Cai; Ting-Chun Wang; Tsung-Yi Lin; Vasanth Rao Naik Sabavat; Wei Yang; Wei-Cheng Tseng; Xian Liu; Xiaohui Zeng; Xiaowei Ren; Xinyue Wei; Yifan Ding; Yin Cui; Yogesh Balaji; Yongxin Chen; Yu Zeng; Yunhao Ge; Yuxuan Zhang; Zeeshan Patel; Zhaoshuo Li,2501.03575v3: Cosmos World Foundation Model Platform for Physical AI,https://github.com/bzsn-gft,,,,,,2338889798.0,,2.0,773.0,,https://www.google.com/search?q=site%3Alinkedin.com/in%20%22Bartosz%20Stefaniak%22,NVIDIA
Shitao Tang,1,:; Alice Luo; Anqi Li; Arsalan Mousavian; Arslan Ali; Artur Zolkowski; Bartosz Stefaniak; Chen-Hsuan Lin; Daniel Dworakowski; David Page; Despoina Paschalidou; Dieter Fox; Ed Schmerling; Erik Barker; Ethan He; Fangyin Wei; Fitsum Reda; Francesco Ferroni; Gergely Klár; Grace Lam; Hanzi Mao; Hao Wang; Haoxiang Wang; Heng Wang; Huan Ling; Jacob Huffman; Jay Zhangjie Wu; Jiahui Huang; Jiaojiao Fan; Jiashu Xu; Jibin Varghese; Jing Zhang; Jingyi Jin; Jinwei Gu; Kaichun Mo; Laura Leal-Taixe; Lin Yen-Chen; Lindsey Pavao; Lyne Tchapmi; Maciej Bala; Michele Fenzi; Ming-Yu Liu; Morteza Ramezanali; NVIDIA; Niket Agarwal; Pooya Jannaty; Prithvijit Chattopadhyay; Przemek Tredak; Qianli Ma; Qingqing Zhao; Qinsheng Zhang; Sanja Fidler; Seung Wook Kim; Seungjun Nah; Shiyi Lan; Siddharth Gururani; Songwei Ge; Sriharsha Niverty; Stella Shi; Tiffany Cai; Ting-Chun Wang; Tsung-Yi Lin; Vasanth Rao Naik Sabavat; Wei Yang; Wei-Cheng Tseng; Xian Liu; Xiaohui Zeng; Xiaowei Ren; Xinyue Wei; Yifan Ding; Yin Cui; Yogesh Balaji; Yongxin Chen; Yu Zeng; Yunhao Ge; Yuxuan Zhang; Zeeshan Patel; Zhaoshuo Li,2501.03575v3: Cosmos World Foundation Model Platform for Physical AI,https://github.com/ShitaoTang,,,,,,22246693.0,,7.0,615.0,,https://www.google.com/search?q=site%3Alinkedin.com/in%20%22Shitao%20Tang%22,NVIDIA
Lyne Tchapmi,1,:; Alice Luo; Anqi Li; Arsalan Mousavian; Arslan Ali; Artur Zolkowski; Bartosz Stefaniak; Chen-Hsuan Lin; Daniel Dworakowski; David Page; Despoina Paschalidou; Dieter Fox; Ed Schmerling; Erik Barker; Ethan He; Fangyin Wei; Fitsum Reda; Francesco Ferroni; Gergely Klár; Grace Lam; Hanzi Mao; Hao Wang; Haoxiang Wang; Heng Wang; Huan Ling; Jacob Huffman; Jay Zhangjie Wu; Jiahui Huang; Jiaojiao Fan; Jiashu Xu; Jibin Varghese; Jing Zhang; Jingyi Jin; Jinwei Gu; Kaichun Mo; Laura Leal-Taixe; Lin Yen-Chen; Lindsey Pavao; Maciej Bala; Michele Fenzi; Ming-Yu Liu; Morteza Ramezanali; NVIDIA; Niket Agarwal; Pooya Jannaty; Prithvijit Chattopadhyay; Przemek Tredak; Qianli Ma; Qingqing Zhao; Qinsheng Zhang; Sanja Fidler; Seung Wook Kim; Seungjun Nah; Shitao Tang; Shiyi Lan; Siddharth Gururani; Songwei Ge; Sriharsha Niverty; Stella Shi; Tiffany Cai; Ting-Chun Wang; Tsung-Yi Lin; Vasanth Rao Naik Sabavat; Wei Yang; Wei-Cheng Tseng; Xian Liu; Xiaohui Zeng; Xiaowei Ren; Xinyue Wei; Yifan Ding; Yin Cui; Yogesh Balaji; Yongxin Chen; Yu Zeng; Yunhao Ge; Yuxuan Zhang; Zeeshan Patel; Zhaoshuo Li,2501.03575v3: Cosmos World Foundation Model Platform for Physical AI,https://github.com/lynetcha,,,,,,26917145.0,,9.0,2721.0,,https://www.google.com/search?q=site%3Alinkedin.com/in%20%22Lyne%20Tchapmi%22,NVIDIA
Przemek Tredak,1,:; Alice Luo; Anqi Li; Arsalan Mousavian; Arslan Ali; Artur Zolkowski; Bartosz Stefaniak; Chen-Hsuan Lin; Daniel Dworakowski; David Page; Despoina Paschalidou; Dieter Fox; Ed Schmerling; Erik Barker; Ethan He; Fangyin Wei; Fitsum Reda; Francesco Ferroni; Gergely Klár; Grace Lam; Hanzi Mao; Hao Wang; Haoxiang Wang; Heng Wang; Huan Ling; Jacob Huffman; Jay Zhangjie Wu; Jiahui Huang; Jiaojiao Fan; Jiashu Xu; Jibin Varghese; Jing Zhang; Jingyi Jin; Jinwei Gu; Kaichun Mo; Laura Leal-Taixe; Lin Yen-Chen; Lindsey Pavao; Lyne Tchapmi; Maciej Bala; Michele Fenzi; Ming-Yu Liu; Morteza Ramezanali; NVIDIA; Niket Agarwal; Pooya Jannaty; Prithvijit Chattopadhyay; Qianli Ma; Qingqing Zhao; Qinsheng Zhang; Sanja Fidler; Seung Wook Kim; Seungjun Nah; Shitao Tang; Shiyi Lan; Siddharth Gururani; Songwei Ge; Sriharsha Niverty; Stella Shi; Tiffany Cai; Ting-Chun Wang; Tsung-Yi Lin; Vasanth Rao Naik Sabavat; Wei Yang; Wei-Cheng Tseng; Xian Liu; Xiaohui Zeng; Xiaowei Ren; Xinyue Wei; Yifan Ding; Yin Cui; Yogesh Balaji; Yongxin Chen; Yu Zeng; Yunhao Ge; Yuxuan Zhang; Zeeshan Patel; Zhaoshuo Li,2501.03575v3: Cosmos World Foundation Model Platform for Physical AI,,,,,,,2338890568.0,,6.0,878.0,,https://www.google.com/search?q=site%3Alinkedin.com/in%20%22Przemek%20Tredak%22,NVIDIA
Wei-Cheng Tseng,1,:; Alice Luo; Anqi Li; Arsalan Mousavian; Arslan Ali; Artur Zolkowski; Bartosz Stefaniak; Chen-Hsuan Lin; Daniel Dworakowski; David Page; Despoina Paschalidou; Dieter Fox; Ed Schmerling; Erik Barker; Ethan He; Fangyin Wei; Fitsum Reda; Francesco Ferroni; Gergely Klár; Grace Lam; Hanzi Mao; Hao Wang; Haoxiang Wang; Heng Wang; Huan Ling; Jacob Huffman; Jay Zhangjie Wu; Jiahui Huang; Jiaojiao Fan; Jiashu Xu; Jibin Varghese; Jing Zhang; Jingyi Jin; Jinwei Gu; Kaichun Mo; Laura Leal-Taixe; Lin Yen-Chen; Lindsey Pavao; Lyne Tchapmi; Maciej Bala; Michele Fenzi; Ming-Yu Liu; Morteza Ramezanali; NVIDIA; Niket Agarwal; Pooya Jannaty; Prithvijit Chattopadhyay; Przemek Tredak; Qianli Ma; Qingqing Zhao; Qinsheng Zhang; Sanja Fidler; Seung Wook Kim; Seungjun Nah; Shitao Tang; Shiyi Lan; Siddharth Gururani; Songwei Ge; Sriharsha Niverty; Stella Shi; Tiffany Cai; Ting-Chun Wang; Tsung-Yi Lin; Vasanth Rao Naik Sabavat; Wei Yang; Xian Liu; Xiaohui Zeng; Xiaowei Ren; Xinyue Wei; Yifan Ding; Yin Cui; Yogesh Balaji; Yongxin Chen; Yu Zeng; Yunhao Ge; Yuxuan Zhang; Zeeshan Patel; Zhaoshuo Li,2501.03575v3: Cosmos World Foundation Model Platform for Physical AI,,,,,,,144641985.0,,2.0,20.0,,https://www.google.com/search?q=site%3Alinkedin.com/in%20%22Wei-Cheng%20Tseng%22,NVIDIA
Jibin Varghese,1,:; Alice Luo; Anqi Li; Arsalan Mousavian; Arslan Ali; Artur Zolkowski; Bartosz Stefaniak; Chen-Hsuan Lin; Daniel Dworakowski; David Page; Despoina Paschalidou; Dieter Fox; Ed Schmerling; Erik Barker; Ethan He; Fangyin Wei; Fitsum Reda; Francesco Ferroni; Gergely Klár; Grace Lam; Hanzi Mao; Hao Wang; Haoxiang Wang; Heng Wang; Huan Ling; Jacob Huffman; Jay Zhangjie Wu; Jiahui Huang; Jiaojiao Fan; Jiashu Xu; Jing Zhang; Jingyi Jin; Jinwei Gu; Kaichun Mo; Laura Leal-Taixe; Lin Yen-Chen; Lindsey Pavao; Lyne Tchapmi; Maciej Bala; Michele Fenzi; Ming-Yu Liu; Morteza Ramezanali; NVIDIA; Niket Agarwal; Pooya Jannaty; Prithvijit Chattopadhyay; Przemek Tredak; Qianli Ma; Qingqing Zhao; Qinsheng Zhang; Sanja Fidler; Seung Wook Kim; Seungjun Nah; Shitao Tang; Shiyi Lan; Siddharth Gururani; Songwei Ge; Sriharsha Niverty; Stella Shi; Tiffany Cai; Ting-Chun Wang; Tsung-Yi Lin; Vasanth Rao Naik Sabavat; Wei Yang; Wei-Cheng Tseng; Xian Liu; Xiaohui Zeng; Xiaowei Ren; Xinyue Wei; Yifan Ding; Yin Cui; Yogesh Balaji; Yongxin Chen; Yu Zeng; Yunhao Ge; Yuxuan Zhang; Zeeshan Patel; Zhaoshuo Li,2501.03575v3: Cosmos World Foundation Model Platform for Physical AI,https://github.com/jibin-varghesedev,,,,,,30541259.0,,2.0,8.0,,https://www.google.com/search?q=site%3Alinkedin.com/in%20%22Jibin%20Varghese%22,NVIDIA
Hao Wang,1,:; Alice Luo; Anqi Li; Arsalan Mousavian; Arslan Ali; Artur Zolkowski; Bartosz Stefaniak; Chen-Hsuan Lin; Daniel Dworakowski; David Page; Despoina Paschalidou; Dieter Fox; Ed Schmerling; Erik Barker; Ethan He; Fangyin Wei; Fitsum Reda; Francesco Ferroni; Gergely Klár; Grace Lam; Hanzi Mao; Haoxiang Wang; Heng Wang; Huan Ling; Jacob Huffman; Jay Zhangjie Wu; Jiahui Huang; Jiaojiao Fan; Jiashu Xu; Jibin Varghese; Jing Zhang; Jingyi Jin; Jinwei Gu; Kaichun Mo; Laura Leal-Taixe; Lin Yen-Chen; Lindsey Pavao; Lyne Tchapmi; Maciej Bala; Michele Fenzi; Ming-Yu Liu; Morteza Ramezanali; NVIDIA; Niket Agarwal; Pooya Jannaty; Prithvijit Chattopadhyay; Przemek Tredak; Qianli Ma; Qingqing Zhao; Qinsheng Zhang; Sanja Fidler; Seung Wook Kim; Seungjun Nah; Shitao Tang; Shiyi Lan; Siddharth Gururani; Songwei Ge; Sriharsha Niverty; Stella Shi; Tiffany Cai; Ting-Chun Wang; Tsung-Yi Lin; Vasanth Rao Naik Sabavat; Wei Yang; Wei-Cheng Tseng; Xian Liu; Xiaohui Zeng; Xiaowei Ren; Xinyue Wei; Yifan Ding; Yin Cui; Yogesh Balaji; Yongxin Chen; Yu Zeng; Yunhao Ge; Yuxuan Zhang; Zeeshan Patel; Zhaoshuo Li,2501.03575v3: Cosmos World Foundation Model Platform for Physical AI,https://github.com/haowang02,,,,,,2144222103.0,,1.0,1.0,,https://www.google.com/search?q=site%3Alinkedin.com/in%20%22Hao%20Wang%22,NVIDIA
Haoxiang Wang,1,:; Alice Luo; Anqi Li; Arsalan Mousavian; Arslan Ali; Artur Zolkowski; Bartosz Stefaniak; Chen-Hsuan Lin; Daniel Dworakowski; David Page; Despoina Paschalidou; Dieter Fox; Ed Schmerling; Erik Barker; Ethan He; Fangyin Wei; Fitsum Reda; Francesco Ferroni; Gergely Klár; Grace Lam; Hanzi Mao; Hao Wang; Heng Wang; Huan Ling; Jacob Huffman; Jay Zhangjie Wu; Jiahui Huang; Jiaojiao Fan; Jiashu Xu; Jibin Varghese; Jing Zhang; Jingyi Jin; Jinwei Gu; Kaichun Mo; Laura Leal-Taixe; Lin Yen-Chen; Lindsey Pavao; Lyne Tchapmi; Maciej Bala; Michele Fenzi; Ming-Yu Liu; Morteza Ramezanali; NVIDIA; Niket Agarwal; Pooya Jannaty; Prithvijit Chattopadhyay; Przemek Tredak; Qianli Ma; Qingqing Zhao; Qinsheng Zhang; Sanja Fidler; Seung Wook Kim; Seungjun Nah; Shitao Tang; Shiyi Lan; Siddharth Gururani; Songwei Ge; Sriharsha Niverty; Stella Shi; Tiffany Cai; Ting-Chun Wang; Tsung-Yi Lin; Vasanth Rao Naik Sabavat; Wei Yang; Wei-Cheng Tseng; Xian Liu; Xiaohui Zeng; Xiaowei Ren; Xinyue Wei; Yifan Ding; Yin Cui; Yogesh Balaji; Yongxin Chen; Yu Zeng; Yunhao Ge; Yuxuan Zhang; Zeeshan Patel; Zhaoshuo Li,2501.03575v3: Cosmos World Foundation Model Platform for Physical AI,https://github.com/Haoxiang-Wang,,,,,,2256769915.0,,17.0,966.0,,https://www.google.com/search?q=site%3Alinkedin.com/in%20%22Haoxiang%20Wang%22,NVIDIA
Heng Wang,1,:; Alice Luo; Anqi Li; Arsalan Mousavian; Arslan Ali; Artur Zolkowski; Bartosz Stefaniak; Chen-Hsuan Lin; Daniel Dworakowski; David Page; Despoina Paschalidou; Dieter Fox; Ed Schmerling; Erik Barker; Ethan He; Fangyin Wei; Fitsum Reda; Francesco Ferroni; Gergely Klár; Grace Lam; Hanzi Mao; Hao Wang; Haoxiang Wang; Huan Ling; Jacob Huffman; Jay Zhangjie Wu; Jiahui Huang; Jiaojiao Fan; Jiashu Xu; Jibin Varghese; Jing Zhang; Jingyi Jin; Jinwei Gu; Kaichun Mo; Laura Leal-Taixe; Lin Yen-Chen; Lindsey Pavao; Lyne Tchapmi; Maciej Bala; Michele Fenzi; Ming-Yu Liu; Morteza Ramezanali; NVIDIA; Niket Agarwal; Pooya Jannaty; Prithvijit Chattopadhyay; Przemek Tredak; Qianli Ma; Qingqing Zhao; Qinsheng Zhang; Sanja Fidler; Seung Wook Kim; Seungjun Nah; Shitao Tang; Shiyi Lan; Siddharth Gururani; Songwei Ge; Sriharsha Niverty; Stella Shi; Tiffany Cai; Ting-Chun Wang; Tsung-Yi Lin; Vasanth Rao Naik Sabavat; Wei Yang; Wei-Cheng Tseng; Xian Liu; Xiaohui Zeng; Xiaowei Ren; Xinyue Wei; Yifan Ding; Yin Cui; Yogesh Balaji; Yongxin Chen; Yu Zeng; Yunhao Ge; Yuxuan Zhang; Zeeshan Patel; Zhaoshuo Li,2501.03575v3: Cosmos World Foundation Model Platform for Physical AI,https://github.com/HengWang,,,,,,93109085.0,,5.0,68.0,,https://www.google.com/search?q=site%3Alinkedin.com/in%20%22Heng%20Wang%22,NVIDIA
Ting-Chun Wang,1,:; Alice Luo; Anqi Li; Arsalan Mousavian; Arslan Ali; Artur Zolkowski; Bartosz Stefaniak; Chen-Hsuan Lin; Daniel Dworakowski; David Page; Despoina Paschalidou; Dieter Fox; Ed Schmerling; Erik Barker; Ethan He; Fangyin Wei; Fitsum Reda; Francesco Ferroni; Gergely Klár; Grace Lam; Hanzi Mao; Hao Wang; Haoxiang Wang; Heng Wang; Huan Ling; Jacob Huffman; Jay Zhangjie Wu; Jiahui Huang; Jiaojiao Fan; Jiashu Xu; Jibin Varghese; Jing Zhang; Jingyi Jin; Jinwei Gu; Kaichun Mo; Laura Leal-Taixe; Lin Yen-Chen; Lindsey Pavao; Lyne Tchapmi; Maciej Bala; Michele Fenzi; Ming-Yu Liu; Morteza Ramezanali; NVIDIA; Niket Agarwal; Pooya Jannaty; Prithvijit Chattopadhyay; Przemek Tredak; Qianli Ma; Qingqing Zhao; Qinsheng Zhang; Sanja Fidler; Seung Wook Kim; Seungjun Nah; Shitao Tang; Shiyi Lan; Siddharth Gururani; Songwei Ge; Sriharsha Niverty; Stella Shi; Tiffany Cai; Tsung-Yi Lin; Vasanth Rao Naik Sabavat; Wei Yang; Wei-Cheng Tseng; Xian Liu; Xiaohui Zeng; Xiaowei Ren; Xinyue Wei; Yifan Ding; Yin Cui; Yogesh Balaji; Yongxin Chen; Yu Zeng; Yunhao Ge; Yuxuan Zhang; Zeeshan Patel; Zhaoshuo Li,2501.03575v3: Cosmos World Foundation Model Platform for Physical AI,,,,,,,2145410826.0,,2.0,12.0,,https://www.google.com/search?q=site%3Alinkedin.com/in%20%22Ting-Chun%20Wang%22,NVIDIA
Fangyin Wei,1,:; Alice Luo; Anqi Li; Arsalan Mousavian; Arslan Ali; Artur Zolkowski; Bartosz Stefaniak; Chen-Hsuan Lin; Daniel Dworakowski; David Page; Despoina Paschalidou; Dieter Fox; Ed Schmerling; Erik Barker; Ethan He; Fitsum Reda; Francesco Ferroni; Gergely Klár; Grace Lam; Hanzi Mao; Hao Wang; Haoxiang Wang; Heng Wang; Huan Ling; Jacob Huffman; Jay Zhangjie Wu; Jiahui Huang; Jiaojiao Fan; Jiashu Xu; Jibin Varghese; Jing Zhang; Jingyi Jin; Jinwei Gu; Kaichun Mo; Laura Leal-Taixe; Lin Yen-Chen; Lindsey Pavao; Lyne Tchapmi; Maciej Bala; Michele Fenzi; Ming-Yu Liu; Morteza Ramezanali; NVIDIA; Niket Agarwal; Pooya Jannaty; Prithvijit Chattopadhyay; Przemek Tredak; Qianli Ma; Qingqing Zhao; Qinsheng Zhang; Sanja Fidler; Seung Wook Kim; Seungjun Nah; Shitao Tang; Shiyi Lan; Siddharth Gururani; Songwei Ge; Sriharsha Niverty; Stella Shi; Tiffany Cai; Ting-Chun Wang; Tsung-Yi Lin; Vasanth Rao Naik Sabavat; Wei Yang; Wei-Cheng Tseng; Xian Liu; Xiaohui Zeng; Xiaowei Ren; Xinyue Wei; Yifan Ding; Yin Cui; Yogesh Balaji; Yongxin Chen; Yu Zeng; Yunhao Ge; Yuxuan Zhang; Zeeshan Patel; Zhaoshuo Li,2501.03575v3: Cosmos World Foundation Model Platform for Physical AI,https://github.com/weify627,,,,,,2072969269.0,,2.0,189.0,,https://www.google.com/search?q=site%3Alinkedin.com/in%20%22Fangyin%20Wei%22,NVIDIA
Xinyue Wei,1,:; Alice Luo; Anqi Li; Arsalan Mousavian; Arslan Ali; Artur Zolkowski; Bartosz Stefaniak; Chen-Hsuan Lin; Daniel Dworakowski; David Page; Despoina Paschalidou; Dieter Fox; Ed Schmerling; Erik Barker; Ethan He; Fangyin Wei; Fitsum Reda; Francesco Ferroni; Gergely Klár; Grace Lam; Hanzi Mao; Hao Wang; Haoxiang Wang; Heng Wang; Huan Ling; Jacob Huffman; Jay Zhangjie Wu; Jiahui Huang; Jiaojiao Fan; Jiashu Xu; Jibin Varghese; Jing Zhang; Jingyi Jin; Jinwei Gu; Kaichun Mo; Laura Leal-Taixe; Lin Yen-Chen; Lindsey Pavao; Lyne Tchapmi; Maciej Bala; Michele Fenzi; Ming-Yu Liu; Morteza Ramezanali; NVIDIA; Niket Agarwal; Pooya Jannaty; Prithvijit Chattopadhyay; Przemek Tredak; Qianli Ma; Qingqing Zhao; Qinsheng Zhang; Sanja Fidler; Seung Wook Kim; Seungjun Nah; Shitao Tang; Shiyi Lan; Siddharth Gururani; Songwei Ge; Sriharsha Niverty; Stella Shi; Tiffany Cai; Ting-Chun Wang; Tsung-Yi Lin; Vasanth Rao Naik Sabavat; Wei Yang; Wei-Cheng Tseng; Xian Liu; Xiaohui Zeng; Xiaowei Ren; Yifan Ding; Yin Cui; Yogesh Balaji; Yongxin Chen; Yu Zeng; Yunhao Ge; Yuxuan Zhang; Zeeshan Patel; Zhaoshuo Li,2501.03575v3: Cosmos World Foundation Model Platform for Physical AI,https://github.com/SarahWeiii,,,,,,2292344391.0,,1.0,1.0,,https://www.google.com/search?q=site%3Alinkedin.com/in%20%22Xinyue%20Wei%22,NVIDIA
Jay Zhangjie Wu,1,:; Alice Luo; Anqi Li; Arsalan Mousavian; Arslan Ali; Artur Zolkowski; Bartosz Stefaniak; Chen-Hsuan Lin; Daniel Dworakowski; David Page; Despoina Paschalidou; Dieter Fox; Ed Schmerling; Erik Barker; Ethan He; Fangyin Wei; Fitsum Reda; Francesco Ferroni; Gergely Klár; Grace Lam; Hanzi Mao; Hao Wang; Haoxiang Wang; Heng Wang; Huan Ling; Jacob Huffman; Jiahui Huang; Jiaojiao Fan; Jiashu Xu; Jibin Varghese; Jing Zhang; Jingyi Jin; Jinwei Gu; Kaichun Mo; Laura Leal-Taixe; Lin Yen-Chen; Lindsey Pavao; Lyne Tchapmi; Maciej Bala; Michele Fenzi; Ming-Yu Liu; Morteza Ramezanali; NVIDIA; Niket Agarwal; Pooya Jannaty; Prithvijit Chattopadhyay; Przemek Tredak; Qianli Ma; Qingqing Zhao; Qinsheng Zhang; Sanja Fidler; Seung Wook Kim; Seungjun Nah; Shitao Tang; Shiyi Lan; Siddharth Gururani; Songwei Ge; Sriharsha Niverty; Stella Shi; Tiffany Cai; Ting-Chun Wang; Tsung-Yi Lin; Vasanth Rao Naik Sabavat; Wei Yang; Wei-Cheng Tseng; Xian Liu; Xiaohui Zeng; Xiaowei Ren; Xinyue Wei; Yifan Ding; Yin Cui; Yogesh Balaji; Yongxin Chen; Yu Zeng; Yunhao Ge; Yuxuan Zhang; Zeeshan Patel; Zhaoshuo Li,2501.03575v3: Cosmos World Foundation Model Platform for Physical AI,,,,,,,2350758386.0,,3.0,152.0,,https://www.google.com/search?q=site%3Alinkedin.com/in%20%22Jay%20Zhangjie%20Wu%22,NVIDIA
Jiashu Xu,1,:; Alice Luo; Anqi Li; Arsalan Mousavian; Arslan Ali; Artur Zolkowski; Bartosz Stefaniak; Chen-Hsuan Lin; Daniel Dworakowski; David Page; Despoina Paschalidou; Dieter Fox; Ed Schmerling; Erik Barker; Ethan He; Fangyin Wei; Fitsum Reda; Francesco Ferroni; Gergely Klár; Grace Lam; Hanzi Mao; Hao Wang; Haoxiang Wang; Heng Wang; Huan Ling; Jacob Huffman; Jay Zhangjie Wu; Jiahui Huang; Jiaojiao Fan; Jibin Varghese; Jing Zhang; Jingyi Jin; Jinwei Gu; Kaichun Mo; Laura Leal-Taixe; Lin Yen-Chen; Lindsey Pavao; Lyne Tchapmi; Maciej Bala; Michele Fenzi; Ming-Yu Liu; Morteza Ramezanali; NVIDIA; Niket Agarwal; Pooya Jannaty; Prithvijit Chattopadhyay; Przemek Tredak; Qianli Ma; Qingqing Zhao; Qinsheng Zhang; Sanja Fidler; Seung Wook Kim; Seungjun Nah; Shitao Tang; Shiyi Lan; Siddharth Gururani; Songwei Ge; Sriharsha Niverty; Stella Shi; Tiffany Cai; Ting-Chun Wang; Tsung-Yi Lin; Vasanth Rao Naik Sabavat; Wei Yang; Wei-Cheng Tseng; Xian Liu; Xiaohui Zeng; Xiaowei Ren; Xinyue Wei; Yifan Ding; Yin Cui; Yogesh Balaji; Yongxin Chen; Yu Zeng; Yunhao Ge; Yuxuan Zhang; Zeeshan Patel; Zhaoshuo Li,2501.03575v3: Cosmos World Foundation Model Platform for Physical AI,https://github.com/flkslb,,,,,,2365822600.0,,1.0,1.0,,https://www.google.com/search?q=site%3Alinkedin.com/in%20%22Jiashu%20Xu%22,NVIDIA
Wei Yang,1,:; Alice Luo; Anqi Li; Arsalan Mousavian; Arslan Ali; Artur Zolkowski; Bartosz Stefaniak; Chen-Hsuan Lin; Daniel Dworakowski; David Page; Despoina Paschalidou; Dieter Fox; Ed Schmerling; Erik Barker; Ethan He; Fangyin Wei; Fitsum Reda; Francesco Ferroni; Gergely Klár; Grace Lam; Hanzi Mao; Hao Wang; Haoxiang Wang; Heng Wang; Huan Ling; Jacob Huffman; Jay Zhangjie Wu; Jiahui Huang; Jiaojiao Fan; Jiashu Xu; Jibin Varghese; Jing Zhang; Jingyi Jin; Jinwei Gu; Kaichun Mo; Laura Leal-Taixe; Lin Yen-Chen; Lindsey Pavao; Lyne Tchapmi; Maciej Bala; Michele Fenzi; Ming-Yu Liu; Morteza Ramezanali; NVIDIA; Niket Agarwal; Pooya Jannaty; Prithvijit Chattopadhyay; Przemek Tredak; Qianli Ma; Qingqing Zhao; Qinsheng Zhang; Sanja Fidler; Seung Wook Kim; Seungjun Nah; Shitao Tang; Shiyi Lan; Siddharth Gururani; Songwei Ge; Sriharsha Niverty; Stella Shi; Tiffany Cai; Ting-Chun Wang; Tsung-Yi Lin; Vasanth Rao Naik Sabavat; Wei-Cheng Tseng; Xian Liu; Xiaohui Zeng; Xiaowei Ren; Xinyue Wei; Yifan Ding; Yin Cui; Yogesh Balaji; Yongxin Chen; Yu Zeng; Yunhao Ge; Yuxuan Zhang; Zeeshan Patel; Zhaoshuo Li,2501.03575v3: Cosmos World Foundation Model Platform for Physical AI,https://github.com/yangweigbh,,,,,,2150080602.0,,13.0,410.0,,https://www.google.com/search?q=site%3Alinkedin.com/in%20%22Wei%20Yang%22,NVIDIA
Lin Yen-Chen,1,:; Alice Luo; Anqi Li; Arsalan Mousavian; Arslan Ali; Artur Zolkowski; Bartosz Stefaniak; Chen-Hsuan Lin; Daniel Dworakowski; David Page; Despoina Paschalidou; Dieter Fox; Ed Schmerling; Erik Barker; Ethan He; Fangyin Wei; Fitsum Reda; Francesco Ferroni; Gergely Klár; Grace Lam; Hanzi Mao; Hao Wang; Haoxiang Wang; Heng Wang; Huan Ling; Jacob Huffman; Jay Zhangjie Wu; Jiahui Huang; Jiaojiao Fan; Jiashu Xu; Jibin Varghese; Jing Zhang; Jingyi Jin; Jinwei Gu; Kaichun Mo; Laura Leal-Taixe; Lindsey Pavao; Lyne Tchapmi; Maciej Bala; Michele Fenzi; Ming-Yu Liu; Morteza Ramezanali; NVIDIA; Niket Agarwal; Pooya Jannaty; Prithvijit Chattopadhyay; Przemek Tredak; Qianli Ma; Qingqing Zhao; Qinsheng Zhang; Sanja Fidler; Seung Wook Kim; Seungjun Nah; Shitao Tang; Shiyi Lan; Siddharth Gururani; Songwei Ge; Sriharsha Niverty; Stella Shi; Tiffany Cai; Ting-Chun Wang; Tsung-Yi Lin; Vasanth Rao Naik Sabavat; Wei Yang; Wei-Cheng Tseng; Xian Liu; Xiaohui Zeng; Xiaowei Ren; Xinyue Wei; Yifan Ding; Yin Cui; Yogesh Balaji; Yongxin Chen; Yu Zeng; Yunhao Ge; Yuxuan Zhang; Zeeshan Patel; Zhaoshuo Li,2501.03575v3: Cosmos World Foundation Model Platform for Physical AI,,,,,,,7377442.0,,26.0,2189.0,,https://www.google.com/search?q=site%3Alinkedin.com/in%20%22Lin%20Yen-Chen%22,NVIDIA
Yu Zeng,1,:; Alice Luo; Anqi Li; Arsalan Mousavian; Arslan Ali; Artur Zolkowski; Bartosz Stefaniak; Chen-Hsuan Lin; Daniel Dworakowski; David Page; Despoina Paschalidou; Dieter Fox; Ed Schmerling; Erik Barker; Ethan He; Fangyin Wei; Fitsum Reda; Francesco Ferroni; Gergely Klár; Grace Lam; Hanzi Mao; Hao Wang; Haoxiang Wang; Heng Wang; Huan Ling; Jacob Huffman; Jay Zhangjie Wu; Jiahui Huang; Jiaojiao Fan; Jiashu Xu; Jibin Varghese; Jing Zhang; Jingyi Jin; Jinwei Gu; Kaichun Mo; Laura Leal-Taixe; Lin Yen-Chen; Lindsey Pavao; Lyne Tchapmi; Maciej Bala; Michele Fenzi; Ming-Yu Liu; Morteza Ramezanali; NVIDIA; Niket Agarwal; Pooya Jannaty; Prithvijit Chattopadhyay; Przemek Tredak; Qianli Ma; Qingqing Zhao; Qinsheng Zhang; Sanja Fidler; Seung Wook Kim; Seungjun Nah; Shitao Tang; Shiyi Lan; Siddharth Gururani; Songwei Ge; Sriharsha Niverty; Stella Shi; Tiffany Cai; Ting-Chun Wang; Tsung-Yi Lin; Vasanth Rao Naik Sabavat; Wei Yang; Wei-Cheng Tseng; Xian Liu; Xiaohui Zeng; Xiaowei Ren; Xinyue Wei; Yifan Ding; Yin Cui; Yogesh Balaji; Yongxin Chen; Yunhao Ge; Yuxuan Zhang; Zeeshan Patel; Zhaoshuo Li,2501.03575v3: Cosmos World Foundation Model Platform for Physical AI,https://github.com/yuzeng0-0,,,,,,2004207076.0,,10.0,198.0,,https://www.google.com/search?q=site%3Alinkedin.com/in%20%22Yu%20Zeng%22,NVIDIA
Jing Zhang,1,:; Alice Luo; Anqi Li; Arsalan Mousavian; Arslan Ali; Artur Zolkowski; Bartosz Stefaniak; Chen-Hsuan Lin; Daniel Dworakowski; David Page; Despoina Paschalidou; Dieter Fox; Ed Schmerling; Erik Barker; Ethan He; Fangyin Wei; Fitsum Reda; Francesco Ferroni; Gergely Klár; Grace Lam; Hanzi Mao; Hao Wang; Haoxiang Wang; Heng Wang; Huan Ling; Jacob Huffman; Jay Zhangjie Wu; Jiahui Huang; Jiaojiao Fan; Jiashu Xu; Jibin Varghese; Jingyi Jin; Jinwei Gu; Kaichun Mo; Laura Leal-Taixe; Lin Yen-Chen; Lindsey Pavao; Lyne Tchapmi; Maciej Bala; Michele Fenzi; Ming-Yu Liu; Morteza Ramezanali; NVIDIA; Niket Agarwal; Pooya Jannaty; Prithvijit Chattopadhyay; Przemek Tredak; Qianli Ma; Qingqing Zhao; Qinsheng Zhang; Sanja Fidler; Seung Wook Kim; Seungjun Nah; Shitao Tang; Shiyi Lan; Siddharth Gururani; Songwei Ge; Sriharsha Niverty; Stella Shi; Tiffany Cai; Ting-Chun Wang; Tsung-Yi Lin; Vasanth Rao Naik Sabavat; Wei Yang; Wei-Cheng Tseng; Xian Liu; Xiaohui Zeng; Xiaowei Ren; Xinyue Wei; Yifan Ding; Yin Cui; Yogesh Balaji; Yongxin Chen; Yu Zeng; Yunhao Ge; Yuxuan Zhang; Zeeshan Patel; Zhaoshuo Li,2501.03575v3: Cosmos World Foundation Model Platform for Physical AI,https://github.com/JingZhang617,,,,,,2155703167.0,,3.0,29.0,,https://www.google.com/search?q=site%3Alinkedin.com/in%20%22Jing%20Zhang%22,NVIDIA
Qinsheng Zhang,1,:; Alice Luo; Anqi Li; Arsalan Mousavian; Arslan Ali; Artur Zolkowski; Bartosz Stefaniak; Chen-Hsuan Lin; Daniel Dworakowski; David Page; Despoina Paschalidou; Dieter Fox; Ed Schmerling; Erik Barker; Ethan He; Fangyin Wei; Fitsum Reda; Francesco Ferroni; Gergely Klár; Grace Lam; Hanzi Mao; Hao Wang; Haoxiang Wang; Heng Wang; Huan Ling; Jacob Huffman; Jay Zhangjie Wu; Jiahui Huang; Jiaojiao Fan; Jiashu Xu; Jibin Varghese; Jing Zhang; Jingyi Jin; Jinwei Gu; Kaichun Mo; Laura Leal-Taixe; Lin Yen-Chen; Lindsey Pavao; Lyne Tchapmi; Maciej Bala; Michele Fenzi; Ming-Yu Liu; Morteza Ramezanali; NVIDIA; Niket Agarwal; Pooya Jannaty; Prithvijit Chattopadhyay; Przemek Tredak; Qianli Ma; Qingqing Zhao; Sanja Fidler; Seung Wook Kim; Seungjun Nah; Shitao Tang; Shiyi Lan; Siddharth Gururani; Songwei Ge; Sriharsha Niverty; Stella Shi; Tiffany Cai; Ting-Chun Wang; Tsung-Yi Lin; Vasanth Rao Naik Sabavat; Wei Yang; Wei-Cheng Tseng; Xian Liu; Xiaohui Zeng; Xiaowei Ren; Xinyue Wei; Yifan Ding; Yin Cui; Yogesh Balaji; Yongxin Chen; Yu Zeng; Yunhao Ge; Yuxuan Zhang; Zeeshan Patel; Zhaoshuo Li,2501.03575v3: Cosmos World Foundation Model Platform for Physical AI,https://github.com/qsh-zh,,,,,,65942038.0,,1.0,3.0,,https://www.google.com/search?q=site%3Alinkedin.com/in%20%22Qinsheng%20Zhang%22,NVIDIA
Yuxuan Zhang,1,:; Alice Luo; Anqi Li; Arsalan Mousavian; Arslan Ali; Artur Zolkowski; Bartosz Stefaniak; Chen-Hsuan Lin; Daniel Dworakowski; David Page; Despoina Paschalidou; Dieter Fox; Ed Schmerling; Erik Barker; Ethan He; Fangyin Wei; Fitsum Reda; Francesco Ferroni; Gergely Klár; Grace Lam; Hanzi Mao; Hao Wang; Haoxiang Wang; Heng Wang; Huan Ling; Jacob Huffman; Jay Zhangjie Wu; Jiahui Huang; Jiaojiao Fan; Jiashu Xu; Jibin Varghese; Jing Zhang; Jingyi Jin; Jinwei Gu; Kaichun Mo; Laura Leal-Taixe; Lin Yen-Chen; Lindsey Pavao; Lyne Tchapmi; Maciej Bala; Michele Fenzi; Ming-Yu Liu; Morteza Ramezanali; NVIDIA; Niket Agarwal; Pooya Jannaty; Prithvijit Chattopadhyay; Przemek Tredak; Qianli Ma; Qingqing Zhao; Qinsheng Zhang; Sanja Fidler; Seung Wook Kim; Seungjun Nah; Shitao Tang; Shiyi Lan; Siddharth Gururani; Songwei Ge; Sriharsha Niverty; Stella Shi; Tiffany Cai; Ting-Chun Wang; Tsung-Yi Lin; Vasanth Rao Naik Sabavat; Wei Yang; Wei-Cheng Tseng; Xian Liu; Xiaohui Zeng; Xiaowei Ren; Xinyue Wei; Yifan Ding; Yin Cui; Yogesh Balaji; Yongxin Chen; Yu Zeng; Yunhao Ge; Zeeshan Patel; Zhaoshuo Li,2501.03575v3: Cosmos World Foundation Model Platform for Physical AI,https://github.com/zhangyuxuann,,,,,,30941505.0,,3.0,115.0,,https://www.google.com/search?q=site%3Alinkedin.com/in%20%22Yuxuan%20Zhang%22,NVIDIA
Qingqing Zhao,1,:; Alice Luo; Anqi Li; Arsalan Mousavian; Arslan Ali; Artur Zolkowski; Bartosz Stefaniak; Chen-Hsuan Lin; Daniel Dworakowski; David Page; Despoina Paschalidou; Dieter Fox; Ed Schmerling; Erik Barker; Ethan He; Fangyin Wei; Fitsum Reda; Francesco Ferroni; Gergely Klár; Grace Lam; Hanzi Mao; Hao Wang; Haoxiang Wang; Heng Wang; Huan Ling; Jacob Huffman; Jay Zhangjie Wu; Jiahui Huang; Jiaojiao Fan; Jiashu Xu; Jibin Varghese; Jing Zhang; Jingyi Jin; Jinwei Gu; Kaichun Mo; Laura Leal-Taixe; Lin Yen-Chen; Lindsey Pavao; Lyne Tchapmi; Maciej Bala; Michele Fenzi; Ming-Yu Liu; Morteza Ramezanali; NVIDIA; Niket Agarwal; Pooya Jannaty; Prithvijit Chattopadhyay; Przemek Tredak; Qianli Ma; Qinsheng Zhang; Sanja Fidler; Seung Wook Kim; Seungjun Nah; Shitao Tang; Shiyi Lan; Siddharth Gururani; Songwei Ge; Sriharsha Niverty; Stella Shi; Tiffany Cai; Ting-Chun Wang; Tsung-Yi Lin; Vasanth Rao Naik Sabavat; Wei Yang; Wei-Cheng Tseng; Xian Liu; Xiaohui Zeng; Xiaowei Ren; Xinyue Wei; Yifan Ding; Yin Cui; Yogesh Balaji; Yongxin Chen; Yu Zeng; Yunhao Ge; Yuxuan Zhang; Zeeshan Patel; Zhaoshuo Li,2501.03575v3: Cosmos World Foundation Model Platform for Physical AI,https://github.com/zhaoqingqing,,,,,,2118378019.0,,3.0,30.0,,https://www.google.com/search?q=site%3Alinkedin.com/in%20%22Qingqing%20Zhao%22,NVIDIA
Artur Zolkowski,1,:; Alice Luo; Anqi Li; Arsalan Mousavian; Arslan Ali; Bartosz Stefaniak; Chen-Hsuan Lin; Daniel Dworakowski; David Page; Despoina Paschalidou; Dieter Fox; Ed Schmerling; Erik Barker; Ethan He; Fangyin Wei; Fitsum Reda; Francesco Ferroni; Gergely Klár; Grace Lam; Hanzi Mao; Hao Wang; Haoxiang Wang; Heng Wang; Huan Ling; Jacob Huffman; Jay Zhangjie Wu; Jiahui Huang; Jiaojiao Fan; Jiashu Xu; Jibin Varghese; Jing Zhang; Jingyi Jin; Jinwei Gu; Kaichun Mo; Laura Leal-Taixe; Lin Yen-Chen; Lindsey Pavao; Lyne Tchapmi; Maciej Bala; Michele Fenzi; Ming-Yu Liu; Morteza Ramezanali; NVIDIA; Niket Agarwal; Pooya Jannaty; Prithvijit Chattopadhyay; Przemek Tredak; Qianli Ma; Qingqing Zhao; Qinsheng Zhang; Sanja Fidler; Seung Wook Kim; Seungjun Nah; Shitao Tang; Shiyi Lan; Siddharth Gururani; Songwei Ge; Sriharsha Niverty; Stella Shi; Tiffany Cai; Ting-Chun Wang; Tsung-Yi Lin; Vasanth Rao Naik Sabavat; Wei Yang; Wei-Cheng Tseng; Xian Liu; Xiaohui Zeng; Xiaowei Ren; Xinyue Wei; Yifan Ding; Yin Cui; Yogesh Balaji; Yongxin Chen; Yu Zeng; Yunhao Ge; Yuxuan Zhang; Zeeshan Patel; Zhaoshuo Li,2501.03575v3: Cosmos World Foundation Model Platform for Physical AI,https://github.com/arturzolkowski,,,,,,2338890689.0,,3.0,688.0,,https://www.google.com/search?q=site%3Alinkedin.com/in%20%22Artur%20Zolkowski%22,NVIDIA
Jamie Shotton,3,Alex Kendall; Alice Karnsund; Ana-Maria Marcu; Anthony Hu; Benoit Hanotte; Elahe Arani; George Fedoseev; Gianluca Corrado; Hudson Yeo; Jan Hünermann; Lloyd Russell; Long Chen; Lorenzo Bertoni; Oleg Sinavski; Prajwal Chidananda; Saurabh Nair; Vijay Badrinarayanan; Zak Murez,2503.20523v1: GAIA-2: A Controllable Multi-View Generative World Model for Autonomous Driving | 2312.14115v4: LingoQA: Visual Question Answering for Autonomous Driving | 2309.17080v1: GAIA-1: A Generative World Model for Autonomous Driving,,,,,,,143774737.0,,57.0,37653.0,,https://www.google.com/search?q=site%3Alinkedin.com/in%20%22Jamie%20Shotton%22,Wayve
Lloyd Russell,2,Alex Kendall; Anthony Hu; Elahe Arani; George Fedoseev; Gianluca Corrado; Hudson Yeo; Jamie Shotton; Lorenzo Bertoni; Zak Murez,2503.20523v1: GAIA-2: A Controllable Multi-View Generative World Model for Autonomous Driving | 2309.17080v1: GAIA-1: A Generative World Model for Autonomous Driving,https://github.com/llerussell,,,,,,39803218.0,,11.0,1282.0,,https://www.google.com/search?q=site%3Alinkedin.com/in%20%22Lloyd%20Russell%22,Wayve
Anthony Hu,2,Alex Kendall; Elahe Arani; George Fedoseev; Gianluca Corrado; Hudson Yeo; Jamie Shotton; Lloyd Russell; Lorenzo Bertoni; Zak Murez,2503.20523v1: GAIA-2: A Controllable Multi-View Generative World Model for Autonomous Driving | 2309.17080v1: GAIA-1: A Generative World Model for Autonomous Driving,https://github.com/anthonyhu,,,,,,2056384835.0,,3.0,204.0,,https://www.google.com/search?q=site%3Alinkedin.com/in%20%22Anthony%20Hu%22,Wayve
George Fedoseev,2,Alex Kendall; Anthony Hu; Elahe Arani; Gianluca Corrado; Hudson Yeo; Jamie Shotton; Lloyd Russell; Lorenzo Bertoni; Zak Murez,2503.20523v1: GAIA-2: A Controllable Multi-View Generative World Model for Autonomous Driving | 2309.17080v1: GAIA-1: A Generative World Model for Autonomous Driving,https://github.com/GeorgeFedoseev,,,,,,2249528986.0,,4.0,735.0,,https://www.google.com/search?q=site%3Alinkedin.com/in%20%22George%20Fedoseev%22,Wayve
Elahe Arani,2,Alex Kendall; Alice Karnsund; Ana-Maria Marcu; Anthony Hu; Benoit Hanotte; George Fedoseev; Gianluca Corrado; Jamie Shotton; Jan Hünermann; Lloyd Russell; Long Chen; Lorenzo Bertoni; Oleg Sinavski; Prajwal Chidananda; Saurabh Nair; Vijay Badrinarayanan,2503.20523v1: GAIA-2: A Controllable Multi-View Generative World Model for Autonomous Driving | 2312.14115v4: LingoQA: Visual Question Answering for Autonomous Driving,https://github.com/elahearani,,,,,,51109237.0,,17.0,936.0,https://www.linkedin.com/in/elahe-arani-630870b2/,https://www.google.com/search?q=site%3Alinkedin.com/in%20%22Elahe%20Arani%22,Wayve
Gianluca Corrado,2,Alex Kendall; Anthony Hu; Elahe Arani; George Fedoseev; Hudson Yeo; Jamie Shotton; Lloyd Russell; Lorenzo Bertoni; Zak Murez,2503.20523v1: GAIA-2: A Controllable Multi-View Generative World Model for Autonomous Driving | 2309.17080v1: GAIA-1: A Generative World Model for Autonomous Driving,https://github.com/gianlucacorrado,,,,,,2061601772.0,,1.0,1.0,,https://www.google.com/search?q=site%3Alinkedin.com/in%20%22Gianluca%20Corrado%22,Wayve
Alex Kendall,2,Alice Karnsund; Ana-Maria Marcu; Anthony Hu; Benoit Hanotte; Elahe Arani; George Fedoseev; Gianluca Corrado; Hudson Yeo; Jamie Shotton; Jan Hünermann; Lloyd Russell; Long Chen; Oleg Sinavski; Prajwal Chidananda; Saurabh Nair; Vijay Badrinarayanan; Zak Murez,2312.14115v4: LingoQA: Visual Question Answering for Autonomous Driving | 2309.17080v1: GAIA-1: A Generative World Model for Autonomous Driving,https://github.com/alexgkendall,,,,,,2266914046.0,,2.0,208.0,,https://www.google.com/search?q=site%3Alinkedin.com/in%20%22Alex%20Kendall%22,Wayve
Lorenzo Bertoni,1,Anthony Hu; Elahe Arani; George Fedoseev; Gianluca Corrado; Jamie Shotton; Lloyd Russell,2503.20523v1: GAIA-2: A Controllable Multi-View Generative World Model for Autonomous Driving,https://github.com/bertoni9,,,,,,2266688216.0,,5.0,63.0,,https://www.google.com/search?q=site%3Alinkedin.com/in%20%22Lorenzo%20Bertoni%22,Wayve
Ana-Maria Marcu,1,Alex Kendall; Alice Karnsund; Benoit Hanotte; Elahe Arani; Jamie Shotton; Jan Hünermann; Long Chen; Oleg Sinavski; Prajwal Chidananda; Saurabh Nair; Vijay Badrinarayanan,2312.14115v4: LingoQA: Visual Question Answering for Autonomous Driving,,,,,,,2064000799.0,,1.0,3.0,,https://www.google.com/search?q=site%3Alinkedin.com/in%20%22Ana-Maria%20Marcu%22,Wayve
Long Chen,1,Alex Kendall; Alice Karnsund; Ana-Maria Marcu; Benoit Hanotte; Elahe Arani; Jamie Shotton; Jan Hünermann; Oleg Sinavski; Prajwal Chidananda; Saurabh Nair; Vijay Badrinarayanan,2312.14115v4: LingoQA: Visual Question Answering for Autonomous Driving,https://github.com/zjuchenlong,,,,,,2006443973.0,,1.0,4.0,,https://www.google.com/search?q=site%3Alinkedin.com/in%20%22Long%20Chen%22,Wayve
Jan Hünermann,1,Alex Kendall; Alice Karnsund; Ana-Maria Marcu; Benoit Hanotte; Elahe Arani; Jamie Shotton; Long Chen; Oleg Sinavski; Prajwal Chidananda; Saurabh Nair; Vijay Badrinarayanan,2312.14115v4: LingoQA: Visual Question Answering for Autonomous Driving,https://github.com/janhuenermann,,,,,,2260351460.0,,4.0,602.0,,https://www.google.com/search?q=site%3Alinkedin.com/in%20%22Jan%20H%C3%BCnermann%22,Wayve
Alice Karnsund,1,Alex Kendall; Ana-Maria Marcu; Benoit Hanotte; Elahe Arani; Jamie Shotton; Jan Hünermann; Long Chen; Oleg Sinavski; Prajwal Chidananda; Saurabh Nair; Vijay Badrinarayanan,2312.14115v4: LingoQA: Visual Question Answering for Autonomous Driving,,,,,,,150017706.0,,1.0,4.0,,https://www.google.com/search?q=site%3Alinkedin.com/in%20%22Alice%20Karnsund%22,Wayve
Benoit Hanotte,1,Alex Kendall; Alice Karnsund; Ana-Maria Marcu; Elahe Arani; Jamie Shotton; Jan Hünermann; Long Chen; Oleg Sinavski; Prajwal Chidananda; Saurabh Nair; Vijay Badrinarayanan,2312.14115v4: LingoQA: Visual Question Answering for Autonomous Driving,https://github.com/BenoitHanotte,,,,,,146870832.0,,,,,https://www.google.com/search?q=site%3Alinkedin.com/in%20%22Benoit%20Hanotte%22,Wayve
Prajwal Chidananda,1,Alex Kendall; Alice Karnsund; Ana-Maria Marcu; Benoit Hanotte; Elahe Arani; Jamie Shotton; Jan Hünermann; Long Chen; Oleg Sinavski; Saurabh Nair; Vijay Badrinarayanan,2312.14115v4: LingoQA: Visual Question Answering for Autonomous Driving,https://github.com/prajwalchidananda,,,,,,2989312.0,,4.0,225.0,,https://www.google.com/search?q=site%3Alinkedin.com/in%20%22Prajwal%20Chidananda%22,Wayve
Saurabh Nair,1,Alex Kendall; Alice Karnsund; Ana-Maria Marcu; Benoit Hanotte; Elahe Arani; Jamie Shotton; Jan Hünermann; Long Chen; Oleg Sinavski; Prajwal Chidananda; Vijay Badrinarayanan,2312.14115v4: LingoQA: Visual Question Answering for Autonomous Driving,https://github.com/SaurabhNair239,,,,,,2233468649.0,,2.0,25.0,,https://www.google.com/search?q=site%3Alinkedin.com/in%20%22Saurabh%20Nair%22,Wayve
Vijay Badrinarayanan,1,Alex Kendall; Alice Karnsund; Ana-Maria Marcu; Benoit Hanotte; Elahe Arani; Jamie Shotton; Jan Hünermann; Long Chen; Oleg Sinavski; Prajwal Chidananda; Saurabh Nair,2312.14115v4: LingoQA: Visual Question Answering for Autonomous Driving,,,,,,,2442177.0,,21.0,23832.0,,https://www.google.com/search?q=site%3Alinkedin.com/in%20%22Vijay%20Badrinarayanan%22,Wayve
Oleg Sinavski,1,Alex Kendall; Alice Karnsund; Ana-Maria Marcu; Benoit Hanotte; Elahe Arani; Jamie Shotton; Jan Hünermann; Long Chen; Prajwal Chidananda; Saurabh Nair; Vijay Badrinarayanan,2312.14115v4: LingoQA: Visual Question Answering for Autonomous Driving,https://github.com/olegsinavski,,,,,,2327863886.0,,1.0,1.0,,https://www.google.com/search?q=site%3Alinkedin.com/in%20%22Oleg%20Sinavski%22,Wayve
Hudson Yeo,1,Alex Kendall; Anthony Hu; George Fedoseev; Gianluca Corrado; Jamie Shotton; Lloyd Russell; Zak Murez,2309.17080v1: GAIA-1: A Generative World Model for Autonomous Driving,,,,,,,2187874918.0,,4.0,811.0,,https://www.google.com/search?q=site%3Alinkedin.com/in%20%22Hudson%20Yeo%22,Wayve
Zak Murez,1,Alex Kendall; Anthony Hu; George Fedoseev; Gianluca Corrado; Hudson Yeo; Jamie Shotton; Lloyd Russell,2309.17080v1: GAIA-1: A Generative World Model for Autonomous Driving,https://github.com/zmurez,,,,,,2375421.0,,11.0,2305.0,,https://www.google.com/search?q=site%3Alinkedin.com/in%20%22Zak%20Murez%22,Wayve
Chelsea Finn,5,Adnan Esmail; Adrian Li-Bell; Aikys Mongush; Alex Swerdlow; Ali Amin; Allen Z. Ren; Anna Walling; Ashwin Balakrishna; Baifeng Shi; Ben Katz; Benjamin Burchfiel; Blake Williams; Bo Ai; Brendon LeCount; Brian Ichter; Catherine Glossop; Chandra Kuchi; Charles Xu; Charvi Sharma; Chris Whalen; Connor Jacobsen; Danny Driess; Devin LeBlanc; Dibya Ghosh; Dorsa Sadigh; Enyu Luo; Ethan Foster; Foster Collins; Gashon Hussein; Gavin Schelske; George Bokinsky; Grace Connors; Grace Lam; Greg Balke; Gregg Kammerer; Haohuan Wang; Haroun Habeeb; Homer Walke; Hunter Hancock; Ivan Goryachev; James Darpinian; James Tanner; Jared DiCarlo; Jason Wang; Jiaming Tang; Jimmy Tanner; Jost Tobias Springenberg; Karan Dhabalia; Karl Pertsch; Karol Hausman; Ken Conley; Kevin Black; Kyle Stachowicz; Kyle Vedder; Lachlan Groom; Lachy Groom; Laura Smith; Liam Murphy; Lili Yu; Liyiming Ke; Lucy Xiaoyang Shi; Mairbek Khadikov; Maitrayee Dhaka; Manuel Y. Galliker; Marcel Torne; Marinda Lamb; Michael Equi; Mohith Mothukuri; Moo Jin Kim; Nandan Marwaha; Niccolo Fusai; Noah Brown; Pannag Sanketi; Percy Liang; Physical Intelligence; Quan Vuong; Rafael Rafailov; Raichelle Aniceto; Rowan Jen; Russ Tedrake; Samuel Whitmore; Sergey Levine; Shalom Tekeste; Shihao Cao; Siddharth Karamcheti; Sukwon Yoo; Suraj Nair; Szymon Jakubczak; Ted Xiao; Thomas Charbonnier; Thomas Godden; Thomas Kollar; Tim Jones; Tyler Patterson; Ury Zhilinsky; Vedant Choudhary; Victor Hwang; Vishnu Mano; Vladislav Lialin; Wallace Lim; Will Stoeckle; Wuming Zhang; Xinyu Li; XuDong Wang; Yao Lu; Yunhao Fang; Zhiyuan Zhou; Zhonglin Liang; Zhuoyang Zhang,2604.15483v2: $π_{0.7}$: a Steerable Generalist Robotic Foundation Model with Emergent Capabilities | 2511.14759v2: $π^{*}_{0.6}$: a VLA That Learns From Experience | 2504.16054v1: $π_{0.5}$: a Vision-Language-Action Model with Open-World Generalization,https://github.com/cbfinn,,,,,,10680326.0,,5.0,461.0,,https://www.google.com/search?q=site%3Alinkedin.com/in%20%22Chelsea%20Finn%22,VLA
Sergey Levine,5,Adnan Esmail; Adrian Li-Bell; Aikys Mongush; Alex Swerdlow; Ali Amin; Allen Z. Ren; Anna Walling; Ashwin Balakrishna; Baifeng Shi; Ben Katz; Benjamin Burchfiel; Blake Williams; Bo Ai; Brendon LeCount; Brian Ichter; Catherine Glossop; Chandra Kuchi; Charles Xu; Charvi Sharma; Chelsea Finn; Chris Whalen; Connor Jacobsen; Danny Driess; Devin LeBlanc; Dibya Ghosh; Dorsa Sadigh; Enyu Luo; Ethan Foster; Foster Collins; Gashon Hussein; Gavin Schelske; George Bokinsky; Grace Connors; Grace Lam; Greg Balke; Gregg Kammerer; Haohuan Wang; Haroun Habeeb; Homer Walke; Hunter Hancock; Ivan Goryachev; James Darpinian; James Tanner; Jared DiCarlo; Jason Wang; Jiaming Tang; Jimmy Tanner; Jost Tobias Springenberg; Karan Dhabalia; Karl Pertsch; Karol Hausman; Ken Conley; Kevin Black; Kyle Stachowicz; Kyle Vedder; Lachlan Groom; Lachy Groom; Laura Smith; Liam Murphy; Lili Yu; Liyiming Ke; Lucy Xiaoyang Shi; Mairbek Khadikov; Maitrayee Dhaka; Manuel Y. Galliker; Marcel Torne; Marinda Lamb; Michael Equi; Mohith Mothukuri; Moo Jin Kim; Nandan Marwaha; Niccolo Fusai; Noah Brown; Pannag Sanketi; Percy Liang; Physical Intelligence; Quan Vuong; Rafael Rafailov; Raichelle Aniceto; Rowan Jen; Russ Tedrake; Samuel Whitmore; Shalom Tekeste; Shihao Cao; Siddharth Karamcheti; Sukwon Yoo; Suraj Nair; Szymon Jakubczak; Ted Xiao; Thomas Charbonnier; Thomas Godden; Thomas Kollar; Tim Jones; Tyler Patterson; Ury Zhilinsky; Vedant Choudhary; Victor Hwang; Vishnu Mano; Vladislav Lialin; Wallace Lim; Will Stoeckle; Wuming Zhang; Xinyu Li; XuDong Wang; Yao Lu; Yunhao Fang; Zhiyuan Zhou; Zhonglin Liang; Zhuoyang Zhang,2604.15483v2: $π_{0.7}$: a Steerable Generalist Robotic Foundation Model with Emergent Capabilities | 2511.14759v2: $π^{*}_{0.6}$: a VLA That Learns From Experience | 2504.16054v1: $π_{0.5}$: a Vision-Language-Action Model with Open-World Generalization,https://github.com/svlevine,,,,,,1736651.0,,167.0,170521.0,,https://www.google.com/search?q=site%3Alinkedin.com/in%20%22Sergey%20Levine%22,VLA
Suraj Nair,5,Adnan Esmail; Adrian Li-Bell; Aikys Mongush; Alex Swerdlow; Ali Amin; Allen Z. Ren; Anna Walling; Ashwin Balakrishna; Baifeng Shi; Ben Katz; Benjamin Burchfiel; Blake Williams; Bo Ai; Brendon LeCount; Brian Ichter; Catherine Glossop; Chandra Kuchi; Charles Xu; Charvi Sharma; Chelsea Finn; Chris Whalen; Connor Jacobsen; Danny Driess; Devin LeBlanc; Dibya Ghosh; Dorsa Sadigh; Enyu Luo; Ethan Foster; Foster Collins; Gashon Hussein; Gavin Schelske; George Bokinsky; Grace Connors; Grace Lam; Greg Balke; Gregg Kammerer; Haohuan Wang; Haroun Habeeb; Homer Walke; Hunter Hancock; Ivan Goryachev; James Darpinian; James Tanner; Jared DiCarlo; Jason Wang; Jiaming Tang; Jimmy Tanner; Jost Tobias Springenberg; Karan Dhabalia; Karl Pertsch; Karol Hausman; Ken Conley; Kevin Black; Kyle Stachowicz; Kyle Vedder; Lachlan Groom; Lachy Groom; Laura Smith; Liam Murphy; Lili Yu; Liyiming Ke; Lucy Xiaoyang Shi; Mairbek Khadikov; Maitrayee Dhaka; Manuel Y. Galliker; Marcel Torne; Marinda Lamb; Michael Equi; Mohith Mothukuri; Moo Jin Kim; Nandan Marwaha; Niccolo Fusai; Noah Brown; Pannag Sanketi; Percy Liang; Physical Intelligence; Quan Vuong; Rafael Rafailov; Raichelle Aniceto; Rowan Jen; Russ Tedrake; Samuel Whitmore; Sergey Levine; Shalom Tekeste; Shihao Cao; Siddharth Karamcheti; Sukwon Yoo; Szymon Jakubczak; Ted Xiao; Thomas Charbonnier; Thomas Godden; Thomas Kollar; Tim Jones; Tyler Patterson; Ury Zhilinsky; Vedant Choudhary; Victor Hwang; Vishnu Mano; Vladislav Lialin; Wallace Lim; Will Stoeckle; Wuming Zhang; Xinyu Li; XuDong Wang; Yao Lu; Yunhao Fang; Zhiyuan Zhou; Zhonglin Liang; Zhuoyang Zhang,2604.15483v2: $π_{0.7}$: a Steerable Generalist Robotic Foundation Model with Emergent Capabilities | 2511.14759v2: $π^{*}_{0.6}$: a VLA That Learns From Experience | 2504.16054v1: $π_{0.5}$: a Vision-Language-Action Model with Open-World Generalization,https://github.com/SurajN4ir,,,,,,31458747.0,,4.0,41.0,,https://www.google.com/search?q=site%3Alinkedin.com/in%20%22Suraj%20Nair%22,VLA
Karl Pertsch,5,Adnan Esmail; Adrian Li-Bell; Aikys Mongush; Alex Swerdlow; Ali Amin; Allen Z. Ren; Anna Walling; Ashwin Balakrishna; Baifeng Shi; Ben Katz; Benjamin Burchfiel; Blake Williams; Bo Ai; Brendon LeCount; Brian Ichter; Catherine Glossop; Chandra Kuchi; Charles Xu; Charvi Sharma; Chelsea Finn; Chris Whalen; Connor Jacobsen; Danny Driess; Devin LeBlanc; Dibya Ghosh; Dorsa Sadigh; Enyu Luo; Ethan Foster; Foster Collins; Gashon Hussein; Gavin Schelske; George Bokinsky; Grace Connors; Grace Lam; Greg Balke; Gregg Kammerer; Haohuan Wang; Haroun Habeeb; Homer Walke; Hunter Hancock; Ivan Goryachev; James Darpinian; James Tanner; Jared DiCarlo; Jason Wang; Jiaming Tang; Jimmy Tanner; Jost Tobias Springenberg; Karan Dhabalia; Karol Hausman; Ken Conley; Kevin Black; Kyle Stachowicz; Kyle Vedder; Lachlan Groom; Lachy Groom; Laura Smith; Liam Murphy; Lili Yu; Liyiming Ke; Lucy Xiaoyang Shi; Mairbek Khadikov; Maitrayee Dhaka; Manuel Y. Galliker; Marcel Torne; Marinda Lamb; Michael Equi; Mohith Mothukuri; Moo Jin Kim; Nandan Marwaha; Niccolo Fusai; Noah Brown; Pannag Sanketi; Percy Liang; Physical Intelligence; Quan Vuong; Rafael Rafailov; Raichelle Aniceto; Rowan Jen; Russ Tedrake; Samuel Whitmore; Sergey Levine; Shalom Tekeste; Shihao Cao; Siddharth Karamcheti; Sukwon Yoo; Suraj Nair; Szymon Jakubczak; Ted Xiao; Thomas Charbonnier; Thomas Godden; Thomas Kollar; Tim Jones; Tyler Patterson; Ury Zhilinsky; Vedant Choudhary; Victor Hwang; Vishnu Mano; Vladislav Lialin; Wallace Lim; Will Stoeckle; Wuming Zhang; Xinyu Li; XuDong Wang; Yao Lu; Yunhao Fang; Zhiyuan Zhou; Zhonglin Liang; Zhuoyang Zhang,2604.15483v2: $π_{0.7}$: a Steerable Generalist Robotic Foundation Model with Emergent Capabilities | 2511.14759v2: $π^{*}_{0.6}$: a VLA That Learns From Experience | 2504.16054v1: $π_{0.5}$: a Vision-Language-Action Model with Open-World Generalization,https://github.com/kpertsch,,,,,,31719101.0,,32.0,17895.0,,https://www.google.com/search?q=site%3Alinkedin.com/in%20%22Karl%20Pertsch%22,VLA
Quan Vuong,5,Adnan Esmail; Adrian Li-Bell; Aikys Mongush; Alex Swerdlow; Ali Amin; Allen Z. Ren; Anna Walling; Ashwin Balakrishna; Baifeng Shi; Ben Katz; Benjamin Burchfiel; Blake Williams; Bo Ai; Brendon LeCount; Brian Ichter; Catherine Glossop; Chandra Kuchi; Charles Xu; Charvi Sharma; Chelsea Finn; Chris Whalen; Connor Jacobsen; Danny Driess; Devin LeBlanc; Dibya Ghosh; Dorsa Sadigh; Enyu Luo; Ethan Foster; Foster Collins; Gashon Hussein; Gavin Schelske; George Bokinsky; Grace Connors; Grace Lam; Greg Balke; Gregg Kammerer; Haohuan Wang; Haroun Habeeb; Homer Walke; Hunter Hancock; Ivan Goryachev; James Darpinian; James Tanner; Jared DiCarlo; Jason Wang; Jiaming Tang; Jimmy Tanner; Jost Tobias Springenberg; Karan Dhabalia; Karl Pertsch; Karol Hausman; Ken Conley; Kevin Black; Kyle Stachowicz; Kyle Vedder; Lachlan Groom; Lachy Groom; Laura Smith; Liam Murphy; Lili Yu; Liyiming Ke; Lucy Xiaoyang Shi; Mairbek Khadikov; Maitrayee Dhaka; Manuel Y. Galliker; Marcel Torne; Marinda Lamb; Michael Equi; Mohith Mothukuri; Moo Jin Kim; Nandan Marwaha; Niccolo Fusai; Noah Brown; Pannag Sanketi; Percy Liang; Physical Intelligence; Rafael Rafailov; Raichelle Aniceto; Rowan Jen; Russ Tedrake; Samuel Whitmore; Sergey Levine; Shalom Tekeste; Shihao Cao; Siddharth Karamcheti; Sukwon Yoo; Suraj Nair; Szymon Jakubczak; Ted Xiao; Thomas Charbonnier; Thomas Godden; Thomas Kollar; Tim Jones; Tyler Patterson; Ury Zhilinsky; Vedant Choudhary; Victor Hwang; Vishnu Mano; Vladislav Lialin; Wallace Lim; Will Stoeckle; Wuming Zhang; Xinyu Li; XuDong Wang; Yao Lu; Yunhao Fang; Zhiyuan Zhou; Zhonglin Liang; Zhuoyang Zhang,2604.15483v2: $π_{0.7}$: a Steerable Generalist Robotic Foundation Model with Emergent Capabilities | 2511.14759v2: $π^{*}_{0.6}$: a VLA That Learns From Experience | 2504.16054v1: $π_{0.5}$: a Vision-Language-Action Model with Open-World Generalization,https://github.com/quanvuong,,,,,,144579461.0,,23.0,12352.0,,https://www.google.com/search?q=site%3Alinkedin.com/in%20%22Quan%20Vuong%22,VLA
Kevin Black,4,Adnan Esmail; Adrian Li-Bell; Aikys Mongush; Alex Swerdlow; Ali Amin; Allen Z. Ren; Anna Walling; Ashwin Balakrishna; Baifeng Shi; Ben Katz; Blake Williams; Bo Ai; Brendon LeCount; Brian Ichter; Catherine Glossop; Chandra Kuchi; Charles Xu; Charvi Sharma; Chelsea Finn; Chris Whalen; Connor Jacobsen; Danny Driess; Devin LeBlanc; Dibya Ghosh; Enyu Luo; Foster Collins; Gashon Hussein; Gavin Schelske; George Bokinsky; Grace Connors; Greg Balke; Gregg Kammerer; Haohuan Wang; Haroun Habeeb; Homer Walke; Hunter Hancock; Ivan Goryachev; James Darpinian; James Tanner; Jared DiCarlo; Jason Wang; Jiaming Tang; Jimmy Tanner; Jost Tobias Springenberg; Karan Dhabalia; Karl Pertsch; Karol Hausman; Ken Conley; Kyle Stachowicz; Kyle Vedder; Lachlan Groom; Lachy Groom; Laura Smith; Liam Murphy; Lili Yu; Liyiming Ke; Lucy Xiaoyang Shi; Mairbek Khadikov; Maitrayee Dhaka; Manuel Y. Galliker; Marcel Torne; Marinda Lamb; Michael Equi; Mohith Mothukuri; Nandan Marwaha; Niccolo Fusai; Noah Brown; Physical Intelligence; Quan Vuong; Raichelle Aniceto; Rowan Jen; Samuel Whitmore; Sergey Levine; Shalom Tekeste; Shihao Cao; Sukwon Yoo; Suraj Nair; Szymon Jakubczak; Thomas Charbonnier; Thomas Godden; Tim Jones; Tyler Patterson; Ury Zhilinsky; Vedant Choudhary; Victor Hwang; Vishnu Mano; Vladislav Lialin; Wallace Lim; Will Stoeckle; Wuming Zhang; Xinyu Li; XuDong Wang; Yao Lu; Yunhao Fang; Zhiyuan Zhou; Zhonglin Liang; Zhuoyang Zhang,2604.15483v2: $π_{0.7}$: a Steerable Generalist Robotic Foundation Model with Emergent Capabilities | 2511.14759v2: $π^{*}_{0.6}$: a VLA That Learns From Experience | 2504.16054v1: $π_{0.5}$: a Vision-Language-Action Model with Open-World Generalization,https://github.com/codewithkevin,,,,,,152183399.0,,7.0,182.0,,https://www.google.com/search?q=site%3Alinkedin.com/in%20%22Kevin%20Black%22,VLA
Danny Driess,4,Adnan Esmail; Adrian Li-Bell; Aikys Mongush; Alex Swerdlow; Ali Amin; Allen Z. Ren; Anna Walling; Ashwin Balakrishna; Baifeng Shi; Ben Katz; Blake Williams; Bo Ai; Brendon LeCount; Brian Ichter; Catherine Glossop; Chandra Kuchi; Charles Xu; Charvi Sharma; Chelsea Finn; Chris Whalen; Connor Jacobsen; Devin LeBlanc; Dibya Ghosh; Enyu Luo; Foster Collins; Gashon Hussein; Gavin Schelske; George Bokinsky; Grace Connors; Greg Balke; Gregg Kammerer; Haohuan Wang; Haroun Habeeb; Homer Walke; Hunter Hancock; Ivan Goryachev; James Darpinian; James Tanner; Jared DiCarlo; Jason Wang; Jiaming Tang; Jimmy Tanner; Jost Tobias Springenberg; Karan Dhabalia; Karl Pertsch; Karol Hausman; Ken Conley; Kevin Black; Kyle Stachowicz; Kyle Vedder; Lachlan Groom; Lachy Groom; Laura Smith; Liam Murphy; Lili Yu; Liyiming Ke; Lucy Xiaoyang Shi; Mairbek Khadikov; Maitrayee Dhaka; Manuel Y. Galliker; Marcel Torne; Marinda Lamb; Michael Equi; Mohith Mothukuri; Nandan Marwaha; Niccolo Fusai; Noah Brown; Physical Intelligence; Quan Vuong; Raichelle Aniceto; Rowan Jen; Samuel Whitmore; Sergey Levine; Shalom Tekeste; Shihao Cao; Sukwon Yoo; Suraj Nair; Szymon Jakubczak; Thomas Charbonnier; Thomas Godden; Tim Jones; Tyler Patterson; Ury Zhilinsky; Vedant Choudhary; Victor Hwang; Vishnu Mano; Vladislav Lialin; Wallace Lim; Will Stoeckle; Wuming Zhang; Xinyu Li; XuDong Wang; Yao Lu; Yunhao Fang; Zhiyuan Zhou; Zhonglin Liang; Zhuoyang Zhang,2604.15483v2: $π_{0.7}$: a Steerable Generalist Robotic Foundation Model with Emergent Capabilities | 2511.14759v2: $π^{*}_{0.6}$: a VLA That Learns From Experience | 2504.16054v1: $π_{0.5}$: a Vision-Language-Action Model with Open-World Generalization,,,,,,,2283848260.0,,27.0,17897.0,,https://www.google.com/search?q=site%3Alinkedin.com/in%20%22Danny%20Driess%22,VLA
Michael Equi,4,Adnan Esmail; Adrian Li-Bell; Aikys Mongush; Alex Swerdlow; Ali Amin; Allen Z. Ren; Anna Walling; Ashwin Balakrishna; Baifeng Shi; Ben Katz; Blake Williams; Bo Ai; Brendon LeCount; Brian Ichter; Catherine Glossop; Chandra Kuchi; Charles Xu; Charvi Sharma; Chelsea Finn; Chris Whalen; Connor Jacobsen; Danny Driess; Devin LeBlanc; Dibya Ghosh; Enyu Luo; Foster Collins; Gashon Hussein; Gavin Schelske; George Bokinsky; Grace Connors; Greg Balke; Gregg Kammerer; Haohuan Wang; Haroun Habeeb; Homer Walke; Hunter Hancock; Ivan Goryachev; James Darpinian; James Tanner; Jared DiCarlo; Jason Wang; Jiaming Tang; Jimmy Tanner; Jost Tobias Springenberg; Karan Dhabalia; Karl Pertsch; Karol Hausman; Ken Conley; Kevin Black; Kyle Stachowicz; Kyle Vedder; Lachlan Groom; Lachy Groom; Laura Smith; Liam Murphy; Lili Yu; Liyiming Ke; Lucy Xiaoyang Shi; Mairbek Khadikov; Maitrayee Dhaka; Manuel Y. Galliker; Marcel Torne; Marinda Lamb; Mohith Mothukuri; Nandan Marwaha; Niccolo Fusai; Noah Brown; Physical Intelligence; Quan Vuong; Raichelle Aniceto; Rowan Jen; Samuel Whitmore; Sergey Levine; Shalom Tekeste; Shihao Cao; Sukwon Yoo; Suraj Nair; Szymon Jakubczak; Thomas Charbonnier; Thomas Godden; Tim Jones; Tyler Patterson; Ury Zhilinsky; Vedant Choudhary; Victor Hwang; Vishnu Mano; Vladislav Lialin; Wallace Lim; Will Stoeckle; Wuming Zhang; Xinyu Li; XuDong Wang; Yao Lu; Yunhao Fang; Zhiyuan Zhou; Zhonglin Liang; Zhuoyang Zhang,2604.15483v2: $π_{0.7}$: a Steerable Generalist Robotic Foundation Model with Emergent Capabilities | 2511.14759v2: $π^{*}_{0.6}$: a VLA That Learns From Experience | 2504.16054v1: $π_{0.5}$: a Vision-Language-Action Model with Open-World Generalization,https://github.com/Michael-Equi,,,,,,2298901898.0,,10.0,3666.0,,https://www.google.com/search?q=site%3Alinkedin.com/in%20%22Michael%20Equi%22,VLA
Adnan Esmail,4,Adrian Li-Bell; Aikys Mongush; Alex Swerdlow; Ali Amin; Allen Z. Ren; Anna Walling; Ashwin Balakrishna; Baifeng Shi; Ben Katz; Blake Williams; Bo Ai; Brendon LeCount; Brian Ichter; Catherine Glossop; Chandra Kuchi; Charles Xu; Charvi Sharma; Chelsea Finn; Chris Whalen; Connor Jacobsen; Danny Driess; Devin LeBlanc; Dibya Ghosh; Enyu Luo; Foster Collins; Gashon Hussein; Gavin Schelske; George Bokinsky; Grace Connors; Greg Balke; Gregg Kammerer; Haohuan Wang; Haroun Habeeb; Homer Walke; Hunter Hancock; Ivan Goryachev; James Darpinian; James Tanner; Jared DiCarlo; Jason Wang; Jiaming Tang; Jimmy Tanner; Jost Tobias Springenberg; Karan Dhabalia; Karl Pertsch; Karol Hausman; Ken Conley; Kevin Black; Kyle Stachowicz; Kyle Vedder; Lachlan Groom; Lachy Groom; Laura Smith; Liam Murphy; Lili Yu; Liyiming Ke; Lucy Xiaoyang Shi; Mairbek Khadikov; Maitrayee Dhaka; Manuel Y. Galliker; Marcel Torne; Marinda Lamb; Michael Equi; Mohith Mothukuri; Nandan Marwaha; Niccolo Fusai; Noah Brown; Physical Intelligence; Quan Vuong; Raichelle Aniceto; Rowan Jen; Samuel Whitmore; Sergey Levine; Shalom Tekeste; Shihao Cao; Sukwon Yoo; Suraj Nair; Szymon Jakubczak; Thomas Charbonnier; Thomas Godden; Tim Jones; Tyler Patterson; Ury Zhilinsky; Vedant Choudhary; Victor Hwang; Vishnu Mano; Vladislav Lialin; Wallace Lim; Will Stoeckle; Wuming Zhang; Xinyu Li; XuDong Wang; Yao Lu; Yunhao Fang; Zhiyuan Zhou; Zhonglin Liang; Zhuoyang Zhang,2604.15483v2: $π_{0.7}$: a Steerable Generalist Robotic Foundation Model with Emergent Capabilities | 2511.14759v2: $π^{*}_{0.6}$: a VLA That Learns From Experience | 2504.16054v1: $π_{0.5}$: a Vision-Language-Action Model with Open-World Generalization,https://github.com/Adnanpi,,,,,,2332926590.0,,7.0,4918.0,,https://www.google.com/search?q=site%3Alinkedin.com/in%20%22Adnan%20Esmail%22,VLA
Karol Hausman,4,Adnan Esmail; Adrian Li-Bell; Aikys Mongush; Alex Swerdlow; Ali Amin; Allen Z. Ren; Anna Walling; Ashwin Balakrishna; Baifeng Shi; Ben Katz; Blake Williams; Bo Ai; Brendon LeCount; Brian Ichter; Catherine Glossop; Chandra Kuchi; Charles Xu; Charvi Sharma; Chelsea Finn; Chris Whalen; Connor Jacobsen; Danny Driess; Devin LeBlanc; Dibya Ghosh; Enyu Luo; Foster Collins; Gashon Hussein; Gavin Schelske; George Bokinsky; Grace Connors; Greg Balke; Gregg Kammerer; Haohuan Wang; Haroun Habeeb; Homer Walke; Hunter Hancock; Ivan Goryachev; James Darpinian; James Tanner; Jared DiCarlo; Jason Wang; Jiaming Tang; Jimmy Tanner; Jost Tobias Springenberg; Karan Dhabalia; Karl Pertsch; Ken Conley; Kevin Black; Kyle Stachowicz; Kyle Vedder; Lachlan Groom; Lachy Groom; Laura Smith; Liam Murphy; Lili Yu; Liyiming Ke; Lucy Xiaoyang Shi; Mairbek Khadikov; Maitrayee Dhaka; Manuel Y. Galliker; Marcel Torne; Marinda Lamb; Michael Equi; Mohith Mothukuri; Nandan Marwaha; Niccolo Fusai; Noah Brown; Physical Intelligence; Quan Vuong; Raichelle Aniceto; Rowan Jen; Samuel Whitmore; Sergey Levine; Shalom Tekeste; Shihao Cao; Sukwon Yoo; Suraj Nair; Szymon Jakubczak; Thomas Charbonnier; Thomas Godden; Tim Jones; Tyler Patterson; Ury Zhilinsky; Vedant Choudhary; Victor Hwang; Vishnu Mano; Vladislav Lialin; Wallace Lim; Will Stoeckle; Wuming Zhang; Xinyu Li; XuDong Wang; Yao Lu; Yunhao Fang; Zhiyuan Zhou; Zhonglin Liang; Zhuoyang Zhang,2604.15483v2: $π_{0.7}$: a Steerable Generalist Robotic Foundation Model with Emergent Capabilities | 2511.14759v2: $π^{*}_{0.6}$: a VLA That Learns From Experience | 2504.16054v1: $π_{0.5}$: a Vision-Language-Action Model with Open-World Generalization,https://github.com/KarolHausman,,,,,,1944801.0,,47.0,29384.0,,https://www.google.com/search?q=site%3Alinkedin.com/in%20%22Karol%20Hausman%22,VLA
Brian Ichter,4,Adnan Esmail; Adrian Li-Bell; Aikys Mongush; Alex Swerdlow; Ali Amin; Allen Z. Ren; Anna Walling; Ashwin Balakrishna; Baifeng Shi; Ben Katz; Blake Williams; Bo Ai; Brendon LeCount; Catherine Glossop; Chandra Kuchi; Charles Xu; Charvi Sharma; Chelsea Finn; Chris Whalen; Connor Jacobsen; Danny Driess; Devin LeBlanc; Dibya Ghosh; Enyu Luo; Foster Collins; Gashon Hussein; Gavin Schelske; George Bokinsky; Grace Connors; Greg Balke; Gregg Kammerer; Haohuan Wang; Haroun Habeeb; Homer Walke; Hunter Hancock; Ivan Goryachev; James Darpinian; James Tanner; Jared DiCarlo; Jason Wang; Jiaming Tang; Jimmy Tanner; Jost Tobias Springenberg; Karan Dhabalia; Karl Pertsch; Karol Hausman; Ken Conley; Kevin Black; Kyle Stachowicz; Kyle Vedder; Lachlan Groom; Lachy Groom; Laura Smith; Liam Murphy; Lili Yu; Liyiming Ke; Lucy Xiaoyang Shi; Mairbek Khadikov; Maitrayee Dhaka; Manuel Y. Galliker; Marcel Torne; Marinda Lamb; Michael Equi; Mohith Mothukuri; Nandan Marwaha; Niccolo Fusai; Noah Brown; Physical Intelligence; Quan Vuong; Raichelle Aniceto; Rowan Jen; Samuel Whitmore; Sergey Levine; Shalom Tekeste; Shihao Cao; Sukwon Yoo; Suraj Nair; Szymon Jakubczak; Thomas Charbonnier; Thomas Godden; Tim Jones; Tyler Patterson; Ury Zhilinsky; Vedant Choudhary; Victor Hwang; Vishnu Mano; Vladislav Lialin; Wallace Lim; Will Stoeckle; Wuming Zhang; Xinyu Li; XuDong Wang; Yao Lu; Yunhao Fang; Zhiyuan Zhou; Zhonglin Liang; Zhuoyang Zhang,2604.15483v2: $π_{0.7}$: a Steerable Generalist Robotic Foundation Model with Emergent Capabilities | 2511.14759v2: $π^{*}_{0.6}$: a VLA That Learns From Experience | 2504.16054v1: $π_{0.5}$: a Vision-Language-Action Model with Open-World Generalization,https://github.com/brianichter,,,,,,2704814.0,,37.0,24954.0,,https://www.google.com/search?q=site%3Alinkedin.com/in%20%22Brian%20Ichter%22,VLA
Szymon Jakubczak,4,Adnan Esmail; Adrian Li-Bell; Aikys Mongush; Alex Swerdlow; Ali Amin; Allen Z. Ren; Anna Walling; Ashwin Balakrishna; Baifeng Shi; Ben Katz; Blake Williams; Bo Ai; Brendon LeCount; Brian Ichter; Catherine Glossop; Chandra Kuchi; Charles Xu; Charvi Sharma; Chelsea Finn; Chris Whalen; Connor Jacobsen; Danny Driess; Devin LeBlanc; Dibya Ghosh; Enyu Luo; Foster Collins; Gashon Hussein; Gavin Schelske; George Bokinsky; Grace Connors; Greg Balke; Gregg Kammerer; Haohuan Wang; Haroun Habeeb; Homer Walke; Hunter Hancock; Ivan Goryachev; James Darpinian; James Tanner; Jared DiCarlo; Jason Wang; Jiaming Tang; Jimmy Tanner; Jost Tobias Springenberg; Karan Dhabalia; Karl Pertsch; Karol Hausman; Ken Conley; Kevin Black; Kyle Stachowicz; Kyle Vedder; Lachlan Groom; Lachy Groom; Laura Smith; Liam Murphy; Lili Yu; Liyiming Ke; Lucy Xiaoyang Shi; Mairbek Khadikov; Maitrayee Dhaka; Manuel Y. Galliker; Marcel Torne; Marinda Lamb; Michael Equi; Mohith Mothukuri; Nandan Marwaha; Niccolo Fusai; Noah Brown; Physical Intelligence; Quan Vuong; Raichelle Aniceto; Rowan Jen; Samuel Whitmore; Sergey Levine; Shalom Tekeste; Shihao Cao; Sukwon Yoo; Suraj Nair; Thomas Charbonnier; Thomas Godden; Tim Jones; Tyler Patterson; Ury Zhilinsky; Vedant Choudhary; Victor Hwang; Vishnu Mano; Vladislav Lialin; Wallace Lim; Will Stoeckle; Wuming Zhang; Xinyu Li; XuDong Wang; Yao Lu; Yunhao Fang; Zhiyuan Zhou; Zhonglin Liang; Zhuoyang Zhang,2604.15483v2: $π_{0.7}$: a Steerable Generalist Robotic Foundation Model with Emergent Capabilities | 2511.14759v2: $π^{*}_{0.6}$: a VLA That Learns From Experience | 2504.16054v1: $π_{0.5}$: a Vision-Language-Action Model with Open-World Generalization,https://github.com/szym,,,,,,2332926523.0,,5.0,3243.0,,https://www.google.com/search?q=site%3Alinkedin.com/in%20%22Szymon%20Jakubczak%22,VLA
Tim Jones,4,Adnan Esmail; Adrian Li-Bell; Aikys Mongush; Alex Swerdlow; Ali Amin; Allen Z. Ren; Anna Walling; Ashwin Balakrishna; Baifeng Shi; Ben Katz; Blake Williams; Bo Ai; Brendon LeCount; Brian Ichter; Catherine Glossop; Chandra Kuchi; Charles Xu; Charvi Sharma; Chelsea Finn; Chris Whalen; Connor Jacobsen; Danny Driess; Devin LeBlanc; Dibya Ghosh; Enyu Luo; Foster Collins; Gashon Hussein; Gavin Schelske; George Bokinsky; Grace Connors; Greg Balke; Gregg Kammerer; Haohuan Wang; Haroun Habeeb; Homer Walke; Hunter Hancock; Ivan Goryachev; James Darpinian; James Tanner; Jared DiCarlo; Jason Wang; Jiaming Tang; Jimmy Tanner; Jost Tobias Springenberg; Karan Dhabalia; Karl Pertsch; Karol Hausman; Ken Conley; Kevin Black; Kyle Stachowicz; Kyle Vedder; Lachlan Groom; Lachy Groom; Laura Smith; Liam Murphy; Lili Yu; Liyiming Ke; Lucy Xiaoyang Shi; Mairbek Khadikov; Maitrayee Dhaka; Manuel Y. Galliker; Marcel Torne; Marinda Lamb; Michael Equi; Mohith Mothukuri; Nandan Marwaha; Niccolo Fusai; Noah Brown; Physical Intelligence; Quan Vuong; Raichelle Aniceto; Rowan Jen; Samuel Whitmore; Sergey Levine; Shalom Tekeste; Shihao Cao; Sukwon Yoo; Suraj Nair; Szymon Jakubczak; Thomas Charbonnier; Thomas Godden; Tyler Patterson; Ury Zhilinsky; Vedant Choudhary; Victor Hwang; Vishnu Mano; Vladislav Lialin; Wallace Lim; Will Stoeckle; Wuming Zhang; Xinyu Li; XuDong Wang; Yao Lu; Yunhao Fang; Zhiyuan Zhou; Zhonglin Liang; Zhuoyang Zhang,2604.15483v2: $π_{0.7}$: a Steerable Generalist Robotic Foundation Model with Emergent Capabilities | 2511.14759v2: $π^{*}_{0.6}$: a VLA That Learns From Experience | 2504.16054v1: $π_{0.5}$: a Vision-Language-Action Model with Open-World Generalization,https://github.com/TimJones,,,,,,2293710028.0,,2.0,322.0,,https://www.google.com/search?q=site%3Alinkedin.com/in%20%22Tim%20Jones%22,VLA
Liyiming Ke,4,Adnan Esmail; Adrian Li-Bell; Aikys Mongush; Alex Swerdlow; Ali Amin; Allen Z. Ren; Anna Walling; Ashwin Balakrishna; Baifeng Shi; Ben Katz; Blake Williams; Bo Ai; Brendon LeCount; Brian Ichter; Catherine Glossop; Chandra Kuchi; Charles Xu; Charvi Sharma; Chelsea Finn; Chris Whalen; Connor Jacobsen; Danny Driess; Devin LeBlanc; Dibya Ghosh; Enyu Luo; Foster Collins; Gashon Hussein; Gavin Schelske; George Bokinsky; Grace Connors; Greg Balke; Gregg Kammerer; Haohuan Wang; Haroun Habeeb; Homer Walke; Hunter Hancock; Ivan Goryachev; James Darpinian; James Tanner; Jared DiCarlo; Jason Wang; Jiaming Tang; Jimmy Tanner; Jost Tobias Springenberg; Karan Dhabalia; Karl Pertsch; Karol Hausman; Ken Conley; Kevin Black; Kyle Stachowicz; Kyle Vedder; Lachlan Groom; Lachy Groom; Laura Smith; Liam Murphy; Lili Yu; Lucy Xiaoyang Shi; Mairbek Khadikov; Maitrayee Dhaka; Manuel Y. Galliker; Marcel Torne; Marinda Lamb; Michael Equi; Mohith Mothukuri; Nandan Marwaha; Niccolo Fusai; Noah Brown; Physical Intelligence; Quan Vuong; Raichelle Aniceto; Rowan Jen; Samuel Whitmore; Sergey Levine; Shalom Tekeste; Shihao Cao; Sukwon Yoo; Suraj Nair; Szymon Jakubczak; Thomas Charbonnier; Thomas Godden; Tim Jones; Tyler Patterson; Ury Zhilinsky; Vedant Choudhary; Victor Hwang; Vishnu Mano; Vladislav Lialin; Wallace Lim; Will Stoeckle; Wuming Zhang; Xinyu Li; XuDong Wang; Yao Lu; Yunhao Fang; Zhiyuan Zhou; Zhonglin Liang; Zhuoyang Zhang,2604.15483v2: $π_{0.7}$: a Steerable Generalist Robotic Foundation Model with Emergent Capabilities | 2511.14759v2: $π^{*}_{0.6}$: a VLA That Learns From Experience | 2504.16054v1: $π_{0.5}$: a Vision-Language-Action Model with Open-World Generalization,https://github.com/Kelym,,,,,,2332976956.0,,7.0,3447.0,,https://www.google.com/search?q=site%3Alinkedin.com/in%20%22Liyiming%20Ke%22,VLA
Adrian Li-Bell,4,Adnan Esmail; Aikys Mongush; Alex Swerdlow; Ali Amin; Allen Z. Ren; Anna Walling; Ashwin Balakrishna; Baifeng Shi; Ben Katz; Blake Williams; Bo Ai; Brendon LeCount; Brian Ichter; Catherine Glossop; Chandra Kuchi; Charles Xu; Charvi Sharma; Chelsea Finn; Chris Whalen; Connor Jacobsen; Danny Driess; Devin LeBlanc; Dibya Ghosh; Enyu Luo; Foster Collins; Gashon Hussein; Gavin Schelske; George Bokinsky; Grace Connors; Greg Balke; Gregg Kammerer; Haohuan Wang; Haroun Habeeb; Homer Walke; Hunter Hancock; Ivan Goryachev; James Darpinian; James Tanner; Jared DiCarlo; Jason Wang; Jiaming Tang; Jimmy Tanner; Jost Tobias Springenberg; Karan Dhabalia; Karl Pertsch; Karol Hausman; Ken Conley; Kevin Black; Kyle Stachowicz; Kyle Vedder; Lachlan Groom; Lachy Groom; Laura Smith; Liam Murphy; Lili Yu; Liyiming Ke; Lucy Xiaoyang Shi; Mairbek Khadikov; Maitrayee Dhaka; Manuel Y. Galliker; Marcel Torne; Marinda Lamb; Michael Equi; Mohith Mothukuri; Nandan Marwaha; Niccolo Fusai; Noah Brown; Physical Intelligence; Quan Vuong; Raichelle Aniceto; Rowan Jen; Samuel Whitmore; Sergey Levine; Shalom Tekeste; Shihao Cao; Sukwon Yoo; Suraj Nair; Szymon Jakubczak; Thomas Charbonnier; Thomas Godden; Tim Jones; Tyler Patterson; Ury Zhilinsky; Vedant Choudhary; Victor Hwang; Vishnu Mano; Vladislav Lialin; Wallace Lim; Will Stoeckle; Wuming Zhang; Xinyu Li; XuDong Wang; Yao Lu; Yunhao Fang; Zhiyuan Zhou; Zhonglin Liang; Zhuoyang Zhang,2604.15483v2: $π_{0.7}$: a Steerable Generalist Robotic Foundation Model with Emergent Capabilities | 2511.14759v2: $π^{*}_{0.6}$: a VLA That Learns From Experience | 2504.16054v1: $π_{0.5}$: a Vision-Language-Action Model with Open-World Generalization,,,,,,,2332927424.0,,7.0,3538.0,,https://www.google.com/search?q=site%3Alinkedin.com/in%20%22Adrian%20Li-Bell%22,VLA
Lucy Xiaoyang Shi,4,Adnan Esmail; Adrian Li-Bell; Aikys Mongush; Alex Swerdlow; Ali Amin; Allen Z. Ren; Anna Walling; Ashwin Balakrishna; Baifeng Shi; Ben Katz; Blake Williams; Bo Ai; Brendon LeCount; Brian Ichter; Catherine Glossop; Chandra Kuchi; Charles Xu; Charvi Sharma; Chelsea Finn; Chris Whalen; Connor Jacobsen; Danny Driess; Devin LeBlanc; Dibya Ghosh; Enyu Luo; Foster Collins; Gashon Hussein; Gavin Schelske; George Bokinsky; Grace Connors; Greg Balke; Gregg Kammerer; Haohuan Wang; Haroun Habeeb; Homer Walke; Hunter Hancock; Ivan Goryachev; James Darpinian; James Tanner; Jared DiCarlo; Jason Wang; Jiaming Tang; Jimmy Tanner; Jost Tobias Springenberg; Karan Dhabalia; Karl Pertsch; Karol Hausman; Ken Conley; Kevin Black; Kyle Stachowicz; Kyle Vedder; Lachlan Groom; Lachy Groom; Laura Smith; Liam Murphy; Lili Yu; Liyiming Ke; Mairbek Khadikov; Maitrayee Dhaka; Manuel Y. Galliker; Marcel Torne; Marinda Lamb; Michael Equi; Mohith Mothukuri; Nandan Marwaha; Niccolo Fusai; Noah Brown; Physical Intelligence; Quan Vuong; Raichelle Aniceto; Rowan Jen; Samuel Whitmore; Sergey Levine; Shalom Tekeste; Shihao Cao; Sukwon Yoo; Suraj Nair; Szymon Jakubczak; Thomas Charbonnier; Thomas Godden; Tim Jones; Tyler Patterson; Ury Zhilinsky; Vedant Choudhary; Victor Hwang; Vishnu Mano; Vladislav Lialin; Wallace Lim; Will Stoeckle; Wuming Zhang; Xinyu Li; XuDong Wang; Yao Lu; Yunhao Fang; Zhiyuan Zhou; Zhonglin Liang; Zhuoyang Zhang,2604.15483v2: $π_{0.7}$: a Steerable Generalist Robotic Foundation Model with Emergent Capabilities | 2511.14759v2: $π^{*}_{0.6}$: a VLA That Learns From Experience | 2504.16054v1: $π_{0.5}$: a Vision-Language-Action Model with Open-World Generalization,,,,,,,2292341452.0,,12.0,3906.0,,https://www.google.com/search?q=site%3Alinkedin.com/in%20%22Lucy%20Xiaoyang%20Shi%22,VLA
Anna Walling,4,Adnan Esmail; Adrian Li-Bell; Aikys Mongush; Alex Swerdlow; Ali Amin; Allen Z. Ren; Ashwin Balakrishna; Baifeng Shi; Ben Katz; Blake Williams; Bo Ai; Brendon LeCount; Brian Ichter; Catherine Glossop; Chandra Kuchi; Charles Xu; Charvi Sharma; Chelsea Finn; Chris Whalen; Connor Jacobsen; Danny Driess; Devin LeBlanc; Dibya Ghosh; Enyu Luo; Foster Collins; Gashon Hussein; Gavin Schelske; George Bokinsky; Grace Connors; Greg Balke; Gregg Kammerer; Haohuan Wang; Haroun Habeeb; Homer Walke; Hunter Hancock; Ivan Goryachev; James Darpinian; James Tanner; Jared DiCarlo; Jason Wang; Jiaming Tang; Jimmy Tanner; Jost Tobias Springenberg; Karan Dhabalia; Karl Pertsch; Karol Hausman; Ken Conley; Kevin Black; Kyle Stachowicz; Kyle Vedder; Lachlan Groom; Lachy Groom; Laura Smith; Liam Murphy; Lili Yu; Liyiming Ke; Lucy Xiaoyang Shi; Mairbek Khadikov; Maitrayee Dhaka; Manuel Y. Galliker; Marcel Torne; Marinda Lamb; Michael Equi; Mohith Mothukuri; Nandan Marwaha; Niccolo Fusai; Noah Brown; Physical Intelligence; Quan Vuong; Raichelle Aniceto; Rowan Jen; Samuel Whitmore; Sergey Levine; Shalom Tekeste; Shihao Cao; Sukwon Yoo; Suraj Nair; Szymon Jakubczak; Thomas Charbonnier; Thomas Godden; Tim Jones; Tyler Patterson; Ury Zhilinsky; Vedant Choudhary; Victor Hwang; Vishnu Mano; Vladislav Lialin; Wallace Lim; Will Stoeckle; Wuming Zhang; Xinyu Li; XuDong Wang; Yao Lu; Yunhao Fang; Zhiyuan Zhou; Zhonglin Liang; Zhuoyang Zhang,2604.15483v2: $π_{0.7}$: a Steerable Generalist Robotic Foundation Model with Emergent Capabilities | 2511.14759v2: $π^{*}_{0.6}$: a VLA That Learns From Experience | 2504.16054v1: $π_{0.5}$: a Vision-Language-Action Model with Open-World Generalization,,,,,,,146219001.0,,1.0,2.0,,https://www.google.com/search?q=site%3Alinkedin.com/in%20%22Anna%20Walling%22,VLA
Haohuan Wang,4,Adnan Esmail; Adrian Li-Bell; Aikys Mongush; Alex Swerdlow; Ali Amin; Allen Z. Ren; Anna Walling; Ashwin Balakrishna; Baifeng Shi; Ben Katz; Blake Williams; Bo Ai; Brendon LeCount; Brian Ichter; Catherine Glossop; Chandra Kuchi; Charles Xu; Charvi Sharma; Chelsea Finn; Chris Whalen; Connor Jacobsen; Danny Driess; Devin LeBlanc; Dibya Ghosh; Enyu Luo; Foster Collins; Gashon Hussein; Gavin Schelske; George Bokinsky; Grace Connors; Greg Balke; Gregg Kammerer; Haroun Habeeb; Homer Walke; Hunter Hancock; Ivan Goryachev; James Darpinian; James Tanner; Jared DiCarlo; Jason Wang; Jiaming Tang; Jimmy Tanner; Jost Tobias Springenberg; Karan Dhabalia; Karl Pertsch; Karol Hausman; Ken Conley; Kevin Black; Kyle Stachowicz; Kyle Vedder; Lachlan Groom; Lachy Groom; Laura Smith; Liam Murphy; Lili Yu; Liyiming Ke; Lucy Xiaoyang Shi; Mairbek Khadikov; Maitrayee Dhaka; Manuel Y. Galliker; Marcel Torne; Marinda Lamb; Michael Equi; Mohith Mothukuri; Nandan Marwaha; Niccolo Fusai; Noah Brown; Physical Intelligence; Quan Vuong; Raichelle Aniceto; Rowan Jen; Samuel Whitmore; Sergey Levine; Shalom Tekeste; Shihao Cao; Sukwon Yoo; Suraj Nair; Szymon Jakubczak; Thomas Charbonnier; Thomas Godden; Tim Jones; Tyler Patterson; Ury Zhilinsky; Vedant Choudhary; Victor Hwang; Vishnu Mano; Vladislav Lialin; Wallace Lim; Will Stoeckle; Wuming Zhang; Xinyu Li; XuDong Wang; Yao Lu; Yunhao Fang; Zhiyuan Zhou; Zhonglin Liang; Zhuoyang Zhang,2604.15483v2: $π_{0.7}$: a Steerable Generalist Robotic Foundation Model with Emergent Capabilities | 2511.14759v2: $π^{*}_{0.6}$: a VLA That Learns From Experience | 2504.16054v1: $π_{0.5}$: a Vision-Language-Action Model with Open-World Generalization,https://github.com/haohuanw,,,,,,2384701476.0,,1.0,1.0,,https://www.google.com/search?q=site%3Alinkedin.com/in%20%22Haohuan%20Wang%22,VLA
Ury Zhilinsky,4,Adnan Esmail; Adrian Li-Bell; Aikys Mongush; Alex Swerdlow; Ali Amin; Allen Z. Ren; Anna Walling; Ashwin Balakrishna; Baifeng Shi; Ben Katz; Blake Williams; Bo Ai; Brendon LeCount; Brian Ichter; Catherine Glossop; Chandra Kuchi; Charles Xu; Charvi Sharma; Chelsea Finn; Chris Whalen; Connor Jacobsen; Danny Driess; Devin LeBlanc; Dibya Ghosh; Enyu Luo; Foster Collins; Gashon Hussein; Gavin Schelske; George Bokinsky; Grace Connors; Greg Balke; Gregg Kammerer; Haohuan Wang; Haroun Habeeb; Homer Walke; Hunter Hancock; Ivan Goryachev; James Darpinian; James Tanner; Jared DiCarlo; Jason Wang; Jiaming Tang; Jimmy Tanner; Jost Tobias Springenberg; Karan Dhabalia; Karl Pertsch; Karol Hausman; Ken Conley; Kevin Black; Kyle Stachowicz; Kyle Vedder; Lachlan Groom; Lachy Groom; Laura Smith; Liam Murphy; Lili Yu; Liyiming Ke; Lucy Xiaoyang Shi; Mairbek Khadikov; Maitrayee Dhaka; Manuel Y. Galliker; Marcel Torne; Marinda Lamb; Michael Equi; Mohith Mothukuri; Nandan Marwaha; Niccolo Fusai; Noah Brown; Physical Intelligence; Quan Vuong; Raichelle Aniceto; Rowan Jen; Samuel Whitmore; Sergey Levine; Shalom Tekeste; Shihao Cao; Sukwon Yoo; Suraj Nair; Szymon Jakubczak; Thomas Charbonnier; Thomas Godden; Tim Jones; Tyler Patterson; Vedant Choudhary; Victor Hwang; Vishnu Mano; Vladislav Lialin; Wallace Lim; Will Stoeckle; Wuming Zhang; Xinyu Li; XuDong Wang; Yao Lu; Yunhao Fang; Zhiyuan Zhou; Zhonglin Liang; Zhuoyang Zhang,2604.15483v2: $π_{0.7}$: a Steerable Generalist Robotic Foundation Model with Emergent Capabilities | 2511.14759v2: $π^{*}_{0.6}$: a VLA That Learns From Experience | 2504.16054v1: $π_{0.5}$: a Vision-Language-Action Model with Open-World Generalization,,,,,,,3187915.0,,5.0,3241.0,,https://www.google.com/search?q=site%3Alinkedin.com/in%20%22Ury%20Zhilinsky%22,VLA
Physical Intelligence,3,Adnan Esmail; Adrian Li-Bell; Aikys Mongush; Alex Swerdlow; Ali Amin; Allen Z. Ren; Anna Walling; Ashwin Balakrishna; Baifeng Shi; Ben Katz; Blake Williams; Bo Ai; Brendon LeCount; Brian Ichter; Catherine Glossop; Chandra Kuchi; Charles Xu; Charvi Sharma; Chelsea Finn; Chris Whalen; Connor Jacobsen; Danny Driess; Devin LeBlanc; Dibya Ghosh; Enyu Luo; Foster Collins; Gashon Hussein; Gavin Schelske; George Bokinsky; Grace Connors; Greg Balke; Gregg Kammerer; Haohuan Wang; Haroun Habeeb; Homer Walke; Hunter Hancock; Ivan Goryachev; James Darpinian; James Tanner; Jared DiCarlo; Jason Wang; Jiaming Tang; Jimmy Tanner; Jost Tobias Springenberg; Karan Dhabalia; Karl Pertsch; Karol Hausman; Ken Conley; Kevin Black; Kyle Stachowicz; Kyle Vedder; Lachlan Groom; Lachy Groom; Laura Smith; Liam Murphy; Lili Yu; Liyiming Ke; Lucy Xiaoyang Shi; Mairbek Khadikov; Maitrayee Dhaka; Manuel Y. Galliker; Marcel Torne; Marinda Lamb; Michael Equi; Mohith Mothukuri; Nandan Marwaha; Niccolo Fusai; Noah Brown; Quan Vuong; Raichelle Aniceto; Rowan Jen; Samuel Whitmore; Sergey Levine; Shalom Tekeste; Shihao Cao; Sukwon Yoo; Suraj Nair; Szymon Jakubczak; Thomas Charbonnier; Thomas Godden; Tim Jones; Tyler Patterson; Ury Zhilinsky; Vedant Choudhary; Victor Hwang; Vishnu Mano; Vladislav Lialin; Wallace Lim; Will Stoeckle; Wuming Zhang; Xinyu Li; XuDong Wang; Yao Lu; Yunhao Fang; Zhiyuan Zhou; Zhonglin Liang; Zhuoyang Zhang,2604.15483v2: $π_{0.7}$: a Steerable Generalist Robotic Foundation Model with Emergent Capabilities | 2511.14759v2: $π^{*}_{0.6}$: a VLA That Learns From Experience | 2504.16054v1: $π_{0.5}$: a Vision-Language-Action Model with Open-World Generalization,https://github.com/allenzren,,,,,,2356784273.0,,3.0,1287.0,,https://www.google.com/search?q=site%3Alinkedin.com/in%20%22Physical%20Intelligence%22,VLA
Ashwin Balakrishna,3,Adnan Esmail; Adrian Li-Bell; Aikys Mongush; Alex Swerdlow; Ali Amin; Allen Z. Ren; Anna Walling; Baifeng Shi; Ben Katz; Benjamin Burchfiel; Blake Williams; Bo Ai; Brendon LeCount; Brian Ichter; Catherine Glossop; Chandra Kuchi; Charles Xu; Charvi Sharma; Chelsea Finn; Chris Whalen; Connor Jacobsen; Danny Driess; Devin LeBlanc; Dorsa Sadigh; Enyu Luo; Ethan Foster; Foster Collins; Gashon Hussein; Gavin Schelske; George Bokinsky; Grace Connors; Grace Lam; Greg Balke; Gregg Kammerer; Haohuan Wang; Haroun Habeeb; Hunter Hancock; Ivan Goryachev; James Darpinian; James Tanner; Jared DiCarlo; Jason Wang; Jiaming Tang; Jimmy Tanner; Jost Tobias Springenberg; Karan Dhabalia; Karl Pertsch; Karol Hausman; Ken Conley; Kevin Black; Kyle Stachowicz; Kyle Vedder; Lachlan Groom; Lachy Groom; Laura Smith; Liam Murphy; Lili Yu; Liyiming Ke; Lucy Xiaoyang Shi; Mairbek Khadikov; Maitrayee Dhaka; Marcel Torne; Marinda Lamb; Michael Equi; Mohith Mothukuri; Moo Jin Kim; Nandan Marwaha; Pannag Sanketi; Percy Liang; Physical Intelligence; Quan Vuong; Rafael Rafailov; Raichelle Aniceto; Rowan Jen; Russ Tedrake; Samuel Whitmore; Sergey Levine; Shalom Tekeste; Shihao Cao; Siddharth Karamcheti; Sukwon Yoo; Suraj Nair; Szymon Jakubczak; Ted Xiao; Thomas Charbonnier; Thomas Godden; Thomas Kollar; Tim Jones; Tyler Patterson; Ury Zhilinsky; Vedant Choudhary; Victor Hwang; Vishnu Mano; Vladislav Lialin; Wallace Lim; Will Stoeckle; Wuming Zhang; Xinyu Li; XuDong Wang; Yao Lu; Yunhao Fang; Zhiyuan Zhou; Zhonglin Liang; Zhuoyang Zhang,2604.15483v2: $π_{0.7}$: a Steerable Generalist Robotic Foundation Model with Emergent Capabilities | 2511.14759v2: $π^{*}_{0.6}$: a VLA That Learns From Experience | 2406.09246v3: OpenVLA: An Open-Source Vision-Language-Action Model,https://github.com/Ashwin-Balakrishna,,,,,,3117588.0,,24.0,5005.0,,https://www.google.com/search?q=site%3Alinkedin.com/in%20%22Ashwin%20Balakrishna%22,VLA
James Darpinian,3,Adnan Esmail; Adrian Li-Bell; Aikys Mongush; Alex Swerdlow; Ali Amin; Allen Z. Ren; Anna Walling; Ashwin Balakrishna; Baifeng Shi; Ben Katz; Blake Williams; Bo Ai; Brendon LeCount; Brian Ichter; Catherine Glossop; Chandra Kuchi; Charles Xu; Charvi Sharma; Chelsea Finn; Chris Whalen; Connor Jacobsen; Danny Driess; Devin LeBlanc; Dibya Ghosh; Enyu Luo; Foster Collins; Gashon Hussein; Gavin Schelske; George Bokinsky; Grace Connors; Greg Balke; Gregg Kammerer; Haohuan Wang; Haroun Habeeb; Homer Walke; Hunter Hancock; Ivan Goryachev; James Tanner; Jared DiCarlo; Jason Wang; Jiaming Tang; Jimmy Tanner; Jost Tobias Springenberg; Karan Dhabalia; Karl Pertsch; Karol Hausman; Ken Conley; Kevin Black; Kyle Stachowicz; Kyle Vedder; Lachlan Groom; Lachy Groom; Laura Smith; Liam Murphy; Lili Yu; Liyiming Ke; Lucy Xiaoyang Shi; Mairbek Khadikov; Maitrayee Dhaka; Manuel Y. Galliker; Marcel Torne; Marinda Lamb; Michael Equi; Mohith Mothukuri; Nandan Marwaha; Niccolo Fusai; Noah Brown; Physical Intelligence; Quan Vuong; Raichelle Aniceto; Rowan Jen; Samuel Whitmore; Sergey Levine; Shalom Tekeste; Shihao Cao; Sukwon Yoo; Suraj Nair; Szymon Jakubczak; Thomas Charbonnier; Thomas Godden; Tim Jones; Tyler Patterson; Ury Zhilinsky; Vedant Choudhary; Victor Hwang; Vishnu Mano; Vladislav Lialin; Wallace Lim; Will Stoeckle; Wuming Zhang; Xinyu Li; XuDong Wang; Yao Lu; Yunhao Fang; Zhiyuan Zhou; Zhonglin Liang; Zhuoyang Zhang,2604.15483v2: $π_{0.7}$: a Steerable Generalist Robotic Foundation Model with Emergent Capabilities | 2511.14759v2: $π^{*}_{0.6}$: a VLA That Learns From Experience | 2504.16054v1: $π_{0.5}$: a Vision-Language-Action Model with Open-World Generalization,https://github.com/jdarpinian,,,,,,147051289.0,,,,,https://www.google.com/search?q=site%3Alinkedin.com/in%20%22James%20Darpinian%22,VLA
Karan Dhabalia,3,Adnan Esmail; Adrian Li-Bell; Aikys Mongush; Alex Swerdlow; Ali Amin; Allen Z. Ren; Anna Walling; Ashwin Balakrishna; Baifeng Shi; Ben Katz; Blake Williams; Bo Ai; Brendon LeCount; Brian Ichter; Catherine Glossop; Chandra Kuchi; Charles Xu; Charvi Sharma; Chelsea Finn; Chris Whalen; Connor Jacobsen; Danny Driess; Devin LeBlanc; Dibya Ghosh; Enyu Luo; Foster Collins; Gashon Hussein; Gavin Schelske; George Bokinsky; Grace Connors; Greg Balke; Gregg Kammerer; Haohuan Wang; Haroun Habeeb; Homer Walke; Hunter Hancock; Ivan Goryachev; James Darpinian; James Tanner; Jared DiCarlo; Jason Wang; Jiaming Tang; Jimmy Tanner; Jost Tobias Springenberg; Karl Pertsch; Karol Hausman; Ken Conley; Kevin Black; Kyle Stachowicz; Kyle Vedder; Lachlan Groom; Lachy Groom; Laura Smith; Liam Murphy; Lili Yu; Liyiming Ke; Lucy Xiaoyang Shi; Mairbek Khadikov; Maitrayee Dhaka; Manuel Y. Galliker; Marcel Torne; Marinda Lamb; Michael Equi; Mohith Mothukuri; Nandan Marwaha; Niccolo Fusai; Noah Brown; Physical Intelligence; Quan Vuong; Raichelle Aniceto; Rowan Jen; Samuel Whitmore; Sergey Levine; Shalom Tekeste; Shihao Cao; Sukwon Yoo; Suraj Nair; Szymon Jakubczak; Thomas Charbonnier; Thomas Godden; Tim Jones; Tyler Patterson; Ury Zhilinsky; Vedant Choudhary; Victor Hwang; Vishnu Mano; Vladislav Lialin; Wallace Lim; Will Stoeckle; Wuming Zhang; Xinyu Li; XuDong Wang; Yao Lu; Yunhao Fang; Zhiyuan Zhou; Zhonglin Liang; Zhuoyang Zhang,2604.15483v2: $π_{0.7}$: a Steerable Generalist Robotic Foundation Model with Emergent Capabilities | 2511.14759v2: $π^{*}_{0.6}$: a VLA That Learns From Experience | 2504.16054v1: $π_{0.5}$: a Vision-Language-Action Model with Open-World Generalization,https://github.com/kdhabalia,,,,,,2356782366.0,,5.0,1320.0,,https://www.google.com/search?q=site%3Alinkedin.com/in%20%22Karan%20Dhabalia%22,VLA
Devin LeBlanc,3,Adnan Esmail; Adrian Li-Bell; Aikys Mongush; Alex Swerdlow; Ali Amin; Allen Z. Ren; Anna Walling; Ashwin Balakrishna; Baifeng Shi; Ben Katz; Blake Williams; Bo Ai; Brendon LeCount; Brian Ichter; Catherine Glossop; Chandra Kuchi; Charles Xu; Charvi Sharma; Chelsea Finn; Chris Whalen; Connor Jacobsen; Danny Driess; Dibya Ghosh; Enyu Luo; Foster Collins; Gashon Hussein; Gavin Schelske; George Bokinsky; Grace Connors; Greg Balke; Gregg Kammerer; Haohuan Wang; Haroun Habeeb; Homer Walke; Hunter Hancock; Ivan Goryachev; James Darpinian; James Tanner; Jared DiCarlo; Jason Wang; Jiaming Tang; Jimmy Tanner; Jost Tobias Springenberg; Karan Dhabalia; Karl Pertsch; Karol Hausman; Ken Conley; Kevin Black; Kyle Stachowicz; Kyle Vedder; Lachlan Groom; Lachy Groom; Laura Smith; Liam Murphy; Lili Yu; Liyiming Ke; Lucy Xiaoyang Shi; Mairbek Khadikov; Maitrayee Dhaka; Manuel Y. Galliker; Marcel Torne; Marinda Lamb; Michael Equi; Mohith Mothukuri; Nandan Marwaha; Niccolo Fusai; Noah Brown; Physical Intelligence; Quan Vuong; Raichelle Aniceto; Rowan Jen; Samuel Whitmore; Sergey Levine; Shalom Tekeste; Shihao Cao; Sukwon Yoo; Suraj Nair; Szymon Jakubczak; Thomas Charbonnier; Thomas Godden; Tim Jones; Tyler Patterson; Ury Zhilinsky; Vedant Choudhary; Victor Hwang; Vishnu Mano; Vladislav Lialin; Wallace Lim; Will Stoeckle; Wuming Zhang; Xinyu Li; XuDong Wang; Yao Lu; Yunhao Fang; Zhiyuan Zhou; Zhonglin Liang; Zhuoyang Zhang,2604.15483v2: $π_{0.7}$: a Steerable Generalist Robotic Foundation Model with Emergent Capabilities | 2511.14759v2: $π^{*}_{0.6}$: a VLA That Learns From Experience | 2504.16054v1: $π_{0.5}$: a Vision-Language-Action Model with Open-World Generalization,,,,,,,2356787296.0,,3.0,1287.0,,https://www.google.com/search?q=site%3Alinkedin.com/in%20%22Devin%20LeBlanc%22,VLA
Allen Z. Ren,3,Adnan Esmail; Adrian Li-Bell; Aikys Mongush; Alex Swerdlow; Ali Amin; Anna Walling; Ashwin Balakrishna; Baifeng Shi; Ben Katz; Blake Williams; Bo Ai; Brendon LeCount; Brian Ichter; Catherine Glossop; Chandra Kuchi; Charles Xu; Charvi Sharma; Chelsea Finn; Chris Whalen; Connor Jacobsen; Danny Driess; Devin LeBlanc; Dibya Ghosh; Enyu Luo; Foster Collins; Gashon Hussein; Gavin Schelske; George Bokinsky; Grace Connors; Greg Balke; Gregg Kammerer; Haohuan Wang; Haroun Habeeb; Homer Walke; Hunter Hancock; Ivan Goryachev; James Darpinian; James Tanner; Jared DiCarlo; Jason Wang; Jiaming Tang; Jimmy Tanner; Jost Tobias Springenberg; Karan Dhabalia; Karl Pertsch; Karol Hausman; Ken Conley; Kevin Black; Kyle Stachowicz; Kyle Vedder; Lachlan Groom; Lachy Groom; Laura Smith; Liam Murphy; Lili Yu; Liyiming Ke; Lucy Xiaoyang Shi; Mairbek Khadikov; Maitrayee Dhaka; Manuel Y. Galliker; Marcel Torne; Marinda Lamb; Michael Equi; Mohith Mothukuri; Nandan Marwaha; Niccolo Fusai; Noah Brown; Physical Intelligence; Quan Vuong; Raichelle Aniceto; Rowan Jen; Samuel Whitmore; Sergey Levine; Shalom Tekeste; Shihao Cao; Sukwon Yoo; Suraj Nair; Szymon Jakubczak; Thomas Charbonnier; Thomas Godden; Tim Jones; Tyler Patterson; Ury Zhilinsky; Vedant Choudhary; Victor Hwang; Vishnu Mano; Vladislav Lialin; Wallace Lim; Will Stoeckle; Wuming Zhang; Xinyu Li; XuDong Wang; Yao Lu; Yunhao Fang; Zhiyuan Zhou; Zhonglin Liang; Zhuoyang Zhang,2604.15483v2: $π_{0.7}$: a Steerable Generalist Robotic Foundation Model with Emergent Capabilities | 2511.14759v2: $π^{*}_{0.6}$: a VLA That Learns From Experience | 2504.16054v1: $π_{0.5}$: a Vision-Language-Action Model with Open-World Generalization,,,,,,,2284694289.0,,3.0,192.0,,https://www.google.com/search?q=site%3Alinkedin.com/in%20%22Allen%20Z.%20Ren%22,VLA
Laura Smith,3,Adnan Esmail; Adrian Li-Bell; Aikys Mongush; Alex Swerdlow; Ali Amin; Allen Z. Ren; Anna Walling; Ashwin Balakrishna; Baifeng Shi; Ben Katz; Blake Williams; Bo Ai; Brendon LeCount; Brian Ichter; Catherine Glossop; Chandra Kuchi; Charles Xu; Charvi Sharma; Chelsea Finn; Chris Whalen; Connor Jacobsen; Danny Driess; Devin LeBlanc; Dibya Ghosh; Enyu Luo; Foster Collins; Gashon Hussein; Gavin Schelske; George Bokinsky; Grace Connors; Greg Balke; Gregg Kammerer; Haohuan Wang; Haroun Habeeb; Homer Walke; Hunter Hancock; Ivan Goryachev; James Darpinian; James Tanner; Jared DiCarlo; Jason Wang; Jiaming Tang; Jimmy Tanner; Jost Tobias Springenberg; Karan Dhabalia; Karl Pertsch; Karol Hausman; Ken Conley; Kevin Black; Kyle Stachowicz; Kyle Vedder; Lachlan Groom; Lachy Groom; Liam Murphy; Lili Yu; Liyiming Ke; Lucy Xiaoyang Shi; Mairbek Khadikov; Maitrayee Dhaka; Manuel Y. Galliker; Marcel Torne; Marinda Lamb; Michael Equi; Mohith Mothukuri; Nandan Marwaha; Niccolo Fusai; Noah Brown; Physical Intelligence; Quan Vuong; Raichelle Aniceto; Rowan Jen; Samuel Whitmore; Sergey Levine; Shalom Tekeste; Shihao Cao; Sukwon Yoo; Suraj Nair; Szymon Jakubczak; Thomas Charbonnier; Thomas Godden; Tim Jones; Tyler Patterson; Ury Zhilinsky; Vedant Choudhary; Victor Hwang; Vishnu Mano; Vladislav Lialin; Wallace Lim; Will Stoeckle; Wuming Zhang; Xinyu Li; XuDong Wang; Yao Lu; Yunhao Fang; Zhiyuan Zhou; Zhonglin Liang; Zhuoyang Zhang,2604.15483v2: $π_{0.7}$: a Steerable Generalist Robotic Foundation Model with Emergent Capabilities | 2511.14759v2: $π^{*}_{0.6}$: a VLA That Learns From Experience | 2504.16054v1: $π_{0.5}$: a Vision-Language-Action Model with Open-World Generalization,https://github.com/lauramsmith,,,,,,2115989411.0,,3.0,57.0,,https://www.google.com/search?q=site%3Alinkedin.com/in%20%22Laura%20Smith%22,VLA
Jost Tobias Springenberg,3,Adnan Esmail; Adrian Li-Bell; Aikys Mongush; Alex Swerdlow; Ali Amin; Allen Z. Ren; Anna Walling; Ashwin Balakrishna; Baifeng Shi; Ben Katz; Blake Williams; Bo Ai; Brendon LeCount; Brian Ichter; Catherine Glossop; Chandra Kuchi; Charles Xu; Charvi Sharma; Chelsea Finn; Chris Whalen; Connor Jacobsen; Danny Driess; Devin LeBlanc; Dibya Ghosh; Enyu Luo; Foster Collins; Gashon Hussein; Gavin Schelske; George Bokinsky; Grace Connors; Greg Balke; Gregg Kammerer; Haohuan Wang; Haroun Habeeb; Homer Walke; Hunter Hancock; Ivan Goryachev; James Darpinian; James Tanner; Jared DiCarlo; Jason Wang; Jiaming Tang; Jimmy Tanner; Karan Dhabalia; Karl Pertsch; Karol Hausman; Ken Conley; Kevin Black; Kyle Stachowicz; Kyle Vedder; Lachlan Groom; Lachy Groom; Laura Smith; Liam Murphy; Lili Yu; Liyiming Ke; Lucy Xiaoyang Shi; Mairbek Khadikov; Maitrayee Dhaka; Manuel Y. Galliker; Marcel Torne; Marinda Lamb; Michael Equi; Mohith Mothukuri; Nandan Marwaha; Niccolo Fusai; Noah Brown; Physical Intelligence; Quan Vuong; Raichelle Aniceto; Rowan Jen; Samuel Whitmore; Sergey Levine; Shalom Tekeste; Shihao Cao; Sukwon Yoo; Suraj Nair; Szymon Jakubczak; Thomas Charbonnier; Thomas Godden; Tim Jones; Tyler Patterson; Ury Zhilinsky; Vedant Choudhary; Victor Hwang; Vishnu Mano; Vladislav Lialin; Wallace Lim; Will Stoeckle; Wuming Zhang; Xinyu Li; XuDong Wang; Yao Lu; Yunhao Fang; Zhiyuan Zhou; Zhonglin Liang; Zhuoyang Zhang,2604.15483v2: $π_{0.7}$: a Steerable Generalist Robotic Foundation Model with Emergent Capabilities | 2511.14759v2: $π^{*}_{0.6}$: a VLA That Learns From Experience | 2504.16054v1: $π_{0.5}$: a Vision-Language-Action Model with Open-World Generalization,https://github.com/stokasto,,,,,,101820703.0,,,,,https://www.google.com/search?q=site%3Alinkedin.com/in%20%22Jost%20Tobias%20Springenberg%22,VLA
Kyle Stachowicz,3,Adnan Esmail; Adrian Li-Bell; Aikys Mongush; Alex Swerdlow; Ali Amin; Allen Z. Ren; Anna Walling; Ashwin Balakrishna; Baifeng Shi; Ben Katz; Blake Williams; Bo Ai; Brendon LeCount; Brian Ichter; Catherine Glossop; Chandra Kuchi; Charles Xu; Charvi Sharma; Chelsea Finn; Chris Whalen; Connor Jacobsen; Danny Driess; Devin LeBlanc; Dibya Ghosh; Enyu Luo; Foster Collins; Gashon Hussein; Gavin Schelske; George Bokinsky; Grace Connors; Greg Balke; Gregg Kammerer; Haohuan Wang; Haroun Habeeb; Homer Walke; Hunter Hancock; Ivan Goryachev; James Darpinian; James Tanner; Jared DiCarlo; Jason Wang; Jiaming Tang; Jimmy Tanner; Jost Tobias Springenberg; Karan Dhabalia; Karl Pertsch; Karol Hausman; Ken Conley; Kevin Black; Kyle Vedder; Lachlan Groom; Lachy Groom; Laura Smith; Liam Murphy; Lili Yu; Liyiming Ke; Lucy Xiaoyang Shi; Mairbek Khadikov; Maitrayee Dhaka; Manuel Y. Galliker; Marcel Torne; Marinda Lamb; Michael Equi; Mohith Mothukuri; Nandan Marwaha; Niccolo Fusai; Noah Brown; Physical Intelligence; Quan Vuong; Raichelle Aniceto; Rowan Jen; Samuel Whitmore; Sergey Levine; Shalom Tekeste; Shihao Cao; Sukwon Yoo; Suraj Nair; Szymon Jakubczak; Thomas Charbonnier; Thomas Godden; Tim Jones; Tyler Patterson; Ury Zhilinsky; Vedant Choudhary; Victor Hwang; Vishnu Mano; Vladislav Lialin; Wallace Lim; Will Stoeckle; Wuming Zhang; Xinyu Li; XuDong Wang; Yao Lu; Yunhao Fang; Zhiyuan Zhou; Zhonglin Liang; Zhuoyang Zhang,2604.15483v2: $π_{0.7}$: a Steerable Generalist Robotic Foundation Model with Emergent Capabilities | 2511.14759v2: $π^{*}_{0.6}$: a VLA That Learns From Experience | 2504.16054v1: $π_{0.5}$: a Vision-Language-Action Model with Open-World Generalization,https://github.com/kylestach,,,,,,2106415427.0,,12.0,2298.0,,https://www.google.com/search?q=site%3Alinkedin.com/in%20%22Kyle%20Stachowicz%22,VLA
Lili Yu,3,Adnan Esmail; Adrian Li-Bell; Aikys Mongush; Alex Swerdlow; Ali Amin; Allen Z. Ren; Anna Walling; Ashwin Balakrishna; Baifeng Shi; Ben Katz; Blake Williams; Bo Ai; Brendon LeCount; Brian Ichter; Catherine Glossop; Chandra Kuchi; Charles Xu; Charvi Sharma; Chelsea Finn; Chris Whalen; Connor Jacobsen; Danny Driess; Devin LeBlanc; Dibya Ghosh; Enyu Luo; Foster Collins; Gashon Hussein; Gavin Schelske; George Bokinsky; Grace Connors; Greg Balke; Gregg Kammerer; Haohuan Wang; Haroun Habeeb; Homer Walke; Hunter Hancock; Ivan Goryachev; James Darpinian; James Tanner; Jared DiCarlo; Jason Wang; Jiaming Tang; Jimmy Tanner; Jost Tobias Springenberg; Karan Dhabalia; Karl Pertsch; Karol Hausman; Ken Conley; Kevin Black; Kyle Stachowicz; Kyle Vedder; Lachlan Groom; Lachy Groom; Laura Smith; Liam Murphy; Liyiming Ke; Lucy Xiaoyang Shi; Mairbek Khadikov; Maitrayee Dhaka; Manuel Y. Galliker; Marcel Torne; Marinda Lamb; Michael Equi; Mohith Mothukuri; Nandan Marwaha; Niccolo Fusai; Noah Brown; Physical Intelligence; Quan Vuong; Raichelle Aniceto; Rowan Jen; Samuel Whitmore; Sergey Levine; Shalom Tekeste; Shihao Cao; Sukwon Yoo; Suraj Nair; Szymon Jakubczak; Thomas Charbonnier; Thomas Godden; Tim Jones; Tyler Patterson; Ury Zhilinsky; Vedant Choudhary; Victor Hwang; Vishnu Mano; Vladislav Lialin; Wallace Lim; Will Stoeckle; Wuming Zhang; Xinyu Li; XuDong Wang; Yao Lu; Yunhao Fang; Zhiyuan Zhou; Zhonglin Liang; Zhuoyang Zhang,2604.15483v2: $π_{0.7}$: a Steerable Generalist Robotic Foundation Model with Emergent Capabilities | 2511.14759v2: $π^{*}_{0.6}$: a VLA That Learns From Experience | 2504.16054v1: $π_{0.5}$: a Vision-Language-Action Model with Open-World Generalization,https://github.com/liliyu95,,,,,,2309658658.0,,1.0,38.0,,https://www.google.com/search?q=site%3Alinkedin.com/in%20%22Lili%20Yu%22,VLA
Lachy Groom,3,Adnan Esmail; Adrian Li-Bell; Alex Swerdlow; Ali Amin; Allen Z. Ren; Anna Walling; Ashwin Balakrishna; Ben Katz; Blake Williams; Brian Ichter; Catherine Glossop; Chandra Kuchi; Charvi Sharma; Chelsea Finn; Danny Driess; Devin LeBlanc; Dibya Ghosh; Gashon Hussein; Grace Connors; Haohuan Wang; Homer Walke; Hunter Hancock; Ivan Goryachev; James Darpinian; James Tanner; Jared DiCarlo; Jost Tobias Springenberg; Karan Dhabalia; Karl Pertsch; Karol Hausman; Ken Conley; Kevin Black; Kyle Stachowicz; Laura Smith; Lili Yu; Liyiming Ke; Lucy Xiaoyang Shi; Manuel Y. Galliker; Marcel Torne; Marinda Lamb; Michael Equi; Mohith Mothukuri; Niccolo Fusai; Noah Brown; Physical Intelligence; Quan Vuong; Raichelle Aniceto; Rowan Jen; Sergey Levine; Sukwon Yoo; Suraj Nair; Szymon Jakubczak; Thomas Godden; Tim Jones; Ury Zhilinsky; Vishnu Mano; Will Stoeckle; Yao Lu; Yunhao Fang; Zhiyuan Zhou,2511.14759v2: $π^{*}_{0.6}$: a VLA That Learns From Experience | 2504.16054v1: $π_{0.5}$: a Vision-Language-Action Model with Open-World Generalization | 2410.24164v4: $π_0$: A Vision-Language-Action Flow Model for General Robot Control,https://github.com/LachyGroom,,,,,,2332926792.0,,5.0,3402.0,,https://www.google.com/search?q=site%3Alinkedin.com/in%20%22Lachy%20Groom%22,VLA
Mohith Mothukuri,3,Adnan Esmail; Adrian Li-Bell; Alex Swerdlow; Ali Amin; Allen Z. Ren; Anna Walling; Ashwin Balakrishna; Ben Katz; Blake Williams; Brian Ichter; Catherine Glossop; Chandra Kuchi; Charvi Sharma; Chelsea Finn; Danny Driess; Devin LeBlanc; Dibya Ghosh; Gashon Hussein; Grace Connors; Haohuan Wang; Homer Walke; Hunter Hancock; Ivan Goryachev; James Darpinian; James Tanner; Jared DiCarlo; Jost Tobias Springenberg; Karan Dhabalia; Karl Pertsch; Karol Hausman; Ken Conley; Kevin Black; Kyle Stachowicz; Lachy Groom; Laura Smith; Lili Yu; Liyiming Ke; Lucy Xiaoyang Shi; Manuel Y. Galliker; Marcel Torne; Marinda Lamb; Michael Equi; Niccolo Fusai; Noah Brown; Physical Intelligence; Quan Vuong; Raichelle Aniceto; Rowan Jen; Sergey Levine; Sukwon Yoo; Suraj Nair; Szymon Jakubczak; Thomas Godden; Tim Jones; Ury Zhilinsky; Vishnu Mano; Will Stoeckle; Yao Lu; Yunhao Fang; Zhiyuan Zhou,2511.14759v2: $π^{*}_{0.6}$: a VLA That Learns From Experience | 2504.16054v1: $π_{0.5}$: a Vision-Language-Action Model with Open-World Generalization | 2410.24164v4: $π_0$: A Vision-Language-Action Flow Model for General Robot Control,https://github.com/mohith2718,,,,,,2332926533.0,,4.0,3206.0,,https://www.google.com/search?q=site%3Alinkedin.com/in%20%22Mohith%20Mothukuri%22,VLA
James Tanner,3,Adnan Esmail; Adrian Li-Bell; Alex Swerdlow; Ali Amin; Allen Z. Ren; Anna Walling; Ashwin Balakrishna; Ben Katz; Blake Williams; Brian Ichter; Catherine Glossop; Chandra Kuchi; Charvi Sharma; Chelsea Finn; Danny Driess; Devin LeBlanc; Dibya Ghosh; Gashon Hussein; Grace Connors; Haohuan Wang; Homer Walke; Hunter Hancock; Ivan Goryachev; James Darpinian; Jared DiCarlo; Jost Tobias Springenberg; Karan Dhabalia; Karl Pertsch; Karol Hausman; Ken Conley; Kevin Black; Kyle Stachowicz; Lachy Groom; Laura Smith; Lili Yu; Liyiming Ke; Lucy Xiaoyang Shi; Manuel Y. Galliker; Marcel Torne; Marinda Lamb; Michael Equi; Mohith Mothukuri; Niccolo Fusai; Noah Brown; Physical Intelligence; Quan Vuong; Raichelle Aniceto; Rowan Jen; Sergey Levine; Sukwon Yoo; Suraj Nair; Szymon Jakubczak; Thomas Godden; Tim Jones; Ury Zhilinsky; Vishnu Mano; Will Stoeckle; Yao Lu; Yunhao Fang; Zhiyuan Zhou,2511.14759v2: $π^{*}_{0.6}$: a VLA That Learns From Experience | 2504.16054v1: $π_{0.5}$: a Vision-Language-Action Model with Open-World Generalization | 2410.24164v4: $π_0$: A Vision-Language-Action Flow Model for General Robot Control,https://github.com/JamesTann,,,,,,2316250318.0,,1.0,2.0,,https://www.google.com/search?q=site%3Alinkedin.com/in%20%22James%20Tanner%22,VLA
Ali Amin,2,Adnan Esmail; Adrian Li-Bell; Aikys Mongush; Alex Swerdlow; Allen Z. Ren; Anna Walling; Ashwin Balakrishna; Baifeng Shi; Ben Katz; Blake Williams; Bo Ai; Brendon LeCount; Brian Ichter; Catherine Glossop; Chandra Kuchi; Charles Xu; Charvi Sharma; Chelsea Finn; Chris Whalen; Connor Jacobsen; Danny Driess; Devin LeBlanc; Enyu Luo; Foster Collins; Gashon Hussein; Gavin Schelske; George Bokinsky; Grace Connors; Greg Balke; Gregg Kammerer; Haohuan Wang; Haroun Habeeb; Hunter Hancock; Ivan Goryachev; James Darpinian; James Tanner; Jared DiCarlo; Jason Wang; Jiaming Tang; Jimmy Tanner; Jost Tobias Springenberg; Karan Dhabalia; Karl Pertsch; Karol Hausman; Ken Conley; Kevin Black; Kyle Stachowicz; Kyle Vedder; Lachlan Groom; Lachy Groom; Laura Smith; Liam Murphy; Lili Yu; Liyiming Ke; Lucy Xiaoyang Shi; Mairbek Khadikov; Maitrayee Dhaka; Marcel Torne; Marinda Lamb; Michael Equi; Mohith Mothukuri; Nandan Marwaha; Physical Intelligence; Quan Vuong; Raichelle Aniceto; Rowan Jen; Samuel Whitmore; Sergey Levine; Shalom Tekeste; Shihao Cao; Sukwon Yoo; Suraj Nair; Szymon Jakubczak; Thomas Charbonnier; Thomas Godden; Tim Jones; Tyler Patterson; Ury Zhilinsky; Vedant Choudhary; Victor Hwang; Vishnu Mano; Vladislav Lialin; Wallace Lim; Will Stoeckle; Wuming Zhang; Xinyu Li; XuDong Wang; Yao Lu; Yunhao Fang; Zhiyuan Zhou; Zhonglin Liang; Zhuoyang Zhang,2604.15483v2: $π_{0.7}$: a Steerable Generalist Robotic Foundation Model with Emergent Capabilities | 2511.14759v2: $π^{*}_{0.6}$: a VLA That Learns From Experience,https://github.com/Ali-Amin,,,,,,2256383418.0,,2.0,48.0,,https://www.google.com/search?q=site%3Alinkedin.com/in%20%22Ali%20Amin%22,VLA
Raichelle Aniceto,2,Adnan Esmail; Adrian Li-Bell; Aikys Mongush; Alex Swerdlow; Ali Amin; Allen Z. Ren; Anna Walling; Ashwin Balakrishna; Baifeng Shi; Ben Katz; Blake Williams; Bo Ai; Brendon LeCount; Brian Ichter; Catherine Glossop; Chandra Kuchi; Charles Xu; Charvi Sharma; Chelsea Finn; Chris Whalen; Connor Jacobsen; Danny Driess; Devin LeBlanc; Enyu Luo; Foster Collins; Gashon Hussein; Gavin Schelske; George Bokinsky; Grace Connors; Greg Balke; Gregg Kammerer; Haohuan Wang; Haroun Habeeb; Hunter Hancock; Ivan Goryachev; James Darpinian; James Tanner; Jared DiCarlo; Jason Wang; Jiaming Tang; Jimmy Tanner; Jost Tobias Springenberg; Karan Dhabalia; Karl Pertsch; Karol Hausman; Ken Conley; Kevin Black; Kyle Stachowicz; Kyle Vedder; Lachlan Groom; Lachy Groom; Laura Smith; Liam Murphy; Lili Yu; Liyiming Ke; Lucy Xiaoyang Shi; Mairbek Khadikov; Maitrayee Dhaka; Marcel Torne; Marinda Lamb; Michael Equi; Mohith Mothukuri; Nandan Marwaha; Physical Intelligence; Quan Vuong; Rowan Jen; Samuel Whitmore; Sergey Levine; Shalom Tekeste; Shihao Cao; Sukwon Yoo; Suraj Nair; Szymon Jakubczak; Thomas Charbonnier; Thomas Godden; Tim Jones; Tyler Patterson; Ury Zhilinsky; Vedant Choudhary; Victor Hwang; Vishnu Mano; Vladislav Lialin; Wallace Lim; Will Stoeckle; Wuming Zhang; Xinyu Li; XuDong Wang; Yao Lu; Yunhao Fang; Zhiyuan Zhou; Zhonglin Liang; Zhuoyang Zhang,2604.15483v2: $π_{0.7}$: a Steerable Generalist Robotic Foundation Model with Emergent Capabilities | 2511.14759v2: $π^{*}_{0.6}$: a VLA That Learns From Experience,,,,,,,1994633.0,,6.0,349.0,,https://www.google.com/search?q=site%3Alinkedin.com/in%20%22Raichelle%20Aniceto%22,VLA
Ken Conley,2,Adnan Esmail; Adrian Li-Bell; Aikys Mongush; Alex Swerdlow; Ali Amin; Allen Z. Ren; Anna Walling; Ashwin Balakrishna; Baifeng Shi; Ben Katz; Blake Williams; Bo Ai; Brendon LeCount; Brian Ichter; Catherine Glossop; Chandra Kuchi; Charles Xu; Charvi Sharma; Chelsea Finn; Chris Whalen; Connor Jacobsen; Danny Driess; Devin LeBlanc; Enyu Luo; Foster Collins; Gashon Hussein; Gavin Schelske; George Bokinsky; Grace Connors; Greg Balke; Gregg Kammerer; Haohuan Wang; Haroun Habeeb; Hunter Hancock; Ivan Goryachev; James Darpinian; James Tanner; Jared DiCarlo; Jason Wang; Jiaming Tang; Jimmy Tanner; Jost Tobias Springenberg; Karan Dhabalia; Karl Pertsch; Karol Hausman; Kevin Black; Kyle Stachowicz; Kyle Vedder; Lachlan Groom; Lachy Groom; Laura Smith; Liam Murphy; Lili Yu; Liyiming Ke; Lucy Xiaoyang Shi; Mairbek Khadikov; Maitrayee Dhaka; Marcel Torne; Marinda Lamb; Michael Equi; Mohith Mothukuri; Nandan Marwaha; Physical Intelligence; Quan Vuong; Raichelle Aniceto; Rowan Jen; Samuel Whitmore; Sergey Levine; Shalom Tekeste; Shihao Cao; Sukwon Yoo; Suraj Nair; Szymon Jakubczak; Thomas Charbonnier; Thomas Godden; Tim Jones; Tyler Patterson; Ury Zhilinsky; Vedant Choudhary; Victor Hwang; Vishnu Mano; Vladislav Lialin; Wallace Lim; Will Stoeckle; Wuming Zhang; Xinyu Li; XuDong Wang; Yao Lu; Yunhao Fang; Zhiyuan Zhou; Zhonglin Liang; Zhuoyang Zhang,2604.15483v2: $π_{0.7}$: a Steerable Generalist Robotic Foundation Model with Emergent Capabilities | 2511.14759v2: $π^{*}_{0.6}$: a VLA That Learns From Experience,https://github.com/kwc,,,,,,147198185.0,,1.0,249.0,,https://www.google.com/search?q=site%3Alinkedin.com/in%20%22Ken%20Conley%22,VLA
Grace Connors,2,Adnan Esmail; Adrian Li-Bell; Aikys Mongush; Alex Swerdlow; Ali Amin; Allen Z. Ren; Anna Walling; Ashwin Balakrishna; Baifeng Shi; Ben Katz; Blake Williams; Bo Ai; Brendon LeCount; Brian Ichter; Catherine Glossop; Chandra Kuchi; Charles Xu; Charvi Sharma; Chelsea Finn; Chris Whalen; Connor Jacobsen; Danny Driess; Devin LeBlanc; Enyu Luo; Foster Collins; Gashon Hussein; Gavin Schelske; George Bokinsky; Greg Balke; Gregg Kammerer; Haohuan Wang; Haroun Habeeb; Hunter Hancock; Ivan Goryachev; James Darpinian; James Tanner; Jared DiCarlo; Jason Wang; Jiaming Tang; Jimmy Tanner; Jost Tobias Springenberg; Karan Dhabalia; Karl Pertsch; Karol Hausman; Ken Conley; Kevin Black; Kyle Stachowicz; Kyle Vedder; Lachlan Groom; Lachy Groom; Laura Smith; Liam Murphy; Lili Yu; Liyiming Ke; Lucy Xiaoyang Shi; Mairbek Khadikov; Maitrayee Dhaka; Marcel Torne; Marinda Lamb; Michael Equi; Mohith Mothukuri; Nandan Marwaha; Physical Intelligence; Quan Vuong; Raichelle Aniceto; Rowan Jen; Samuel Whitmore; Sergey Levine; Shalom Tekeste; Shihao Cao; Sukwon Yoo; Suraj Nair; Szymon Jakubczak; Thomas Charbonnier; Thomas Godden; Tim Jones; Tyler Patterson; Ury Zhilinsky; Vedant Choudhary; Victor Hwang; Vishnu Mano; Vladislav Lialin; Wallace Lim; Will Stoeckle; Wuming Zhang; Xinyu Li; XuDong Wang; Yao Lu; Yunhao Fang; Zhiyuan Zhou; Zhonglin Liang; Zhuoyang Zhang,2604.15483v2: $π_{0.7}$: a Steerable Generalist Robotic Foundation Model with Emergent Capabilities | 2511.14759v2: $π^{*}_{0.6}$: a VLA That Learns From Experience,,,,,,,152306106.0,,2.0,164.0,,https://www.google.com/search?q=site%3Alinkedin.com/in%20%22Grace%20Connors%22,VLA
Jared DiCarlo,2,Adnan Esmail; Adrian Li-Bell; Aikys Mongush; Alex Swerdlow; Ali Amin; Allen Z. Ren; Anna Walling; Ashwin Balakrishna; Baifeng Shi; Ben Katz; Blake Williams; Bo Ai; Brendon LeCount; Brian Ichter; Catherine Glossop; Chandra Kuchi; Charles Xu; Charvi Sharma; Chelsea Finn; Chris Whalen; Connor Jacobsen; Danny Driess; Devin LeBlanc; Enyu Luo; Foster Collins; Gashon Hussein; Gavin Schelske; George Bokinsky; Grace Connors; Greg Balke; Gregg Kammerer; Haohuan Wang; Haroun Habeeb; Hunter Hancock; Ivan Goryachev; James Darpinian; James Tanner; Jason Wang; Jiaming Tang; Jimmy Tanner; Jost Tobias Springenberg; Karan Dhabalia; Karl Pertsch; Karol Hausman; Ken Conley; Kevin Black; Kyle Stachowicz; Kyle Vedder; Lachlan Groom; Lachy Groom; Laura Smith; Liam Murphy; Lili Yu; Liyiming Ke; Lucy Xiaoyang Shi; Mairbek Khadikov; Maitrayee Dhaka; Marcel Torne; Marinda Lamb; Michael Equi; Mohith Mothukuri; Nandan Marwaha; Physical Intelligence; Quan Vuong; Raichelle Aniceto; Rowan Jen; Samuel Whitmore; Sergey Levine; Shalom Tekeste; Shihao Cao; Sukwon Yoo; Suraj Nair; Szymon Jakubczak; Thomas Charbonnier; Thomas Godden; Tim Jones; Tyler Patterson; Ury Zhilinsky; Vedant Choudhary; Victor Hwang; Vishnu Mano; Vladislav Lialin; Wallace Lim; Will Stoeckle; Wuming Zhang; Xinyu Li; XuDong Wang; Yao Lu; Yunhao Fang; Zhiyuan Zhou; Zhonglin Liang; Zhuoyang Zhang,2604.15483v2: $π_{0.7}$: a Steerable Generalist Robotic Foundation Model with Emergent Capabilities | 2511.14759v2: $π^{*}_{0.6}$: a VLA That Learns From Experience,,,,,,,2392963692.0,,2.0,207.0,,https://www.google.com/search?q=site%3Alinkedin.com/in%20%22Jared%20DiCarlo%22,VLA
Yunhao Fang,2,Adnan Esmail; Adrian Li-Bell; Aikys Mongush; Alex Swerdlow; Ali Amin; Allen Z. Ren; Anna Walling; Ashwin Balakrishna; Baifeng Shi; Ben Katz; Blake Williams; Bo Ai; Brendon LeCount; Brian Ichter; Catherine Glossop; Chandra Kuchi; Charles Xu; Charvi Sharma; Chelsea Finn; Chris Whalen; Connor Jacobsen; Danny Driess; Devin LeBlanc; Enyu Luo; Foster Collins; Gashon Hussein; Gavin Schelske; George Bokinsky; Grace Connors; Greg Balke; Gregg Kammerer; Haohuan Wang; Haroun Habeeb; Hunter Hancock; Ivan Goryachev; James Darpinian; James Tanner; Jared DiCarlo; Jason Wang; Jiaming Tang; Jimmy Tanner; Jost Tobias Springenberg; Karan Dhabalia; Karl Pertsch; Karol Hausman; Ken Conley; Kevin Black; Kyle Stachowicz; Kyle Vedder; Lachlan Groom; Lachy Groom; Laura Smith; Liam Murphy; Lili Yu; Liyiming Ke; Lucy Xiaoyang Shi; Mairbek Khadikov; Maitrayee Dhaka; Marcel Torne; Marinda Lamb; Michael Equi; Mohith Mothukuri; Nandan Marwaha; Physical Intelligence; Quan Vuong; Raichelle Aniceto; Rowan Jen; Samuel Whitmore; Sergey Levine; Shalom Tekeste; Shihao Cao; Sukwon Yoo; Suraj Nair; Szymon Jakubczak; Thomas Charbonnier; Thomas Godden; Tim Jones; Tyler Patterson; Ury Zhilinsky; Vedant Choudhary; Victor Hwang; Vishnu Mano; Vladislav Lialin; Wallace Lim; Will Stoeckle; Wuming Zhang; Xinyu Li; XuDong Wang; Yao Lu; Zhiyuan Zhou; Zhonglin Liang; Zhuoyang Zhang,2604.15483v2: $π_{0.7}$: a Steerable Generalist Robotic Foundation Model with Emergent Capabilities | 2511.14759v2: $π^{*}_{0.6}$: a VLA That Learns From Experience,https://github.com/Seerkfang,,,,,,2219045025.0,,8.0,515.0,,https://www.google.com/search?q=site%3Alinkedin.com/in%20%22Yunhao%20Fang%22,VLA
Catherine Glossop,2,Adnan Esmail; Adrian Li-Bell; Aikys Mongush; Alex Swerdlow; Ali Amin; Allen Z. Ren; Anna Walling; Ashwin Balakrishna; Baifeng Shi; Ben Katz; Blake Williams; Bo Ai; Brendon LeCount; Brian Ichter; Chandra Kuchi; Charles Xu; Charvi Sharma; Chelsea Finn; Chris Whalen; Connor Jacobsen; Danny Driess; Devin LeBlanc; Enyu Luo; Foster Collins; Gashon Hussein; Gavin Schelske; George Bokinsky; Grace Connors; Greg Balke; Gregg Kammerer; Haohuan Wang; Haroun Habeeb; Hunter Hancock; Ivan Goryachev; James Darpinian; James Tanner; Jared DiCarlo; Jason Wang; Jiaming Tang; Jimmy Tanner; Jost Tobias Springenberg; Karan Dhabalia; Karl Pertsch; Karol Hausman; Ken Conley; Kevin Black; Kyle Stachowicz; Kyle Vedder; Lachlan Groom; Lachy Groom; Laura Smith; Liam Murphy; Lili Yu; Liyiming Ke; Lucy Xiaoyang Shi; Mairbek Khadikov; Maitrayee Dhaka; Marcel Torne; Marinda Lamb; Michael Equi; Mohith Mothukuri; Nandan Marwaha; Physical Intelligence; Quan Vuong; Raichelle Aniceto; Rowan Jen; Samuel Whitmore; Sergey Levine; Shalom Tekeste; Shihao Cao; Sukwon Yoo; Suraj Nair; Szymon Jakubczak; Thomas Charbonnier; Thomas Godden; Tim Jones; Tyler Patterson; Ury Zhilinsky; Vedant Choudhary; Victor Hwang; Vishnu Mano; Vladislav Lialin; Wallace Lim; Will Stoeckle; Wuming Zhang; Xinyu Li; XuDong Wang; Yao Lu; Yunhao Fang; Zhiyuan Zhou; Zhonglin Liang; Zhuoyang Zhang,2604.15483v2: $π_{0.7}$: a Steerable Generalist Robotic Foundation Model with Emergent Capabilities | 2511.14759v2: $π^{*}_{0.6}$: a VLA That Learns From Experience,https://github.com/catglossop,,,,,,98506467.0,,2.0,34.0,,https://www.google.com/search?q=site%3Alinkedin.com/in%20%22Catherine%20Glossop%22,VLA
Thomas Godden,2,Adnan Esmail; Adrian Li-Bell; Aikys Mongush; Alex Swerdlow; Ali Amin; Allen Z. Ren; Anna Walling; Ashwin Balakrishna; Baifeng Shi; Ben Katz; Blake Williams; Bo Ai; Brendon LeCount; Brian Ichter; Catherine Glossop; Chandra Kuchi; Charles Xu; Charvi Sharma; Chelsea Finn; Chris Whalen; Connor Jacobsen; Danny Driess; Devin LeBlanc; Enyu Luo; Foster Collins; Gashon Hussein; Gavin Schelske; George Bokinsky; Grace Connors; Greg Balke; Gregg Kammerer; Haohuan Wang; Haroun Habeeb; Hunter Hancock; Ivan Goryachev; James Darpinian; James Tanner; Jared DiCarlo; Jason Wang; Jiaming Tang; Jimmy Tanner; Jost Tobias Springenberg; Karan Dhabalia; Karl Pertsch; Karol Hausman; Ken Conley; Kevin Black; Kyle Stachowicz; Kyle Vedder; Lachlan Groom; Lachy Groom; Laura Smith; Liam Murphy; Lili Yu; Liyiming Ke; Lucy Xiaoyang Shi; Mairbek Khadikov; Maitrayee Dhaka; Marcel Torne; Marinda Lamb; Michael Equi; Mohith Mothukuri; Nandan Marwaha; Physical Intelligence; Quan Vuong; Raichelle Aniceto; Rowan Jen; Samuel Whitmore; Sergey Levine; Shalom Tekeste; Shihao Cao; Sukwon Yoo; Suraj Nair; Szymon Jakubczak; Thomas Charbonnier; Tim Jones; Tyler Patterson; Ury Zhilinsky; Vedant Choudhary; Victor Hwang; Vishnu Mano; Vladislav Lialin; Wallace Lim; Will Stoeckle; Wuming Zhang; Xinyu Li; XuDong Wang; Yao Lu; Yunhao Fang; Zhiyuan Zhou; Zhonglin Liang; Zhuoyang Zhang,2604.15483v2: $π_{0.7}$: a Steerable Generalist Robotic Foundation Model with Emergent Capabilities | 2511.14759v2: $π^{*}_{0.6}$: a VLA That Learns From Experience,https://github.com/LegoYoda112,,,,,,4709810.0,,15.0,2525.0,,https://www.google.com/search?q=site%3Alinkedin.com/in%20%22Thomas%20Godden%22,VLA
Ivan Goryachev,2,Adnan Esmail; Adrian Li-Bell; Aikys Mongush; Alex Swerdlow; Ali Amin; Allen Z. Ren; Anna Walling; Ashwin Balakrishna; Baifeng Shi; Ben Katz; Blake Williams; Bo Ai; Brendon LeCount; Brian Ichter; Catherine Glossop; Chandra Kuchi; Charles Xu; Charvi Sharma; Chelsea Finn; Chris Whalen; Connor Jacobsen; Danny Driess; Devin LeBlanc; Enyu Luo; Foster Collins; Gashon Hussein; Gavin Schelske; George Bokinsky; Grace Connors; Greg Balke; Gregg Kammerer; Haohuan Wang; Haroun Habeeb; Hunter Hancock; James Darpinian; James Tanner; Jared DiCarlo; Jason Wang; Jiaming Tang; Jimmy Tanner; Jost Tobias Springenberg; Karan Dhabalia; Karl Pertsch; Karol Hausman; Ken Conley; Kevin Black; Kyle Stachowicz; Kyle Vedder; Lachlan Groom; Lachy Groom; Laura Smith; Liam Murphy; Lili Yu; Liyiming Ke; Lucy Xiaoyang Shi; Mairbek Khadikov; Maitrayee Dhaka; Marcel Torne; Marinda Lamb; Michael Equi; Mohith Mothukuri; Nandan Marwaha; Physical Intelligence; Quan Vuong; Raichelle Aniceto; Rowan Jen; Samuel Whitmore; Sergey Levine; Shalom Tekeste; Shihao Cao; Sukwon Yoo; Suraj Nair; Szymon Jakubczak; Thomas Charbonnier; Thomas Godden; Tim Jones; Tyler Patterson; Ury Zhilinsky; Vedant Choudhary; Victor Hwang; Vishnu Mano; Vladislav Lialin; Wallace Lim; Will Stoeckle; Wuming Zhang; Xinyu Li; XuDong Wang; Yao Lu; Yunhao Fang; Zhiyuan Zhou; Zhonglin Liang; Zhuoyang Zhang,2604.15483v2: $π_{0.7}$: a Steerable Generalist Robotic Foundation Model with Emergent Capabilities | 2511.14759v2: $π^{*}_{0.6}$: a VLA That Learns From Experience,https://github.com/goryachev,,,,,,93458866.0,,3.0,26.0,,https://www.google.com/search?q=site%3Alinkedin.com/in%20%22Ivan%20Goryachev%22,VLA
Hunter Hancock,2,Adnan Esmail; Adrian Li-Bell; Aikys Mongush; Alex Swerdlow; Ali Amin; Allen Z. Ren; Anna Walling; Ashwin Balakrishna; Baifeng Shi; Ben Katz; Blake Williams; Bo Ai; Brendon LeCount; Brian Ichter; Catherine Glossop; Chandra Kuchi; Charles Xu; Charvi Sharma; Chelsea Finn; Chris Whalen; Connor Jacobsen; Danny Driess; Devin LeBlanc; Enyu Luo; Foster Collins; Gashon Hussein; Gavin Schelske; George Bokinsky; Grace Connors; Greg Balke; Gregg Kammerer; Haohuan Wang; Haroun Habeeb; Ivan Goryachev; James Darpinian; James Tanner; Jared DiCarlo; Jason Wang; Jiaming Tang; Jimmy Tanner; Jost Tobias Springenberg; Karan Dhabalia; Karl Pertsch; Karol Hausman; Ken Conley; Kevin Black; Kyle Stachowicz; Kyle Vedder; Lachlan Groom; Lachy Groom; Laura Smith; Liam Murphy; Lili Yu; Liyiming Ke; Lucy Xiaoyang Shi; Mairbek Khadikov; Maitrayee Dhaka; Marcel Torne; Marinda Lamb; Michael Equi; Mohith Mothukuri; Nandan Marwaha; Physical Intelligence; Quan Vuong; Raichelle Aniceto; Rowan Jen; Samuel Whitmore; Sergey Levine; Shalom Tekeste; Shihao Cao; Sukwon Yoo; Suraj Nair; Szymon Jakubczak; Thomas Charbonnier; Thomas Godden; Tim Jones; Tyler Patterson; Ury Zhilinsky; Vedant Choudhary; Victor Hwang; Vishnu Mano; Vladislav Lialin; Wallace Lim; Will Stoeckle; Wuming Zhang; Xinyu Li; XuDong Wang; Yao Lu; Yunhao Fang; Zhiyuan Zhou; Zhonglin Liang; Zhuoyang Zhang,2604.15483v2: $π_{0.7}$: a Steerable Generalist Robotic Foundation Model with Emergent Capabilities | 2511.14759v2: $π^{*}_{0.6}$: a VLA That Learns From Experience,https://github.com/Hunter-Hancock,,,,,,2392965108.0,,2.0,207.0,,https://www.google.com/search?q=site%3Alinkedin.com/in%20%22Hunter%20Hancock%22,VLA
Gashon Hussein,2,Adnan Esmail; Adrian Li-Bell; Aikys Mongush; Alex Swerdlow; Ali Amin; Allen Z. Ren; Anna Walling; Ashwin Balakrishna; Baifeng Shi; Ben Katz; Blake Williams; Bo Ai; Brendon LeCount; Brian Ichter; Catherine Glossop; Chandra Kuchi; Charles Xu; Charvi Sharma; Chelsea Finn; Chris Whalen; Connor Jacobsen; Danny Driess; Devin LeBlanc; Enyu Luo; Foster Collins; Gavin Schelske; George Bokinsky; Grace Connors; Greg Balke; Gregg Kammerer; Haohuan Wang; Haroun Habeeb; Hunter Hancock; Ivan Goryachev; James Darpinian; James Tanner; Jared DiCarlo; Jason Wang; Jiaming Tang; Jimmy Tanner; Jost Tobias Springenberg; Karan Dhabalia; Karl Pertsch; Karol Hausman; Ken Conley; Kevin Black; Kyle Stachowicz; Kyle Vedder; Lachlan Groom; Lachy Groom; Laura Smith; Liam Murphy; Lili Yu; Liyiming Ke; Lucy Xiaoyang Shi; Mairbek Khadikov; Maitrayee Dhaka; Marcel Torne; Marinda Lamb; Michael Equi; Mohith Mothukuri; Nandan Marwaha; Physical Intelligence; Quan Vuong; Raichelle Aniceto; Rowan Jen; Samuel Whitmore; Sergey Levine; Shalom Tekeste; Shihao Cao; Sukwon Yoo; Suraj Nair; Szymon Jakubczak; Thomas Charbonnier; Thomas Godden; Tim Jones; Tyler Patterson; Ury Zhilinsky; Vedant Choudhary; Victor Hwang; Vishnu Mano; Vladislav Lialin; Wallace Lim; Will Stoeckle; Wuming Zhang; Xinyu Li; XuDong Wang; Yao Lu; Yunhao Fang; Zhiyuan Zhou; Zhonglin Liang; Zhuoyang Zhang,2604.15483v2: $π_{0.7}$: a Steerable Generalist Robotic Foundation Model with Emergent Capabilities | 2511.14759v2: $π^{*}_{0.6}$: a VLA That Learns From Experience,https://github.com/gashon,,,,,,2316434586.0,,6.0,483.0,,https://www.google.com/search?q=site%3Alinkedin.com/in%20%22Gashon%20Hussein%22,VLA
Rowan Jen,2,Adnan Esmail; Adrian Li-Bell; Aikys Mongush; Alex Swerdlow; Ali Amin; Allen Z. Ren; Anna Walling; Ashwin Balakrishna; Baifeng Shi; Ben Katz; Blake Williams; Bo Ai; Brendon LeCount; Brian Ichter; Catherine Glossop; Chandra Kuchi; Charles Xu; Charvi Sharma; Chelsea Finn; Chris Whalen; Connor Jacobsen; Danny Driess; Devin LeBlanc; Enyu Luo; Foster Collins; Gashon Hussein; Gavin Schelske; George Bokinsky; Grace Connors; Greg Balke; Gregg Kammerer; Haohuan Wang; Haroun Habeeb; Hunter Hancock; Ivan Goryachev; James Darpinian; James Tanner; Jared DiCarlo; Jason Wang; Jiaming Tang; Jimmy Tanner; Jost Tobias Springenberg; Karan Dhabalia; Karl Pertsch; Karol Hausman; Ken Conley; Kevin Black; Kyle Stachowicz; Kyle Vedder; Lachlan Groom; Lachy Groom; Laura Smith; Liam Murphy; Lili Yu; Liyiming Ke; Lucy Xiaoyang Shi; Mairbek Khadikov; Maitrayee Dhaka; Marcel Torne; Marinda Lamb; Michael Equi; Mohith Mothukuri; Nandan Marwaha; Physical Intelligence; Quan Vuong; Raichelle Aniceto; Samuel Whitmore; Sergey Levine; Shalom Tekeste; Shihao Cao; Sukwon Yoo; Suraj Nair; Szymon Jakubczak; Thomas Charbonnier; Thomas Godden; Tim Jones; Tyler Patterson; Ury Zhilinsky; Vedant Choudhary; Victor Hwang; Vishnu Mano; Vladislav Lialin; Wallace Lim; Will Stoeckle; Wuming Zhang; Xinyu Li; XuDong Wang; Yao Lu; Yunhao Fang; Zhiyuan Zhou; Zhonglin Liang; Zhuoyang Zhang,2604.15483v2: $π_{0.7}$: a Steerable Generalist Robotic Foundation Model with Emergent Capabilities | 2511.14759v2: $π^{*}_{0.6}$: a VLA That Learns From Experience,,,,,,,2392964552.0,,2.0,207.0,,https://www.google.com/search?q=site%3Alinkedin.com/in%20%22Rowan%20Jen%22,VLA
Ben Katz,2,Adnan Esmail; Adrian Li-Bell; Aikys Mongush; Alex Swerdlow; Ali Amin; Allen Z. Ren; Anna Walling; Ashwin Balakrishna; Baifeng Shi; Blake Williams; Bo Ai; Brendon LeCount; Brian Ichter; Catherine Glossop; Chandra Kuchi; Charles Xu; Charvi Sharma; Chelsea Finn; Chris Whalen; Connor Jacobsen; Danny Driess; Devin LeBlanc; Enyu Luo; Foster Collins; Gashon Hussein; Gavin Schelske; George Bokinsky; Grace Connors; Greg Balke; Gregg Kammerer; Haohuan Wang; Haroun Habeeb; Hunter Hancock; Ivan Goryachev; James Darpinian; James Tanner; Jared DiCarlo; Jason Wang; Jiaming Tang; Jimmy Tanner; Jost Tobias Springenberg; Karan Dhabalia; Karl Pertsch; Karol Hausman; Ken Conley; Kevin Black; Kyle Stachowicz; Kyle Vedder; Lachlan Groom; Lachy Groom; Laura Smith; Liam Murphy; Lili Yu; Liyiming Ke; Lucy Xiaoyang Shi; Mairbek Khadikov; Maitrayee Dhaka; Marcel Torne; Marinda Lamb; Michael Equi; Mohith Mothukuri; Nandan Marwaha; Physical Intelligence; Quan Vuong; Raichelle Aniceto; Rowan Jen; Samuel Whitmore; Sergey Levine; Shalom Tekeste; Shihao Cao; Sukwon Yoo; Suraj Nair; Szymon Jakubczak; Thomas Charbonnier; Thomas Godden; Tim Jones; Tyler Patterson; Ury Zhilinsky; Vedant Choudhary; Victor Hwang; Vishnu Mano; Vladislav Lialin; Wallace Lim; Will Stoeckle; Wuming Zhang; Xinyu Li; XuDong Wang; Yao Lu; Yunhao Fang; Zhiyuan Zhou; Zhonglin Liang; Zhuoyang Zhang,2604.15483v2: $π_{0.7}$: a Steerable Generalist Robotic Foundation Model with Emergent Capabilities | 2511.14759v2: $π^{*}_{0.6}$: a VLA That Learns From Experience,https://github.com/ben-katz,,,,,,2268232343.0,,3.0,30.0,,https://www.google.com/search?q=site%3Alinkedin.com/in%20%22Ben%20Katz%22,VLA
Chandra Kuchi,2,Adnan Esmail; Adrian Li-Bell; Aikys Mongush; Alex Swerdlow; Ali Amin; Allen Z. Ren; Anna Walling; Ashwin Balakrishna; Baifeng Shi; Ben Katz; Blake Williams; Bo Ai; Brendon LeCount; Brian Ichter; Catherine Glossop; Charles Xu; Charvi Sharma; Chelsea Finn; Chris Whalen; Connor Jacobsen; Danny Driess; Devin LeBlanc; Enyu Luo; Foster Collins; Gashon Hussein; Gavin Schelske; George Bokinsky; Grace Connors; Greg Balke; Gregg Kammerer; Haohuan Wang; Haroun Habeeb; Hunter Hancock; Ivan Goryachev; James Darpinian; James Tanner; Jared DiCarlo; Jason Wang; Jiaming Tang; Jimmy Tanner; Jost Tobias Springenberg; Karan Dhabalia; Karl Pertsch; Karol Hausman; Ken Conley; Kevin Black; Kyle Stachowicz; Kyle Vedder; Lachlan Groom; Lachy Groom; Laura Smith; Liam Murphy; Lili Yu; Liyiming Ke; Lucy Xiaoyang Shi; Mairbek Khadikov; Maitrayee Dhaka; Marcel Torne; Marinda Lamb; Michael Equi; Mohith Mothukuri; Nandan Marwaha; Physical Intelligence; Quan Vuong; Raichelle Aniceto; Rowan Jen; Samuel Whitmore; Sergey Levine; Shalom Tekeste; Shihao Cao; Sukwon Yoo; Suraj Nair; Szymon Jakubczak; Thomas Charbonnier; Thomas Godden; Tim Jones; Tyler Patterson; Ury Zhilinsky; Vedant Choudhary; Victor Hwang; Vishnu Mano; Vladislav Lialin; Wallace Lim; Will Stoeckle; Wuming Zhang; Xinyu Li; XuDong Wang; Yao Lu; Yunhao Fang; Zhiyuan Zhou; Zhonglin Liang; Zhuoyang Zhang,2604.15483v2: $π_{0.7}$: a Steerable Generalist Robotic Foundation Model with Emergent Capabilities | 2511.14759v2: $π^{*}_{0.6}$: a VLA That Learns From Experience,https://github.com/kck325,,,,,,2392964758.0,,3.0,210.0,,https://www.google.com/search?q=site%3Alinkedin.com/in%20%22Chandra%20Kuchi%22,VLA
Marinda Lamb,2,Adnan Esmail; Adrian Li-Bell; Aikys Mongush; Alex Swerdlow; Ali Amin; Allen Z. Ren; Anna Walling; Ashwin Balakrishna; Baifeng Shi; Ben Katz; Blake Williams; Bo Ai; Brendon LeCount; Brian Ichter; Catherine Glossop; Chandra Kuchi; Charles Xu; Charvi Sharma; Chelsea Finn; Chris Whalen; Connor Jacobsen; Danny Driess; Devin LeBlanc; Enyu Luo; Foster Collins; Gashon Hussein; Gavin Schelske; George Bokinsky; Grace Connors; Greg Balke; Gregg Kammerer; Haohuan Wang; Haroun Habeeb; Hunter Hancock; Ivan Goryachev; James Darpinian; James Tanner; Jared DiCarlo; Jason Wang; Jiaming Tang; Jimmy Tanner; Jost Tobias Springenberg; Karan Dhabalia; Karl Pertsch; Karol Hausman; Ken Conley; Kevin Black; Kyle Stachowicz; Kyle Vedder; Lachlan Groom; Lachy Groom; Laura Smith; Liam Murphy; Lili Yu; Liyiming Ke; Lucy Xiaoyang Shi; Mairbek Khadikov; Maitrayee Dhaka; Marcel Torne; Michael Equi; Mohith Mothukuri; Nandan Marwaha; Physical Intelligence; Quan Vuong; Raichelle Aniceto; Rowan Jen; Samuel Whitmore; Sergey Levine; Shalom Tekeste; Shihao Cao; Sukwon Yoo; Suraj Nair; Szymon Jakubczak; Thomas Charbonnier; Thomas Godden; Tim Jones; Tyler Patterson; Ury Zhilinsky; Vedant Choudhary; Victor Hwang; Vishnu Mano; Vladislav Lialin; Wallace Lim; Will Stoeckle; Wuming Zhang; Xinyu Li; XuDong Wang; Yao Lu; Yunhao Fang; Zhiyuan Zhou; Zhonglin Liang; Zhuoyang Zhang,2604.15483v2: $π_{0.7}$: a Steerable Generalist Robotic Foundation Model with Emergent Capabilities | 2511.14759v2: $π^{*}_{0.6}$: a VLA That Learns From Experience,,,,,,,2392964525.0,,2.0,207.0,,https://www.google.com/search?q=site%3Alinkedin.com/in%20%22Marinda%20Lamb%22,VLA
Yao Lu,2,Adnan Esmail; Adrian Li-Bell; Aikys Mongush; Alex Swerdlow; Ali Amin; Allen Z. Ren; Anna Walling; Ashwin Balakrishna; Baifeng Shi; Ben Katz; Blake Williams; Bo Ai; Brendon LeCount; Brian Ichter; Catherine Glossop; Chandra Kuchi; Charles Xu; Charvi Sharma; Chelsea Finn; Chris Whalen; Connor Jacobsen; Danny Driess; Devin LeBlanc; Enyu Luo; Foster Collins; Gashon Hussein; Gavin Schelske; George Bokinsky; Grace Connors; Greg Balke; Gregg Kammerer; Haohuan Wang; Haroun Habeeb; Hunter Hancock; Ivan Goryachev; James Darpinian; James Tanner; Jared DiCarlo; Jason Wang; Jiaming Tang; Jimmy Tanner; Jost Tobias Springenberg; Karan Dhabalia; Karl Pertsch; Karol Hausman; Ken Conley; Kevin Black; Kyle Stachowicz; Kyle Vedder; Lachlan Groom; Lachy Groom; Laura Smith; Liam Murphy; Lili Yu; Liyiming Ke; Lucy Xiaoyang Shi; Mairbek Khadikov; Maitrayee Dhaka; Marcel Torne; Marinda Lamb; Michael Equi; Mohith Mothukuri; Nandan Marwaha; Physical Intelligence; Quan Vuong; Raichelle Aniceto; Rowan Jen; Samuel Whitmore; Sergey Levine; Shalom Tekeste; Shihao Cao; Sukwon Yoo; Suraj Nair; Szymon Jakubczak; Thomas Charbonnier; Thomas Godden; Tim Jones; Tyler Patterson; Ury Zhilinsky; Vedant Choudhary; Victor Hwang; Vishnu Mano; Vladislav Lialin; Wallace Lim; Will Stoeckle; Wuming Zhang; Xinyu Li; XuDong Wang; Yunhao Fang; Zhiyuan Zhou; Zhonglin Liang; Zhuoyang Zhang,2604.15483v2: $π_{0.7}$: a Steerable Generalist Robotic Foundation Model with Emergent Capabilities | 2511.14759v2: $π^{*}_{0.6}$: a VLA That Learns From Experience,https://github.com/LucindaYa,,,,,,2388483936.0,,9.0,286.0,,https://www.google.com/search?q=site%3Alinkedin.com/in%20%22Yao%20Lu%22,VLA
Vishnu Mano,2,Adnan Esmail; Adrian Li-Bell; Aikys Mongush; Alex Swerdlow; Ali Amin; Allen Z. Ren; Anna Walling; Ashwin Balakrishna; Baifeng Shi; Ben Katz; Blake Williams; Bo Ai; Brendon LeCount; Brian Ichter; Catherine Glossop; Chandra Kuchi; Charles Xu; Charvi Sharma; Chelsea Finn; Chris Whalen; Connor Jacobsen; Danny Driess; Devin LeBlanc; Enyu Luo; Foster Collins; Gashon Hussein; Gavin Schelske; George Bokinsky; Grace Connors; Greg Balke; Gregg Kammerer; Haohuan Wang; Haroun Habeeb; Hunter Hancock; Ivan Goryachev; James Darpinian; James Tanner; Jared DiCarlo; Jason Wang; Jiaming Tang; Jimmy Tanner; Jost Tobias Springenberg; Karan Dhabalia; Karl Pertsch; Karol Hausman; Ken Conley; Kevin Black; Kyle Stachowicz; Kyle Vedder; Lachlan Groom; Lachy Groom; Laura Smith; Liam Murphy; Lili Yu; Liyiming Ke; Lucy Xiaoyang Shi; Mairbek Khadikov; Maitrayee Dhaka; Marcel Torne; Marinda Lamb; Michael Equi; Mohith Mothukuri; Nandan Marwaha; Physical Intelligence; Quan Vuong; Raichelle Aniceto; Rowan Jen; Samuel Whitmore; Sergey Levine; Shalom Tekeste; Shihao Cao; Sukwon Yoo; Suraj Nair; Szymon Jakubczak; Thomas Charbonnier; Thomas Godden; Tim Jones; Tyler Patterson; Ury Zhilinsky; Vedant Choudhary; Victor Hwang; Vladislav Lialin; Wallace Lim; Will Stoeckle; Wuming Zhang; Xinyu Li; XuDong Wang; Yao Lu; Yunhao Fang; Zhiyuan Zhou; Zhonglin Liang; Zhuoyang Zhang,2604.15483v2: $π_{0.7}$: a Steerable Generalist Robotic Foundation Model with Emergent Capabilities | 2511.14759v2: $π^{*}_{0.6}$: a VLA That Learns From Experience,https://github.com/VishnuMano,,,,,,2392965125.0,,2.0,207.0,,https://www.google.com/search?q=site%3Alinkedin.com/in%20%22Vishnu%20Mano%22,VLA
Charvi Sharma,2,Adnan Esmail; Adrian Li-Bell; Aikys Mongush; Alex Swerdlow; Ali Amin; Allen Z. Ren; Anna Walling; Ashwin Balakrishna; Baifeng Shi; Ben Katz; Blake Williams; Bo Ai; Brendon LeCount; Brian Ichter; Catherine Glossop; Chandra Kuchi; Charles Xu; Chelsea Finn; Chris Whalen; Connor Jacobsen; Danny Driess; Devin LeBlanc; Enyu Luo; Foster Collins; Gashon Hussein; Gavin Schelske; George Bokinsky; Grace Connors; Greg Balke; Gregg Kammerer; Haohuan Wang; Haroun Habeeb; Hunter Hancock; Ivan Goryachev; James Darpinian; James Tanner; Jared DiCarlo; Jason Wang; Jiaming Tang; Jimmy Tanner; Jost Tobias Springenberg; Karan Dhabalia; Karl Pertsch; Karol Hausman; Ken Conley; Kevin Black; Kyle Stachowicz; Kyle Vedder; Lachlan Groom; Lachy Groom; Laura Smith; Liam Murphy; Lili Yu; Liyiming Ke; Lucy Xiaoyang Shi; Mairbek Khadikov; Maitrayee Dhaka; Marcel Torne; Marinda Lamb; Michael Equi; Mohith Mothukuri; Nandan Marwaha; Physical Intelligence; Quan Vuong; Raichelle Aniceto; Rowan Jen; Samuel Whitmore; Sergey Levine; Shalom Tekeste; Shihao Cao; Sukwon Yoo; Suraj Nair; Szymon Jakubczak; Thomas Charbonnier; Thomas Godden; Tim Jones; Tyler Patterson; Ury Zhilinsky; Vedant Choudhary; Victor Hwang; Vishnu Mano; Vladislav Lialin; Wallace Lim; Will Stoeckle; Wuming Zhang; Xinyu Li; XuDong Wang; Yao Lu; Yunhao Fang; Zhiyuan Zhou; Zhonglin Liang; Zhuoyang Zhang,2604.15483v2: $π_{0.7}$: a Steerable Generalist Robotic Foundation Model with Emergent Capabilities | 2511.14759v2: $π^{*}_{0.6}$: a VLA That Learns From Experience,https://github.com/CharviSharma,,,,,,2344283386.0,,1.0,28.0,,https://www.google.com/search?q=site%3Alinkedin.com/in%20%22Charvi%20Sharma%22,VLA
Will Stoeckle,2,Adnan Esmail; Adrian Li-Bell; Aikys Mongush; Alex Swerdlow; Ali Amin; Allen Z. Ren; Anna Walling; Ashwin Balakrishna; Baifeng Shi; Ben Katz; Blake Williams; Bo Ai; Brendon LeCount; Brian Ichter; Catherine Glossop; Chandra Kuchi; Charles Xu; Charvi Sharma; Chelsea Finn; Chris Whalen; Connor Jacobsen; Danny Driess; Devin LeBlanc; Enyu Luo; Foster Collins; Gashon Hussein; Gavin Schelske; George Bokinsky; Grace Connors; Greg Balke; Gregg Kammerer; Haohuan Wang; Haroun Habeeb; Hunter Hancock; Ivan Goryachev; James Darpinian; James Tanner; Jared DiCarlo; Jason Wang; Jiaming Tang; Jimmy Tanner; Jost Tobias Springenberg; Karan Dhabalia; Karl Pertsch; Karol Hausman; Ken Conley; Kevin Black; Kyle Stachowicz; Kyle Vedder; Lachlan Groom; Lachy Groom; Laura Smith; Liam Murphy; Lili Yu; Liyiming Ke; Lucy Xiaoyang Shi; Mairbek Khadikov; Maitrayee Dhaka; Marcel Torne; Marinda Lamb; Michael Equi; Mohith Mothukuri; Nandan Marwaha; Physical Intelligence; Quan Vuong; Raichelle Aniceto; Rowan Jen; Samuel Whitmore; Sergey Levine; Shalom Tekeste; Shihao Cao; Sukwon Yoo; Suraj Nair; Szymon Jakubczak; Thomas Charbonnier; Thomas Godden; Tim Jones; Tyler Patterson; Ury Zhilinsky; Vedant Choudhary; Victor Hwang; Vishnu Mano; Vladislav Lialin; Wallace Lim; Wuming Zhang; Xinyu Li; XuDong Wang; Yao Lu; Yunhao Fang; Zhiyuan Zhou; Zhonglin Liang; Zhuoyang Zhang,2604.15483v2: $π_{0.7}$: a Steerable Generalist Robotic Foundation Model with Emergent Capabilities | 2511.14759v2: $π^{*}_{0.6}$: a VLA That Learns From Experience,,,,,,,2392964442.0,,2.0,207.0,,https://www.google.com/search?q=site%3Alinkedin.com/in%20%22Will%20Stoeckle%22,VLA
Marcel Torne,2,Adnan Esmail; Adrian Li-Bell; Aikys Mongush; Alex Swerdlow; Ali Amin; Allen Z. Ren; Anna Walling; Ashwin Balakrishna; Baifeng Shi; Ben Katz; Blake Williams; Bo Ai; Brendon LeCount; Brian Ichter; Catherine Glossop; Chandra Kuchi; Charles Xu; Charvi Sharma; Chelsea Finn; Chris Whalen; Connor Jacobsen; Danny Driess; Devin LeBlanc; Enyu Luo; Foster Collins; Gashon Hussein; Gavin Schelske; George Bokinsky; Grace Connors; Greg Balke; Gregg Kammerer; Haohuan Wang; Haroun Habeeb; Hunter Hancock; Ivan Goryachev; James Darpinian; James Tanner; Jared DiCarlo; Jason Wang; Jiaming Tang; Jimmy Tanner; Jost Tobias Springenberg; Karan Dhabalia; Karl Pertsch; Karol Hausman; Ken Conley; Kevin Black; Kyle Stachowicz; Kyle Vedder; Lachlan Groom; Lachy Groom; Laura Smith; Liam Murphy; Lili Yu; Liyiming Ke; Lucy Xiaoyang Shi; Mairbek Khadikov; Maitrayee Dhaka; Marinda Lamb; Michael Equi; Mohith Mothukuri; Nandan Marwaha; Physical Intelligence; Quan Vuong; Raichelle Aniceto; Rowan Jen; Samuel Whitmore; Sergey Levine; Shalom Tekeste; Shihao Cao; Sukwon Yoo; Suraj Nair; Szymon Jakubczak; Thomas Charbonnier; Thomas Godden; Tim Jones; Tyler Patterson; Ury Zhilinsky; Vedant Choudhary; Victor Hwang; Vishnu Mano; Vladislav Lialin; Wallace Lim; Will Stoeckle; Wuming Zhang; Xinyu Li; XuDong Wang; Yao Lu; Yunhao Fang; Zhiyuan Zhou; Zhonglin Liang; Zhuoyang Zhang,2604.15483v2: $π_{0.7}$: a Steerable Generalist Robotic Foundation Model with Emergent Capabilities | 2511.14759v2: $π^{*}_{0.6}$: a VLA That Learns From Experience,https://github.com/MarcelTorne,,,,,,2288279296.0,,1.0,3.0,,https://www.google.com/search?q=site%3Alinkedin.com/in%20%22Marcel%20Torne%22,VLA
Blake Williams,2,Adnan Esmail; Adrian Li-Bell; Aikys Mongush; Alex Swerdlow; Ali Amin; Allen Z. Ren; Anna Walling; Ashwin Balakrishna; Baifeng Shi; Ben Katz; Bo Ai; Brendon LeCount; Brian Ichter; Catherine Glossop; Chandra Kuchi; Charles Xu; Charvi Sharma; Chelsea Finn; Chris Whalen; Connor Jacobsen; Danny Driess; Devin LeBlanc; Enyu Luo; Foster Collins; Gashon Hussein; Gavin Schelske; George Bokinsky; Grace Connors; Greg Balke; Gregg Kammerer; Haohuan Wang; Haroun Habeeb; Hunter Hancock; Ivan Goryachev; James Darpinian; James Tanner; Jared DiCarlo; Jason Wang; Jiaming Tang; Jimmy Tanner; Jost Tobias Springenberg; Karan Dhabalia; Karl Pertsch; Karol Hausman; Ken Conley; Kevin Black; Kyle Stachowicz; Kyle Vedder; Lachlan Groom; Lachy Groom; Laura Smith; Liam Murphy; Lili Yu; Liyiming Ke; Lucy Xiaoyang Shi; Mairbek Khadikov; Maitrayee Dhaka; Marcel Torne; Marinda Lamb; Michael Equi; Mohith Mothukuri; Nandan Marwaha; Physical Intelligence; Quan Vuong; Raichelle Aniceto; Rowan Jen; Samuel Whitmore; Sergey Levine; Shalom Tekeste; Shihao Cao; Sukwon Yoo; Suraj Nair; Szymon Jakubczak; Thomas Charbonnier; Thomas Godden; Tim Jones; Tyler Patterson; Ury Zhilinsky; Vedant Choudhary; Victor Hwang; Vishnu Mano; Vladislav Lialin; Wallace Lim; Will Stoeckle; Wuming Zhang; Xinyu Li; XuDong Wang; Yao Lu; Yunhao Fang; Zhiyuan Zhou; Zhonglin Liang; Zhuoyang Zhang,2604.15483v2: $π_{0.7}$: a Steerable Generalist Robotic Foundation Model with Emergent Capabilities | 2511.14759v2: $π^{*}_{0.6}$: a VLA That Learns From Experience,https://github.com/BlakeWilliams,,,,,,1522011690.0,,4.0,51.0,,https://www.google.com/search?q=site%3Alinkedin.com/in%20%22Blake%20Williams%22,VLA
Sukwon Yoo,2,Adnan Esmail; Adrian Li-Bell; Aikys Mongush; Alex Swerdlow; Ali Amin; Allen Z. Ren; Anna Walling; Ashwin Balakrishna; Baifeng Shi; Ben Katz; Blake Williams; Bo Ai; Brendon LeCount; Brian Ichter; Catherine Glossop; Chandra Kuchi; Charles Xu; Charvi Sharma; Chelsea Finn; Chris Whalen; Connor Jacobsen; Danny Driess; Devin LeBlanc; Enyu Luo; Foster Collins; Gashon Hussein; Gavin Schelske; George Bokinsky; Grace Connors; Greg Balke; Gregg Kammerer; Haohuan Wang; Haroun Habeeb; Hunter Hancock; Ivan Goryachev; James Darpinian; James Tanner; Jared DiCarlo; Jason Wang; Jiaming Tang; Jimmy Tanner; Jost Tobias Springenberg; Karan Dhabalia; Karl Pertsch; Karol Hausman; Ken Conley; Kevin Black; Kyle Stachowicz; Kyle Vedder; Lachlan Groom; Lachy Groom; Laura Smith; Liam Murphy; Lili Yu; Liyiming Ke; Lucy Xiaoyang Shi; Mairbek Khadikov; Maitrayee Dhaka; Marcel Torne; Marinda Lamb; Michael Equi; Mohith Mothukuri; Nandan Marwaha; Physical Intelligence; Quan Vuong; Raichelle Aniceto; Rowan Jen; Samuel Whitmore; Sergey Levine; Shalom Tekeste; Shihao Cao; Suraj Nair; Szymon Jakubczak; Thomas Charbonnier; Thomas Godden; Tim Jones; Tyler Patterson; Ury Zhilinsky; Vedant Choudhary; Victor Hwang; Vishnu Mano; Vladislav Lialin; Wallace Lim; Will Stoeckle; Wuming Zhang; Xinyu Li; XuDong Wang; Yao Lu; Yunhao Fang; Zhiyuan Zhou; Zhonglin Liang; Zhuoyang Zhang,2604.15483v2: $π_{0.7}$: a Steerable Generalist Robotic Foundation Model with Emergent Capabilities | 2511.14759v2: $π^{*}_{0.6}$: a VLA That Learns From Experience,https://github.com/sukwon-pi,,,,,,2393863269.0,,2.0,207.0,,https://www.google.com/search?q=site%3Alinkedin.com/in%20%22Sukwon%20Yoo%22,VLA
Noah Brown,2,Adnan Esmail; Adrian Li-Bell; Allen Z. Ren; Anna Walling; Brian Ichter; Chelsea Finn; Danny Driess; Devin LeBlanc; Dibya Ghosh; Haohuan Wang; Homer Walke; James Darpinian; James Tanner; Jost Tobias Springenberg; Karan Dhabalia; Karl Pertsch; Karol Hausman; Kevin Black; Kyle Stachowicz; Lachy Groom; Laura Smith; Lili Yu; Liyiming Ke; Lucy Xiaoyang Shi; Manuel Y. Galliker; Michael Equi; Mohith Mothukuri; Niccolo Fusai; Physical Intelligence; Quan Vuong; Sergey Levine; Suraj Nair; Szymon Jakubczak; Tim Jones; Ury Zhilinsky,2504.16054v1: $π_{0.5}$: a Vision-Language-Action Model with Open-World Generalization | 2410.24164v4: $π_0$: A Vision-Language-Action Flow Model for General Robot Control,https://github.com/Noah-Brown,,,,,,2313435182.0,,2.0,11.0,,https://www.google.com/search?q=site%3Alinkedin.com/in%20%22Noah%20Brown%22,VLA
Niccolo Fusai,2,Adnan Esmail; Adrian Li-Bell; Allen Z. Ren; Anna Walling; Brian Ichter; Chelsea Finn; Danny Driess; Devin LeBlanc; Dibya Ghosh; Haohuan Wang; Homer Walke; James Darpinian; James Tanner; Jost Tobias Springenberg; Karan Dhabalia; Karl Pertsch; Karol Hausman; Kevin Black; Kyle Stachowicz; Lachy Groom; Laura Smith; Lili Yu; Liyiming Ke; Lucy Xiaoyang Shi; Manuel Y. Galliker; Michael Equi; Mohith Mothukuri; Noah Brown; Physical Intelligence; Quan Vuong; Sergey Levine; Suraj Nair; Szymon Jakubczak; Tim Jones; Ury Zhilinsky,2504.16054v1: $π_{0.5}$: a Vision-Language-Action Model with Open-World Generalization | 2410.24164v4: $π_0$: A Vision-Language-Action Flow Model for General Robot Control,https://github.com/niccolofusai13,,,,,,2332926006.0,,4.0,3230.0,,https://www.google.com/search?q=site%3Alinkedin.com/in%20%22Niccolo%20Fusai%22,VLA
Bo Ai,1,Adnan Esmail; Adrian Li-Bell; Aikys Mongush; Ali Amin; Allen Z. Ren; Anna Walling; Ashwin Balakrishna; Baifeng Shi; Ben Katz; Blake Williams; Brendon LeCount; Brian Ichter; Catherine Glossop; Chandra Kuchi; Charles Xu; Charvi Sharma; Chelsea Finn; Chris Whalen; Connor Jacobsen; Danny Driess; Devin LeBlanc; Enyu Luo; Foster Collins; Gashon Hussein; Gavin Schelske; George Bokinsky; Grace Connors; Greg Balke; Gregg Kammerer; Haohuan Wang; Haroun Habeeb; Hunter Hancock; Ivan Goryachev; James Darpinian; Jared DiCarlo; Jason Wang; Jiaming Tang; Jimmy Tanner; Jost Tobias Springenberg; Karan Dhabalia; Karl Pertsch; Karol Hausman; Ken Conley; Kevin Black; Kyle Stachowicz; Kyle Vedder; Lachlan Groom; Laura Smith; Liam Murphy; Lili Yu; Liyiming Ke; Lucy Xiaoyang Shi; Mairbek Khadikov; Maitrayee Dhaka; Marcel Torne; Marinda Lamb; Michael Equi; Nandan Marwaha; Physical Intelligence; Quan Vuong; Raichelle Aniceto; Rowan Jen; Samuel Whitmore; Sergey Levine; Shalom Tekeste; Shihao Cao; Sukwon Yoo; Suraj Nair; Szymon Jakubczak; Thomas Charbonnier; Thomas Godden; Tim Jones; Tyler Patterson; Ury Zhilinsky; Vedant Choudhary; Victor Hwang; Vishnu Mano; Vladislav Lialin; Wallace Lim; Will Stoeckle; Wuming Zhang; Xinyu Li; XuDong Wang; Yao Lu; Yunhao Fang; Zhonglin Liang; Zhuoyang Zhang,2604.15483v2: $π_{0.7}$: a Steerable Generalist Robotic Foundation Model with Emergent Capabilities,https://github.com/BoAi01,,,,,,2052878194.0,,12.0,660.0,,https://www.google.com/search?q=site%3Alinkedin.com/in%20%22Bo%20Ai%22,VLA
Greg Balke,1,Adnan Esmail; Adrian Li-Bell; Aikys Mongush; Ali Amin; Allen Z. Ren; Anna Walling; Ashwin Balakrishna; Baifeng Shi; Ben Katz; Blake Williams; Bo Ai; Brendon LeCount; Brian Ichter; Catherine Glossop; Chandra Kuchi; Charles Xu; Charvi Sharma; Chelsea Finn; Chris Whalen; Connor Jacobsen; Danny Driess; Devin LeBlanc; Enyu Luo; Foster Collins; Gashon Hussein; Gavin Schelske; George Bokinsky; Grace Connors; Gregg Kammerer; Haohuan Wang; Haroun Habeeb; Hunter Hancock; Ivan Goryachev; James Darpinian; Jared DiCarlo; Jason Wang; Jiaming Tang; Jimmy Tanner; Jost Tobias Springenberg; Karan Dhabalia; Karl Pertsch; Karol Hausman; Ken Conley; Kevin Black; Kyle Stachowicz; Kyle Vedder; Lachlan Groom; Laura Smith; Liam Murphy; Lili Yu; Liyiming Ke; Lucy Xiaoyang Shi; Mairbek Khadikov; Maitrayee Dhaka; Marcel Torne; Marinda Lamb; Michael Equi; Nandan Marwaha; Physical Intelligence; Quan Vuong; Raichelle Aniceto; Rowan Jen; Samuel Whitmore; Sergey Levine; Shalom Tekeste; Shihao Cao; Sukwon Yoo; Suraj Nair; Szymon Jakubczak; Thomas Charbonnier; Thomas Godden; Tim Jones; Tyler Patterson; Ury Zhilinsky; Vedant Choudhary; Victor Hwang; Vishnu Mano; Vladislav Lialin; Wallace Lim; Will Stoeckle; Wuming Zhang; Xinyu Li; XuDong Wang; Yao Lu; Yunhao Fang; Zhonglin Liang; Zhuoyang Zhang,2604.15483v2: $π_{0.7}$: a Steerable Generalist Robotic Foundation Model with Emergent Capabilities,https://github.com/gbalke,,,,,,4261618.0,,3.0,624.0,,https://www.google.com/search?q=site%3Alinkedin.com/in%20%22Greg%20Balke%22,VLA
George Bokinsky,1,Adnan Esmail; Adrian Li-Bell; Aikys Mongush; Ali Amin; Allen Z. Ren; Anna Walling; Ashwin Balakrishna; Baifeng Shi; Ben Katz; Blake Williams; Bo Ai; Brendon LeCount; Brian Ichter; Catherine Glossop; Chandra Kuchi; Charles Xu; Charvi Sharma; Chelsea Finn; Chris Whalen; Connor Jacobsen; Danny Driess; Devin LeBlanc; Enyu Luo; Foster Collins; Gashon Hussein; Gavin Schelske; Grace Connors; Greg Balke; Gregg Kammerer; Haohuan Wang; Haroun Habeeb; Hunter Hancock; Ivan Goryachev; James Darpinian; Jared DiCarlo; Jason Wang; Jiaming Tang; Jimmy Tanner; Jost Tobias Springenberg; Karan Dhabalia; Karl Pertsch; Karol Hausman; Ken Conley; Kevin Black; Kyle Stachowicz; Kyle Vedder; Lachlan Groom; Laura Smith; Liam Murphy; Lili Yu; Liyiming Ke; Lucy Xiaoyang Shi; Mairbek Khadikov; Maitrayee Dhaka; Marcel Torne; Marinda Lamb; Michael Equi; Nandan Marwaha; Physical Intelligence; Quan Vuong; Raichelle Aniceto; Rowan Jen; Samuel Whitmore; Sergey Levine; Shalom Tekeste; Shihao Cao; Sukwon Yoo; Suraj Nair; Szymon Jakubczak; Thomas Charbonnier; Thomas Godden; Tim Jones; Tyler Patterson; Ury Zhilinsky; Vedant Choudhary; Victor Hwang; Vishnu Mano; Vladislav Lialin; Wallace Lim; Will Stoeckle; Wuming Zhang; Xinyu Li; XuDong Wang; Yao Lu; Yunhao Fang; Zhonglin Liang; Zhuoyang Zhang,2604.15483v2: $π_{0.7}$: a Steerable Generalist Robotic Foundation Model with Emergent Capabilities,,,,,,,40174090.0,,5.0,492.0,,https://www.google.com/search?q=site%3Alinkedin.com/in%20%22George%20Bokinsky%22,VLA
Shihao Cao,1,Adnan Esmail; Adrian Li-Bell; Aikys Mongush; Ali Amin; Allen Z. Ren; Anna Walling; Ashwin Balakrishna; Baifeng Shi; Ben Katz; Blake Williams; Bo Ai; Brendon LeCount; Brian Ichter; Catherine Glossop; Chandra Kuchi; Charles Xu; Charvi Sharma; Chelsea Finn; Chris Whalen; Connor Jacobsen; Danny Driess; Devin LeBlanc; Enyu Luo; Foster Collins; Gashon Hussein; Gavin Schelske; George Bokinsky; Grace Connors; Greg Balke; Gregg Kammerer; Haohuan Wang; Haroun Habeeb; Hunter Hancock; Ivan Goryachev; James Darpinian; Jared DiCarlo; Jason Wang; Jiaming Tang; Jimmy Tanner; Jost Tobias Springenberg; Karan Dhabalia; Karl Pertsch; Karol Hausman; Ken Conley; Kevin Black; Kyle Stachowicz; Kyle Vedder; Lachlan Groom; Laura Smith; Liam Murphy; Lili Yu; Liyiming Ke; Lucy Xiaoyang Shi; Mairbek Khadikov; Maitrayee Dhaka; Marcel Torne; Marinda Lamb; Michael Equi; Nandan Marwaha; Physical Intelligence; Quan Vuong; Raichelle Aniceto; Rowan Jen; Samuel Whitmore; Sergey Levine; Shalom Tekeste; Sukwon Yoo; Suraj Nair; Szymon Jakubczak; Thomas Charbonnier; Thomas Godden; Tim Jones; Tyler Patterson; Ury Zhilinsky; Vedant Choudhary; Victor Hwang; Vishnu Mano; Vladislav Lialin; Wallace Lim; Will Stoeckle; Wuming Zhang; Xinyu Li; XuDong Wang; Yao Lu; Yunhao Fang; Zhonglin Liang; Zhuoyang Zhang,2604.15483v2: $π_{0.7}$: a Steerable Generalist Robotic Foundation Model with Emergent Capabilities,https://github.com/shihaocao,,,,,,1665402666.0,,,,,https://www.google.com/search?q=site%3Alinkedin.com/in%20%22Shihao%20Cao%22,VLA
Thomas Charbonnier,1,Adnan Esmail; Adrian Li-Bell; Aikys Mongush; Ali Amin; Allen Z. Ren; Anna Walling; Ashwin Balakrishna; Baifeng Shi; Ben Katz; Blake Williams; Bo Ai; Brendon LeCount; Brian Ichter; Catherine Glossop; Chandra Kuchi; Charles Xu; Charvi Sharma; Chelsea Finn; Chris Whalen; Connor Jacobsen; Danny Driess; Devin LeBlanc; Enyu Luo; Foster Collins; Gashon Hussein; Gavin Schelske; George Bokinsky; Grace Connors; Greg Balke; Gregg Kammerer; Haohuan Wang; Haroun Habeeb; Hunter Hancock; Ivan Goryachev; James Darpinian; Jared DiCarlo; Jason Wang; Jiaming Tang; Jimmy Tanner; Jost Tobias Springenberg; Karan Dhabalia; Karl Pertsch; Karol Hausman; Ken Conley; Kevin Black; Kyle Stachowicz; Kyle Vedder; Lachlan Groom; Laura Smith; Liam Murphy; Lili Yu; Liyiming Ke; Lucy Xiaoyang Shi; Mairbek Khadikov; Maitrayee Dhaka; Marcel Torne; Marinda Lamb; Michael Equi; Nandan Marwaha; Physical Intelligence; Quan Vuong; Raichelle Aniceto; Rowan Jen; Samuel Whitmore; Sergey Levine; Shalom Tekeste; Shihao Cao; Sukwon Yoo; Suraj Nair; Szymon Jakubczak; Thomas Godden; Tim Jones; Tyler Patterson; Ury Zhilinsky; Vedant Choudhary; Victor Hwang; Vishnu Mano; Vladislav Lialin; Wallace Lim; Will Stoeckle; Wuming Zhang; Xinyu Li; XuDong Wang; Yao Lu; Yunhao Fang; Zhonglin Liang; Zhuoyang Zhang,2604.15483v2: $π_{0.7}$: a Steerable Generalist Robotic Foundation Model with Emergent Capabilities,,,,,,,2313541851.0,,2.0,10.0,,https://www.google.com/search?q=site%3Alinkedin.com/in%20%22Thomas%20Charbonnier%22,VLA
Vedant Choudhary,1,Adnan Esmail; Adrian Li-Bell; Aikys Mongush; Ali Amin; Allen Z. Ren; Anna Walling; Ashwin Balakrishna; Baifeng Shi; Ben Katz; Blake Williams; Bo Ai; Brendon LeCount; Brian Ichter; Catherine Glossop; Chandra Kuchi; Charles Xu; Charvi Sharma; Chelsea Finn; Chris Whalen; Connor Jacobsen; Danny Driess; Devin LeBlanc; Enyu Luo; Foster Collins; Gashon Hussein; Gavin Schelske; George Bokinsky; Grace Connors; Greg Balke; Gregg Kammerer; Haohuan Wang; Haroun Habeeb; Hunter Hancock; Ivan Goryachev; James Darpinian; Jared DiCarlo; Jason Wang; Jiaming Tang; Jimmy Tanner; Jost Tobias Springenberg; Karan Dhabalia; Karl Pertsch; Karol Hausman; Ken Conley; Kevin Black; Kyle Stachowicz; Kyle Vedder; Lachlan Groom; Laura Smith; Liam Murphy; Lili Yu; Liyiming Ke; Lucy Xiaoyang Shi; Mairbek Khadikov; Maitrayee Dhaka; Marcel Torne; Marinda Lamb; Michael Equi; Nandan Marwaha; Physical Intelligence; Quan Vuong; Raichelle Aniceto; Rowan Jen; Samuel Whitmore; Sergey Levine; Shalom Tekeste; Shihao Cao; Sukwon Yoo; Suraj Nair; Szymon Jakubczak; Thomas Charbonnier; Thomas Godden; Tim Jones; Tyler Patterson; Ury Zhilinsky; Victor Hwang; Vishnu Mano; Vladislav Lialin; Wallace Lim; Will Stoeckle; Wuming Zhang; Xinyu Li; XuDong Wang; Yao Lu; Yunhao Fang; Zhonglin Liang; Zhuoyang Zhang,2604.15483v2: $π_{0.7}$: a Steerable Generalist Robotic Foundation Model with Emergent Capabilities,https://github.com/rsm-vchoudhary,,,,,,21114949.0,,4.0,81.0,,https://www.google.com/search?q=site%3Alinkedin.com/in%20%22Vedant%20Choudhary%22,VLA
Foster Collins,1,Adnan Esmail; Adrian Li-Bell; Aikys Mongush; Ali Amin; Allen Z. Ren; Anna Walling; Ashwin Balakrishna; Baifeng Shi; Ben Katz; Blake Williams; Bo Ai; Brendon LeCount; Brian Ichter; Catherine Glossop; Chandra Kuchi; Charles Xu; Charvi Sharma; Chelsea Finn; Chris Whalen; Connor Jacobsen; Danny Driess; Devin LeBlanc; Enyu Luo; Gashon Hussein; Gavin Schelske; George Bokinsky; Grace Connors; Greg Balke; Gregg Kammerer; Haohuan Wang; Haroun Habeeb; Hunter Hancock; Ivan Goryachev; James Darpinian; Jared DiCarlo; Jason Wang; Jiaming Tang; Jimmy Tanner; Jost Tobias Springenberg; Karan Dhabalia; Karl Pertsch; Karol Hausman; Ken Conley; Kevin Black; Kyle Stachowicz; Kyle Vedder; Lachlan Groom; Laura Smith; Liam Murphy; Lili Yu; Liyiming Ke; Lucy Xiaoyang Shi; Mairbek Khadikov; Maitrayee Dhaka; Marcel Torne; Marinda Lamb; Michael Equi; Nandan Marwaha; Physical Intelligence; Quan Vuong; Raichelle Aniceto; Rowan Jen; Samuel Whitmore; Sergey Levine; Shalom Tekeste; Shihao Cao; Sukwon Yoo; Suraj Nair; Szymon Jakubczak; Thomas Charbonnier; Thomas Godden; Tim Jones; Tyler Patterson; Ury Zhilinsky; Vedant Choudhary; Victor Hwang; Vishnu Mano; Vladislav Lialin; Wallace Lim; Will Stoeckle; Wuming Zhang; Xinyu Li; XuDong Wang; Yao Lu; Yunhao Fang; Zhonglin Liang; Zhuoyang Zhang,2604.15483v2: $π_{0.7}$: a Steerable Generalist Robotic Foundation Model with Emergent Capabilities,https://github.com/foster-rgb,,,,,,2074273171.0,,,,,https://www.google.com/search?q=site%3Alinkedin.com/in%20%22Foster%20Collins%22,VLA
Maitrayee Dhaka,1,Adnan Esmail; Adrian Li-Bell; Aikys Mongush; Ali Amin; Allen Z. Ren; Anna Walling; Ashwin Balakrishna; Baifeng Shi; Ben Katz; Blake Williams; Bo Ai; Brendon LeCount; Brian Ichter; Catherine Glossop; Chandra Kuchi; Charles Xu; Charvi Sharma; Chelsea Finn; Chris Whalen; Connor Jacobsen; Danny Driess; Devin LeBlanc; Enyu Luo; Foster Collins; Gashon Hussein; Gavin Schelske; George Bokinsky; Grace Connors; Greg Balke; Gregg Kammerer; Haohuan Wang; Haroun Habeeb; Hunter Hancock; Ivan Goryachev; James Darpinian; Jared DiCarlo; Jason Wang; Jiaming Tang; Jimmy Tanner; Jost Tobias Springenberg; Karan Dhabalia; Karl Pertsch; Karol Hausman; Ken Conley; Kevin Black; Kyle Stachowicz; Kyle Vedder; Lachlan Groom; Laura Smith; Liam Murphy; Lili Yu; Liyiming Ke; Lucy Xiaoyang Shi; Mairbek Khadikov; Marcel Torne; Marinda Lamb; Michael Equi; Nandan Marwaha; Physical Intelligence; Quan Vuong; Raichelle Aniceto; Rowan Jen; Samuel Whitmore; Sergey Levine; Shalom Tekeste; Shihao Cao; Sukwon Yoo; Suraj Nair; Szymon Jakubczak; Thomas Charbonnier; Thomas Godden; Tim Jones; Tyler Patterson; Ury Zhilinsky; Vedant Choudhary; Victor Hwang; Vishnu Mano; Vladislav Lialin; Wallace Lim; Will Stoeckle; Wuming Zhang; Xinyu Li; XuDong Wang; Yao Lu; Yunhao Fang; Zhonglin Liang; Zhuoyang Zhang,2604.15483v2: $π_{0.7}$: a Steerable Generalist Robotic Foundation Model with Emergent Capabilities,,,,,,,2430468147.0,,1.0,35.0,,https://www.google.com/search?q=site%3Alinkedin.com/in%20%22Maitrayee%20Dhaka%22,VLA
Lachlan Groom,1,Adnan Esmail; Adrian Li-Bell; Aikys Mongush; Ali Amin; Allen Z. Ren; Anna Walling; Ashwin Balakrishna; Baifeng Shi; Ben Katz; Blake Williams; Bo Ai; Brendon LeCount; Brian Ichter; Catherine Glossop; Chandra Kuchi; Charles Xu; Charvi Sharma; Chelsea Finn; Chris Whalen; Connor Jacobsen; Danny Driess; Devin LeBlanc; Enyu Luo; Foster Collins; Gashon Hussein; Gavin Schelske; George Bokinsky; Grace Connors; Greg Balke; Gregg Kammerer; Haohuan Wang; Haroun Habeeb; Hunter Hancock; Ivan Goryachev; James Darpinian; Jared DiCarlo; Jason Wang; Jiaming Tang; Jimmy Tanner; Jost Tobias Springenberg; Karan Dhabalia; Karl Pertsch; Karol Hausman; Ken Conley; Kevin Black; Kyle Stachowicz; Kyle Vedder; Laura Smith; Liam Murphy; Lili Yu; Liyiming Ke; Lucy Xiaoyang Shi; Mairbek Khadikov; Maitrayee Dhaka; Marcel Torne; Marinda Lamb; Michael Equi; Nandan Marwaha; Physical Intelligence; Quan Vuong; Raichelle Aniceto; Rowan Jen; Samuel Whitmore; Sergey Levine; Shalom Tekeste; Shihao Cao; Sukwon Yoo; Suraj Nair; Szymon Jakubczak; Thomas Charbonnier; Thomas Godden; Tim Jones; Tyler Patterson; Ury Zhilinsky; Vedant Choudhary; Victor Hwang; Vishnu Mano; Vladislav Lialin; Wallace Lim; Will Stoeckle; Wuming Zhang; Xinyu Li; XuDong Wang; Yao Lu; Yunhao Fang; Zhonglin Liang; Zhuoyang Zhang,2604.15483v2: $π_{0.7}$: a Steerable Generalist Robotic Foundation Model with Emergent Capabilities,,,,,,,2430468083.0,,1.0,35.0,,https://www.google.com/search?q=site%3Alinkedin.com/in%20%22Lachlan%20Groom%22,VLA
Haroun Habeeb,1,Adnan Esmail; Adrian Li-Bell; Aikys Mongush; Ali Amin; Allen Z. Ren; Anna Walling; Ashwin Balakrishna; Baifeng Shi; Ben Katz; Blake Williams; Bo Ai; Brendon LeCount; Brian Ichter; Catherine Glossop; Chandra Kuchi; Charles Xu; Charvi Sharma; Chelsea Finn; Chris Whalen; Connor Jacobsen; Danny Driess; Devin LeBlanc; Enyu Luo; Foster Collins; Gashon Hussein; Gavin Schelske; George Bokinsky; Grace Connors; Greg Balke; Gregg Kammerer; Haohuan Wang; Hunter Hancock; Ivan Goryachev; James Darpinian; Jared DiCarlo; Jason Wang; Jiaming Tang; Jimmy Tanner; Jost Tobias Springenberg; Karan Dhabalia; Karl Pertsch; Karol Hausman; Ken Conley; Kevin Black; Kyle Stachowicz; Kyle Vedder; Lachlan Groom; Laura Smith; Liam Murphy; Lili Yu; Liyiming Ke; Lucy Xiaoyang Shi; Mairbek Khadikov; Maitrayee Dhaka; Marcel Torne; Marinda Lamb; Michael Equi; Nandan Marwaha; Physical Intelligence; Quan Vuong; Raichelle Aniceto; Rowan Jen; Samuel Whitmore; Sergey Levine; Shalom Tekeste; Shihao Cao; Sukwon Yoo; Suraj Nair; Szymon Jakubczak; Thomas Charbonnier; Thomas Godden; Tim Jones; Tyler Patterson; Ury Zhilinsky; Vedant Choudhary; Victor Hwang; Vishnu Mano; Vladislav Lialin; Wallace Lim; Will Stoeckle; Wuming Zhang; Xinyu Li; XuDong Wang; Yao Lu; Yunhao Fang; Zhonglin Liang; Zhuoyang Zhang,2604.15483v2: $π_{0.7}$: a Steerable Generalist Robotic Foundation Model with Emergent Capabilities,,,,,,,30279076.0,,5.0,16148.0,,https://www.google.com/search?q=site%3Alinkedin.com/in%20%22Haroun%20Habeeb%22,VLA
Victor Hwang,1,Adnan Esmail; Adrian Li-Bell; Aikys Mongush; Ali Amin; Allen Z. Ren; Anna Walling; Ashwin Balakrishna; Baifeng Shi; Ben Katz; Blake Williams; Bo Ai; Brendon LeCount; Brian Ichter; Catherine Glossop; Chandra Kuchi; Charles Xu; Charvi Sharma; Chelsea Finn; Chris Whalen; Connor Jacobsen; Danny Driess; Devin LeBlanc; Enyu Luo; Foster Collins; Gashon Hussein; Gavin Schelske; George Bokinsky; Grace Connors; Greg Balke; Gregg Kammerer; Haohuan Wang; Haroun Habeeb; Hunter Hancock; Ivan Goryachev; James Darpinian; Jared DiCarlo; Jason Wang; Jiaming Tang; Jimmy Tanner; Jost Tobias Springenberg; Karan Dhabalia; Karl Pertsch; Karol Hausman; Ken Conley; Kevin Black; Kyle Stachowicz; Kyle Vedder; Lachlan Groom; Laura Smith; Liam Murphy; Lili Yu; Liyiming Ke; Lucy Xiaoyang Shi; Mairbek Khadikov; Maitrayee Dhaka; Marcel Torne; Marinda Lamb; Michael Equi; Nandan Marwaha; Physical Intelligence; Quan Vuong; Raichelle Aniceto; Rowan Jen; Samuel Whitmore; Sergey Levine; Shalom Tekeste; Shihao Cao; Sukwon Yoo; Suraj Nair; Szymon Jakubczak; Thomas Charbonnier; Thomas Godden; Tim Jones; Tyler Patterson; Ury Zhilinsky; Vedant Choudhary; Vishnu Mano; Vladislav Lialin; Wallace Lim; Will Stoeckle; Wuming Zhang; Xinyu Li; XuDong Wang; Yao Lu; Yunhao Fang; Zhonglin Liang; Zhuoyang Zhang,2604.15483v2: $π_{0.7}$: a Steerable Generalist Robotic Foundation Model with Emergent Capabilities,https://github.com/vhwanger,,,,,,143933475.0,,3.0,55.0,,https://www.google.com/search?q=site%3Alinkedin.com/in%20%22Victor%20Hwang%22,VLA
Connor Jacobsen,1,Adnan Esmail; Adrian Li-Bell; Aikys Mongush; Ali Amin; Allen Z. Ren; Anna Walling; Ashwin Balakrishna; Baifeng Shi; Ben Katz; Blake Williams; Bo Ai; Brendon LeCount; Brian Ichter; Catherine Glossop; Chandra Kuchi; Charles Xu; Charvi Sharma; Chelsea Finn; Chris Whalen; Danny Driess; Devin LeBlanc; Enyu Luo; Foster Collins; Gashon Hussein; Gavin Schelske; George Bokinsky; Grace Connors; Greg Balke; Gregg Kammerer; Haohuan Wang; Haroun Habeeb; Hunter Hancock; Ivan Goryachev; James Darpinian; Jared DiCarlo; Jason Wang; Jiaming Tang; Jimmy Tanner; Jost Tobias Springenberg; Karan Dhabalia; Karl Pertsch; Karol Hausman; Ken Conley; Kevin Black; Kyle Stachowicz; Kyle Vedder; Lachlan Groom; Laura Smith; Liam Murphy; Lili Yu; Liyiming Ke; Lucy Xiaoyang Shi; Mairbek Khadikov; Maitrayee Dhaka; Marcel Torne; Marinda Lamb; Michael Equi; Nandan Marwaha; Physical Intelligence; Quan Vuong; Raichelle Aniceto; Rowan Jen; Samuel Whitmore; Sergey Levine; Shalom Tekeste; Shihao Cao; Sukwon Yoo; Suraj Nair; Szymon Jakubczak; Thomas Charbonnier; Thomas Godden; Tim Jones; Tyler Patterson; Ury Zhilinsky; Vedant Choudhary; Victor Hwang; Vishnu Mano; Vladislav Lialin; Wallace Lim; Will Stoeckle; Wuming Zhang; Xinyu Li; XuDong Wang; Yao Lu; Yunhao Fang; Zhonglin Liang; Zhuoyang Zhang,2604.15483v2: $π_{0.7}$: a Steerable Generalist Robotic Foundation Model with Emergent Capabilities,https://github.com/connorjacobsen,,,,,,40812618.0,,2.0,75.0,,https://www.google.com/search?q=site%3Alinkedin.com/in%20%22Connor%20Jacobsen%22,VLA
Gregg Kammerer,1,Adnan Esmail; Adrian Li-Bell; Aikys Mongush; Ali Amin; Allen Z. Ren; Anna Walling; Ashwin Balakrishna; Baifeng Shi; Ben Katz; Blake Williams; Bo Ai; Brendon LeCount; Brian Ichter; Catherine Glossop; Chandra Kuchi; Charles Xu; Charvi Sharma; Chelsea Finn; Chris Whalen; Connor Jacobsen; Danny Driess; Devin LeBlanc; Enyu Luo; Foster Collins; Gashon Hussein; Gavin Schelske; George Bokinsky; Grace Connors; Greg Balke; Haohuan Wang; Haroun Habeeb; Hunter Hancock; Ivan Goryachev; James Darpinian; Jared DiCarlo; Jason Wang; Jiaming Tang; Jimmy Tanner; Jost Tobias Springenberg; Karan Dhabalia; Karl Pertsch; Karol Hausman; Ken Conley; Kevin Black; Kyle Stachowicz; Kyle Vedder; Lachlan Groom; Laura Smith; Liam Murphy; Lili Yu; Liyiming Ke; Lucy Xiaoyang Shi; Mairbek Khadikov; Maitrayee Dhaka; Marcel Torne; Marinda Lamb; Michael Equi; Nandan Marwaha; Physical Intelligence; Quan Vuong; Raichelle Aniceto; Rowan Jen; Samuel Whitmore; Sergey Levine; Shalom Tekeste; Shihao Cao; Sukwon Yoo; Suraj Nair; Szymon Jakubczak; Thomas Charbonnier; Thomas Godden; Tim Jones; Tyler Patterson; Ury Zhilinsky; Vedant Choudhary; Victor Hwang; Vishnu Mano; Vladislav Lialin; Wallace Lim; Will Stoeckle; Wuming Zhang; Xinyu Li; XuDong Wang; Yao Lu; Yunhao Fang; Zhonglin Liang; Zhuoyang Zhang,2604.15483v2: $π_{0.7}$: a Steerable Generalist Robotic Foundation Model with Emergent Capabilities,,,,,,,1573676830.0,,4.0,794.0,,https://www.google.com/search?q=site%3Alinkedin.com/in%20%22Gregg%20Kammerer%22,VLA
Mairbek Khadikov,1,Adnan Esmail; Adrian Li-Bell; Aikys Mongush; Ali Amin; Allen Z. Ren; Anna Walling; Ashwin Balakrishna; Baifeng Shi; Ben Katz; Blake Williams; Bo Ai; Brendon LeCount; Brian Ichter; Catherine Glossop; Chandra Kuchi; Charles Xu; Charvi Sharma; Chelsea Finn; Chris Whalen; Connor Jacobsen; Danny Driess; Devin LeBlanc; Enyu Luo; Foster Collins; Gashon Hussein; Gavin Schelske; George Bokinsky; Grace Connors; Greg Balke; Gregg Kammerer; Haohuan Wang; Haroun Habeeb; Hunter Hancock; Ivan Goryachev; James Darpinian; Jared DiCarlo; Jason Wang; Jiaming Tang; Jimmy Tanner; Jost Tobias Springenberg; Karan Dhabalia; Karl Pertsch; Karol Hausman; Ken Conley; Kevin Black; Kyle Stachowicz; Kyle Vedder; Lachlan Groom; Laura Smith; Liam Murphy; Lili Yu; Liyiming Ke; Lucy Xiaoyang Shi; Maitrayee Dhaka; Marcel Torne; Marinda Lamb; Michael Equi; Nandan Marwaha; Physical Intelligence; Quan Vuong; Raichelle Aniceto; Rowan Jen; Samuel Whitmore; Sergey Levine; Shalom Tekeste; Shihao Cao; Sukwon Yoo; Suraj Nair; Szymon Jakubczak; Thomas Charbonnier; Thomas Godden; Tim Jones; Tyler Patterson; Ury Zhilinsky; Vedant Choudhary; Victor Hwang; Vishnu Mano; Vladislav Lialin; Wallace Lim; Will Stoeckle; Wuming Zhang; Xinyu Li; XuDong Wang; Yao Lu; Yunhao Fang; Zhonglin Liang; Zhuoyang Zhang,2604.15483v2: $π_{0.7}$: a Steerable Generalist Robotic Foundation Model with Emergent Capabilities,https://github.com/mairbek,,,,,,2430469518.0,,1.0,35.0,,https://www.google.com/search?q=site%3Alinkedin.com/in%20%22Mairbek%20Khadikov%22,VLA
Brendon LeCount,1,Adnan Esmail; Adrian Li-Bell; Aikys Mongush; Ali Amin; Allen Z. Ren; Anna Walling; Ashwin Balakrishna; Baifeng Shi; Ben Katz; Blake Williams; Bo Ai; Brian Ichter; Catherine Glossop; Chandra Kuchi; Charles Xu; Charvi Sharma; Chelsea Finn; Chris Whalen; Connor Jacobsen; Danny Driess; Devin LeBlanc; Enyu Luo; Foster Collins; Gashon Hussein; Gavin Schelske; George Bokinsky; Grace Connors; Greg Balke; Gregg Kammerer; Haohuan Wang; Haroun Habeeb; Hunter Hancock; Ivan Goryachev; James Darpinian; Jared DiCarlo; Jason Wang; Jiaming Tang; Jimmy Tanner; Jost Tobias Springenberg; Karan Dhabalia; Karl Pertsch; Karol Hausman; Ken Conley; Kevin Black; Kyle Stachowicz; Kyle Vedder; Lachlan Groom; Laura Smith; Liam Murphy; Lili Yu; Liyiming Ke; Lucy Xiaoyang Shi; Mairbek Khadikov; Maitrayee Dhaka; Marcel Torne; Marinda Lamb; Michael Equi; Nandan Marwaha; Physical Intelligence; Quan Vuong; Raichelle Aniceto; Rowan Jen; Samuel Whitmore; Sergey Levine; Shalom Tekeste; Shihao Cao; Sukwon Yoo; Suraj Nair; Szymon Jakubczak; Thomas Charbonnier; Thomas Godden; Tim Jones; Tyler Patterson; Ury Zhilinsky; Vedant Choudhary; Victor Hwang; Vishnu Mano; Vladislav Lialin; Wallace Lim; Will Stoeckle; Wuming Zhang; Xinyu Li; XuDong Wang; Yao Lu; Yunhao Fang; Zhonglin Liang; Zhuoyang Zhang,2604.15483v2: $π_{0.7}$: a Steerable Generalist Robotic Foundation Model with Emergent Capabilities,https://github.com/brendonlecount,,,,,,2430468550.0,,1.0,35.0,,https://www.google.com/search?q=site%3Alinkedin.com/in%20%22Brendon%20LeCount%22,VLA
Xinyu Li,1,Adnan Esmail; Adrian Li-Bell; Aikys Mongush; Ali Amin; Allen Z. Ren; Anna Walling; Ashwin Balakrishna; Baifeng Shi; Ben Katz; Blake Williams; Bo Ai; Brendon LeCount; Brian Ichter; Catherine Glossop; Chandra Kuchi; Charles Xu; Charvi Sharma; Chelsea Finn; Chris Whalen; Connor Jacobsen; Danny Driess; Devin LeBlanc; Enyu Luo; Foster Collins; Gashon Hussein; Gavin Schelske; George Bokinsky; Grace Connors; Greg Balke; Gregg Kammerer; Haohuan Wang; Haroun Habeeb; Hunter Hancock; Ivan Goryachev; James Darpinian; Jared DiCarlo; Jason Wang; Jiaming Tang; Jimmy Tanner; Jost Tobias Springenberg; Karan Dhabalia; Karl Pertsch; Karol Hausman; Ken Conley; Kevin Black; Kyle Stachowicz; Kyle Vedder; Lachlan Groom; Laura Smith; Liam Murphy; Lili Yu; Liyiming Ke; Lucy Xiaoyang Shi; Mairbek Khadikov; Maitrayee Dhaka; Marcel Torne; Marinda Lamb; Michael Equi; Nandan Marwaha; Physical Intelligence; Quan Vuong; Raichelle Aniceto; Rowan Jen; Samuel Whitmore; Sergey Levine; Shalom Tekeste; Shihao Cao; Sukwon Yoo; Suraj Nair; Szymon Jakubczak; Thomas Charbonnier; Thomas Godden; Tim Jones; Tyler Patterson; Ury Zhilinsky; Vedant Choudhary; Victor Hwang; Vishnu Mano; Vladislav Lialin; Wallace Lim; Will Stoeckle; Wuming Zhang; XuDong Wang; Yao Lu; Yunhao Fang; Zhonglin Liang; Zhuoyang Zhang,2604.15483v2: $π_{0.7}$: a Steerable Generalist Robotic Foundation Model with Emergent Capabilities,https://github.com/wonderli,,,,,,2316238095.0,,,,,https://www.google.com/search?q=site%3Alinkedin.com/in%20%22Xinyu%20Li%22,VLA
Vladislav Lialin,1,Adnan Esmail; Adrian Li-Bell; Aikys Mongush; Ali Amin; Allen Z. Ren; Anna Walling; Ashwin Balakrishna; Baifeng Shi; Ben Katz; Blake Williams; Bo Ai; Brendon LeCount; Brian Ichter; Catherine Glossop; Chandra Kuchi; Charles Xu; Charvi Sharma; Chelsea Finn; Chris Whalen; Connor Jacobsen; Danny Driess; Devin LeBlanc; Enyu Luo; Foster Collins; Gashon Hussein; Gavin Schelske; George Bokinsky; Grace Connors; Greg Balke; Gregg Kammerer; Haohuan Wang; Haroun Habeeb; Hunter Hancock; Ivan Goryachev; James Darpinian; Jared DiCarlo; Jason Wang; Jiaming Tang; Jimmy Tanner; Jost Tobias Springenberg; Karan Dhabalia; Karl Pertsch; Karol Hausman; Ken Conley; Kevin Black; Kyle Stachowicz; Kyle Vedder; Lachlan Groom; Laura Smith; Liam Murphy; Lili Yu; Liyiming Ke; Lucy Xiaoyang Shi; Mairbek Khadikov; Maitrayee Dhaka; Marcel Torne; Marinda Lamb; Michael Equi; Nandan Marwaha; Physical Intelligence; Quan Vuong; Raichelle Aniceto; Rowan Jen; Samuel Whitmore; Sergey Levine; Shalom Tekeste; Shihao Cao; Sukwon Yoo; Suraj Nair; Szymon Jakubczak; Thomas Charbonnier; Thomas Godden; Tim Jones; Tyler Patterson; Ury Zhilinsky; Vedant Choudhary; Victor Hwang; Vishnu Mano; Wallace Lim; Will Stoeckle; Wuming Zhang; Xinyu Li; XuDong Wang; Yao Lu; Yunhao Fang; Zhonglin Liang; Zhuoyang Zhang,2604.15483v2: $π_{0.7}$: a Steerable Generalist Robotic Foundation Model with Emergent Capabilities,,,,,,,1380253954.0,,8.0,608.0,,https://www.google.com/search?q=site%3Alinkedin.com/in%20%22Vladislav%20Lialin%22,VLA
Zhonglin Liang,1,Adnan Esmail; Adrian Li-Bell; Aikys Mongush; Ali Amin; Allen Z. Ren; Anna Walling; Ashwin Balakrishna; Baifeng Shi; Ben Katz; Blake Williams; Bo Ai; Brendon LeCount; Brian Ichter; Catherine Glossop; Chandra Kuchi; Charles Xu; Charvi Sharma; Chelsea Finn; Chris Whalen; Connor Jacobsen; Danny Driess; Devin LeBlanc; Enyu Luo; Foster Collins; Gashon Hussein; Gavin Schelske; George Bokinsky; Grace Connors; Greg Balke; Gregg Kammerer; Haohuan Wang; Haroun Habeeb; Hunter Hancock; Ivan Goryachev; James Darpinian; Jared DiCarlo; Jason Wang; Jiaming Tang; Jimmy Tanner; Jost Tobias Springenberg; Karan Dhabalia; Karl Pertsch; Karol Hausman; Ken Conley; Kevin Black; Kyle Stachowicz; Kyle Vedder; Lachlan Groom; Laura Smith; Liam Murphy; Lili Yu; Liyiming Ke; Lucy Xiaoyang Shi; Mairbek Khadikov; Maitrayee Dhaka; Marcel Torne; Marinda Lamb; Michael Equi; Nandan Marwaha; Physical Intelligence; Quan Vuong; Raichelle Aniceto; Rowan Jen; Samuel Whitmore; Sergey Levine; Shalom Tekeste; Shihao Cao; Sukwon Yoo; Suraj Nair; Szymon Jakubczak; Thomas Charbonnier; Thomas Godden; Tim Jones; Tyler Patterson; Ury Zhilinsky; Vedant Choudhary; Victor Hwang; Vishnu Mano; Vladislav Lialin; Wallace Lim; Will Stoeckle; Wuming Zhang; Xinyu Li; XuDong Wang; Yao Lu; Yunhao Fang; Zhuoyang Zhang,2604.15483v2: $π_{0.7}$: a Steerable Generalist Robotic Foundation Model with Emergent Capabilities,https://github.com/JohnnyLiang1018,,,,,,2427085871.0,,2.0,47.0,,https://www.google.com/search?q=site%3Alinkedin.com/in%20%22Zhonglin%20Liang%22,VLA
Wallace Lim,1,Adnan Esmail; Adrian Li-Bell; Aikys Mongush; Ali Amin; Allen Z. Ren; Anna Walling; Ashwin Balakrishna; Baifeng Shi; Ben Katz; Blake Williams; Bo Ai; Brendon LeCount; Brian Ichter; Catherine Glossop; Chandra Kuchi; Charles Xu; Charvi Sharma; Chelsea Finn; Chris Whalen; Connor Jacobsen; Danny Driess; Devin LeBlanc; Enyu Luo; Foster Collins; Gashon Hussein; Gavin Schelske; George Bokinsky; Grace Connors; Greg Balke; Gregg Kammerer; Haohuan Wang; Haroun Habeeb; Hunter Hancock; Ivan Goryachev; James Darpinian; Jared DiCarlo; Jason Wang; Jiaming Tang; Jimmy Tanner; Jost Tobias Springenberg; Karan Dhabalia; Karl Pertsch; Karol Hausman; Ken Conley; Kevin Black; Kyle Stachowicz; Kyle Vedder; Lachlan Groom; Laura Smith; Liam Murphy; Lili Yu; Liyiming Ke; Lucy Xiaoyang Shi; Mairbek Khadikov; Maitrayee Dhaka; Marcel Torne; Marinda Lamb; Michael Equi; Nandan Marwaha; Physical Intelligence; Quan Vuong; Raichelle Aniceto; Rowan Jen; Samuel Whitmore; Sergey Levine; Shalom Tekeste; Shihao Cao; Sukwon Yoo; Suraj Nair; Szymon Jakubczak; Thomas Charbonnier; Thomas Godden; Tim Jones; Tyler Patterson; Ury Zhilinsky; Vedant Choudhary; Victor Hwang; Vishnu Mano; Vladislav Lialin; Will Stoeckle; Wuming Zhang; Xinyu Li; XuDong Wang; Yao Lu; Yunhao Fang; Zhonglin Liang; Zhuoyang Zhang,2604.15483v2: $π_{0.7}$: a Steerable Generalist Robotic Foundation Model with Emergent Capabilities,https://github.com/wallace-lim,,,,,,2266589742.0,,1.0,35.0,,https://www.google.com/search?q=site%3Alinkedin.com/in%20%22Wallace%20Lim%22,VLA
Enyu Luo,1,Adnan Esmail; Adrian Li-Bell; Aikys Mongush; Ali Amin; Allen Z. Ren; Anna Walling; Ashwin Balakrishna; Baifeng Shi; Ben Katz; Blake Williams; Bo Ai; Brendon LeCount; Brian Ichter; Catherine Glossop; Chandra Kuchi; Charles Xu; Charvi Sharma; Chelsea Finn; Chris Whalen; Connor Jacobsen; Danny Driess; Devin LeBlanc; Foster Collins; Gashon Hussein; Gavin Schelske; George Bokinsky; Grace Connors; Greg Balke; Gregg Kammerer; Haohuan Wang; Haroun Habeeb; Hunter Hancock; Ivan Goryachev; James Darpinian; Jared DiCarlo; Jason Wang; Jiaming Tang; Jimmy Tanner; Jost Tobias Springenberg; Karan Dhabalia; Karl Pertsch; Karol Hausman; Ken Conley; Kevin Black; Kyle Stachowicz; Kyle Vedder; Lachlan Groom; Laura Smith; Liam Murphy; Lili Yu; Liyiming Ke; Lucy Xiaoyang Shi; Mairbek Khadikov; Maitrayee Dhaka; Marcel Torne; Marinda Lamb; Michael Equi; Nandan Marwaha; Physical Intelligence; Quan Vuong; Raichelle Aniceto; Rowan Jen; Samuel Whitmore; Sergey Levine; Shalom Tekeste; Shihao Cao; Sukwon Yoo; Suraj Nair; Szymon Jakubczak; Thomas Charbonnier; Thomas Godden; Tim Jones; Tyler Patterson; Ury Zhilinsky; Vedant Choudhary; Victor Hwang; Vishnu Mano; Vladislav Lialin; Wallace Lim; Will Stoeckle; Wuming Zhang; Xinyu Li; XuDong Wang; Yao Lu; Yunhao Fang; Zhonglin Liang; Zhuoyang Zhang,2604.15483v2: $π_{0.7}$: a Steerable Generalist Robotic Foundation Model with Emergent Capabilities,,,,,,,144821032.0,,2.0,47.0,,https://www.google.com/search?q=site%3Alinkedin.com/in%20%22Enyu%20Luo%22,VLA
Nandan Marwaha,1,Adnan Esmail; Adrian Li-Bell; Aikys Mongush; Ali Amin; Allen Z. Ren; Anna Walling; Ashwin Balakrishna; Baifeng Shi; Ben Katz; Blake Williams; Bo Ai; Brendon LeCount; Brian Ichter; Catherine Glossop; Chandra Kuchi; Charles Xu; Charvi Sharma; Chelsea Finn; Chris Whalen; Connor Jacobsen; Danny Driess; Devin LeBlanc; Enyu Luo; Foster Collins; Gashon Hussein; Gavin Schelske; George Bokinsky; Grace Connors; Greg Balke; Gregg Kammerer; Haohuan Wang; Haroun Habeeb; Hunter Hancock; Ivan Goryachev; James Darpinian; Jared DiCarlo; Jason Wang; Jiaming Tang; Jimmy Tanner; Jost Tobias Springenberg; Karan Dhabalia; Karl Pertsch; Karol Hausman; Ken Conley; Kevin Black; Kyle Stachowicz; Kyle Vedder; Lachlan Groom; Laura Smith; Liam Murphy; Lili Yu; Liyiming Ke; Lucy Xiaoyang Shi; Mairbek Khadikov; Maitrayee Dhaka; Marcel Torne; Marinda Lamb; Michael Equi; Physical Intelligence; Quan Vuong; Raichelle Aniceto; Rowan Jen; Samuel Whitmore; Sergey Levine; Shalom Tekeste; Shihao Cao; Sukwon Yoo; Suraj Nair; Szymon Jakubczak; Thomas Charbonnier; Thomas Godden; Tim Jones; Tyler Patterson; Ury Zhilinsky; Vedant Choudhary; Victor Hwang; Vishnu Mano; Vladislav Lialin; Wallace Lim; Will Stoeckle; Wuming Zhang; Xinyu Li; XuDong Wang; Yao Lu; Yunhao Fang; Zhonglin Liang; Zhuoyang Zhang,2604.15483v2: $π_{0.7}$: a Steerable Generalist Robotic Foundation Model with Emergent Capabilities,https://github.com/nandanmarwaha,,,,,,2114530935.0,,2.0,53.0,,https://www.google.com/search?q=site%3Alinkedin.com/in%20%22Nandan%20Marwaha%22,VLA
Aikys Mongush,1,Adnan Esmail; Adrian Li-Bell; Ali Amin; Allen Z. Ren; Anna Walling; Ashwin Balakrishna; Baifeng Shi; Ben Katz; Blake Williams; Bo Ai; Brendon LeCount; Brian Ichter; Catherine Glossop; Chandra Kuchi; Charles Xu; Charvi Sharma; Chelsea Finn; Chris Whalen; Connor Jacobsen; Danny Driess; Devin LeBlanc; Enyu Luo; Foster Collins; Gashon Hussein; Gavin Schelske; George Bokinsky; Grace Connors; Greg Balke; Gregg Kammerer; Haohuan Wang; Haroun Habeeb; Hunter Hancock; Ivan Goryachev; James Darpinian; Jared DiCarlo; Jason Wang; Jiaming Tang; Jimmy Tanner; Jost Tobias Springenberg; Karan Dhabalia; Karl Pertsch; Karol Hausman; Ken Conley; Kevin Black; Kyle Stachowicz; Kyle Vedder; Lachlan Groom; Laura Smith; Liam Murphy; Lili Yu; Liyiming Ke; Lucy Xiaoyang Shi; Mairbek Khadikov; Maitrayee Dhaka; Marcel Torne; Marinda Lamb; Michael Equi; Nandan Marwaha; Physical Intelligence; Quan Vuong; Raichelle Aniceto; Rowan Jen; Samuel Whitmore; Sergey Levine; Shalom Tekeste; Shihao Cao; Sukwon Yoo; Suraj Nair; Szymon Jakubczak; Thomas Charbonnier; Thomas Godden; Tim Jones; Tyler Patterson; Ury Zhilinsky; Vedant Choudhary; Victor Hwang; Vishnu Mano; Vladislav Lialin; Wallace Lim; Will Stoeckle; Wuming Zhang; Xinyu Li; XuDong Wang; Yao Lu; Yunhao Fang; Zhonglin Liang; Zhuoyang Zhang,2604.15483v2: $π_{0.7}$: a Steerable Generalist Robotic Foundation Model with Emergent Capabilities,,,,,,,103223970.0,,2.0,38.0,,https://www.google.com/search?q=site%3Alinkedin.com/in%20%22Aikys%20Mongush%22,VLA
Liam Murphy,1,Adnan Esmail; Adrian Li-Bell; Aikys Mongush; Ali Amin; Allen Z. Ren; Anna Walling; Ashwin Balakrishna; Baifeng Shi; Ben Katz; Blake Williams; Bo Ai; Brendon LeCount; Brian Ichter; Catherine Glossop; Chandra Kuchi; Charles Xu; Charvi Sharma; Chelsea Finn; Chris Whalen; Connor Jacobsen; Danny Driess; Devin LeBlanc; Enyu Luo; Foster Collins; Gashon Hussein; Gavin Schelske; George Bokinsky; Grace Connors; Greg Balke; Gregg Kammerer; Haohuan Wang; Haroun Habeeb; Hunter Hancock; Ivan Goryachev; James Darpinian; Jared DiCarlo; Jason Wang; Jiaming Tang; Jimmy Tanner; Jost Tobias Springenberg; Karan Dhabalia; Karl Pertsch; Karol Hausman; Ken Conley; Kevin Black; Kyle Stachowicz; Kyle Vedder; Lachlan Groom; Laura Smith; Lili Yu; Liyiming Ke; Lucy Xiaoyang Shi; Mairbek Khadikov; Maitrayee Dhaka; Marcel Torne; Marinda Lamb; Michael Equi; Nandan Marwaha; Physical Intelligence; Quan Vuong; Raichelle Aniceto; Rowan Jen; Samuel Whitmore; Sergey Levine; Shalom Tekeste; Shihao Cao; Sukwon Yoo; Suraj Nair; Szymon Jakubczak; Thomas Charbonnier; Thomas Godden; Tim Jones; Tyler Patterson; Ury Zhilinsky; Vedant Choudhary; Victor Hwang; Vishnu Mano; Vladislav Lialin; Wallace Lim; Will Stoeckle; Wuming Zhang; Xinyu Li; XuDong Wang; Yao Lu; Yunhao Fang; Zhonglin Liang; Zhuoyang Zhang,2604.15483v2: $π_{0.7}$: a Steerable Generalist Robotic Foundation Model with Emergent Capabilities,https://github.com/LMurphy04,,,,,,152973685.0,,10.0,1529.0,,https://www.google.com/search?q=site%3Alinkedin.com/in%20%22Liam%20Murphy%22,VLA
Tyler Patterson,1,Adnan Esmail; Adrian Li-Bell; Aikys Mongush; Ali Amin; Allen Z. Ren; Anna Walling; Ashwin Balakrishna; Baifeng Shi; Ben Katz; Blake Williams; Bo Ai; Brendon LeCount; Brian Ichter; Catherine Glossop; Chandra Kuchi; Charles Xu; Charvi Sharma; Chelsea Finn; Chris Whalen; Connor Jacobsen; Danny Driess; Devin LeBlanc; Enyu Luo; Foster Collins; Gashon Hussein; Gavin Schelske; George Bokinsky; Grace Connors; Greg Balke; Gregg Kammerer; Haohuan Wang; Haroun Habeeb; Hunter Hancock; Ivan Goryachev; James Darpinian; Jared DiCarlo; Jason Wang; Jiaming Tang; Jimmy Tanner; Jost Tobias Springenberg; Karan Dhabalia; Karl Pertsch; Karol Hausman; Ken Conley; Kevin Black; Kyle Stachowicz; Kyle Vedder; Lachlan Groom; Laura Smith; Liam Murphy; Lili Yu; Liyiming Ke; Lucy Xiaoyang Shi; Mairbek Khadikov; Maitrayee Dhaka; Marcel Torne; Marinda Lamb; Michael Equi; Nandan Marwaha; Physical Intelligence; Quan Vuong; Raichelle Aniceto; Rowan Jen; Samuel Whitmore; Sergey Levine; Shalom Tekeste; Shihao Cao; Sukwon Yoo; Suraj Nair; Szymon Jakubczak; Thomas Charbonnier; Thomas Godden; Tim Jones; Ury Zhilinsky; Vedant Choudhary; Victor Hwang; Vishnu Mano; Vladislav Lialin; Wallace Lim; Will Stoeckle; Wuming Zhang; Xinyu Li; XuDong Wang; Yao Lu; Yunhao Fang; Zhonglin Liang; Zhuoyang Zhang,2604.15483v2: $π_{0.7}$: a Steerable Generalist Robotic Foundation Model with Emergent Capabilities,https://github.com/tpatterson,,,,,,145104552.0,,2.0,34.0,,https://www.google.com/search?q=site%3Alinkedin.com/in%20%22Tyler%20Patterson%22,VLA
Gavin Schelske,1,Adnan Esmail; Adrian Li-Bell; Aikys Mongush; Ali Amin; Allen Z. Ren; Anna Walling; Ashwin Balakrishna; Baifeng Shi; Ben Katz; Blake Williams; Bo Ai; Brendon LeCount; Brian Ichter; Catherine Glossop; Chandra Kuchi; Charles Xu; Charvi Sharma; Chelsea Finn; Chris Whalen; Connor Jacobsen; Danny Driess; Devin LeBlanc; Enyu Luo; Foster Collins; Gashon Hussein; George Bokinsky; Grace Connors; Greg Balke; Gregg Kammerer; Haohuan Wang; Haroun Habeeb; Hunter Hancock; Ivan Goryachev; James Darpinian; Jared DiCarlo; Jason Wang; Jiaming Tang; Jimmy Tanner; Jost Tobias Springenberg; Karan Dhabalia; Karl Pertsch; Karol Hausman; Ken Conley; Kevin Black; Kyle Stachowicz; Kyle Vedder; Lachlan Groom; Laura Smith; Liam Murphy; Lili Yu; Liyiming Ke; Lucy Xiaoyang Shi; Mairbek Khadikov; Maitrayee Dhaka; Marcel Torne; Marinda Lamb; Michael Equi; Nandan Marwaha; Physical Intelligence; Quan Vuong; Raichelle Aniceto; Rowan Jen; Samuel Whitmore; Sergey Levine; Shalom Tekeste; Shihao Cao; Sukwon Yoo; Suraj Nair; Szymon Jakubczak; Thomas Charbonnier; Thomas Godden; Tim Jones; Tyler Patterson; Ury Zhilinsky; Vedant Choudhary; Victor Hwang; Vishnu Mano; Vladislav Lialin; Wallace Lim; Will Stoeckle; Wuming Zhang; Xinyu Li; XuDong Wang; Yao Lu; Yunhao Fang; Zhonglin Liang; Zhuoyang Zhang,2604.15483v2: $π_{0.7}$: a Steerable Generalist Robotic Foundation Model with Emergent Capabilities,https://github.com/gschelske,,,,,,2430469575.0,,1.0,35.0,,https://www.google.com/search?q=site%3Alinkedin.com/in%20%22Gavin%20Schelske%22,VLA
Baifeng Shi,1,Adnan Esmail; Adrian Li-Bell; Aikys Mongush; Ali Amin; Allen Z. Ren; Anna Walling; Ashwin Balakrishna; Ben Katz; Blake Williams; Bo Ai; Brendon LeCount; Brian Ichter; Catherine Glossop; Chandra Kuchi; Charles Xu; Charvi Sharma; Chelsea Finn; Chris Whalen; Connor Jacobsen; Danny Driess; Devin LeBlanc; Enyu Luo; Foster Collins; Gashon Hussein; Gavin Schelske; George Bokinsky; Grace Connors; Greg Balke; Gregg Kammerer; Haohuan Wang; Haroun Habeeb; Hunter Hancock; Ivan Goryachev; James Darpinian; Jared DiCarlo; Jason Wang; Jiaming Tang; Jimmy Tanner; Jost Tobias Springenberg; Karan Dhabalia; Karl Pertsch; Karol Hausman; Ken Conley; Kevin Black; Kyle Stachowicz; Kyle Vedder; Lachlan Groom; Laura Smith; Liam Murphy; Lili Yu; Liyiming Ke; Lucy Xiaoyang Shi; Mairbek Khadikov; Maitrayee Dhaka; Marcel Torne; Marinda Lamb; Michael Equi; Nandan Marwaha; Physical Intelligence; Quan Vuong; Raichelle Aniceto; Rowan Jen; Samuel Whitmore; Sergey Levine; Shalom Tekeste; Shihao Cao; Sukwon Yoo; Suraj Nair; Szymon Jakubczak; Thomas Charbonnier; Thomas Godden; Tim Jones; Tyler Patterson; Ury Zhilinsky; Vedant Choudhary; Victor Hwang; Vishnu Mano; Vladislav Lialin; Wallace Lim; Will Stoeckle; Wuming Zhang; Xinyu Li; XuDong Wang; Yao Lu; Yunhao Fang; Zhonglin Liang; Zhuoyang Zhang,2604.15483v2: $π_{0.7}$: a Steerable Generalist Robotic Foundation Model with Emergent Capabilities,https://github.com/bfshi,,,,,,1596823732.0,,17.0,1429.0,,https://www.google.com/search?q=site%3Alinkedin.com/in%20%22Baifeng%20Shi%22,VLA
Jiaming Tang,1,Adnan Esmail; Adrian Li-Bell; Aikys Mongush; Ali Amin; Allen Z. Ren; Anna Walling; Ashwin Balakrishna; Baifeng Shi; Ben Katz; Blake Williams; Bo Ai; Brendon LeCount; Brian Ichter; Catherine Glossop; Chandra Kuchi; Charles Xu; Charvi Sharma; Chelsea Finn; Chris Whalen; Connor Jacobsen; Danny Driess; Devin LeBlanc; Enyu Luo; Foster Collins; Gashon Hussein; Gavin Schelske; George Bokinsky; Grace Connors; Greg Balke; Gregg Kammerer; Haohuan Wang; Haroun Habeeb; Hunter Hancock; Ivan Goryachev; James Darpinian; Jared DiCarlo; Jason Wang; Jimmy Tanner; Jost Tobias Springenberg; Karan Dhabalia; Karl Pertsch; Karol Hausman; Ken Conley; Kevin Black; Kyle Stachowicz; Kyle Vedder; Lachlan Groom; Laura Smith; Liam Murphy; Lili Yu; Liyiming Ke; Lucy Xiaoyang Shi; Mairbek Khadikov; Maitrayee Dhaka; Marcel Torne; Marinda Lamb; Michael Equi; Nandan Marwaha; Physical Intelligence; Quan Vuong; Raichelle Aniceto; Rowan Jen; Samuel Whitmore; Sergey Levine; Shalom Tekeste; Shihao Cao; Sukwon Yoo; Suraj Nair; Szymon Jakubczak; Thomas Charbonnier; Thomas Godden; Tim Jones; Tyler Patterson; Ury Zhilinsky; Vedant Choudhary; Victor Hwang; Vishnu Mano; Vladislav Lialin; Wallace Lim; Will Stoeckle; Wuming Zhang; Xinyu Li; XuDong Wang; Yao Lu; Yunhao Fang; Zhonglin Liang; Zhuoyang Zhang,2604.15483v2: $π_{0.7}$: a Steerable Generalist Robotic Foundation Model with Emergent Capabilities,https://github.com/jiamingtang-db,,,,,,2377552163.0,,,,,https://www.google.com/search?q=site%3Alinkedin.com/in%20%22Jiaming%20Tang%22,VLA
Jimmy Tanner,1,Adnan Esmail; Adrian Li-Bell; Aikys Mongush; Ali Amin; Allen Z. Ren; Anna Walling; Ashwin Balakrishna; Baifeng Shi; Ben Katz; Blake Williams; Bo Ai; Brendon LeCount; Brian Ichter; Catherine Glossop; Chandra Kuchi; Charles Xu; Charvi Sharma; Chelsea Finn; Chris Whalen; Connor Jacobsen; Danny Driess; Devin LeBlanc; Enyu Luo; Foster Collins; Gashon Hussein; Gavin Schelske; George Bokinsky; Grace Connors; Greg Balke; Gregg Kammerer; Haohuan Wang; Haroun Habeeb; Hunter Hancock; Ivan Goryachev; James Darpinian; Jared DiCarlo; Jason Wang; Jiaming Tang; Jost Tobias Springenberg; Karan Dhabalia; Karl Pertsch; Karol Hausman; Ken Conley; Kevin Black; Kyle Stachowicz; Kyle Vedder; Lachlan Groom; Laura Smith; Liam Murphy; Lili Yu; Liyiming Ke; Lucy Xiaoyang Shi; Mairbek Khadikov; Maitrayee Dhaka; Marcel Torne; Marinda Lamb; Michael Equi; Nandan Marwaha; Physical Intelligence; Quan Vuong; Raichelle Aniceto; Rowan Jen; Samuel Whitmore; Sergey Levine; Shalom Tekeste; Shihao Cao; Sukwon Yoo; Suraj Nair; Szymon Jakubczak; Thomas Charbonnier; Thomas Godden; Tim Jones; Tyler Patterson; Ury Zhilinsky; Vedant Choudhary; Victor Hwang; Vishnu Mano; Vladislav Lialin; Wallace Lim; Will Stoeckle; Wuming Zhang; Xinyu Li; XuDong Wang; Yao Lu; Yunhao Fang; Zhonglin Liang; Zhuoyang Zhang,2604.15483v2: $π_{0.7}$: a Steerable Generalist Robotic Foundation Model with Emergent Capabilities,https://github.com/jimmyt857,,,,,,2332926892.0,,6.0,3437.0,,https://www.google.com/search?q=site%3Alinkedin.com/in%20%22Jimmy%20Tanner%22,VLA
Shalom Tekeste,1,Adnan Esmail; Adrian Li-Bell; Aikys Mongush; Ali Amin; Allen Z. Ren; Anna Walling; Ashwin Balakrishna; Baifeng Shi; Ben Katz; Blake Williams; Bo Ai; Brendon LeCount; Brian Ichter; Catherine Glossop; Chandra Kuchi; Charles Xu; Charvi Sharma; Chelsea Finn; Chris Whalen; Connor Jacobsen; Danny Driess; Devin LeBlanc; Enyu Luo; Foster Collins; Gashon Hussein; Gavin Schelske; George Bokinsky; Grace Connors; Greg Balke; Gregg Kammerer; Haohuan Wang; Haroun Habeeb; Hunter Hancock; Ivan Goryachev; James Darpinian; Jared DiCarlo; Jason Wang; Jiaming Tang; Jimmy Tanner; Jost Tobias Springenberg; Karan Dhabalia; Karl Pertsch; Karol Hausman; Ken Conley; Kevin Black; Kyle Stachowicz; Kyle Vedder; Lachlan Groom; Laura Smith; Liam Murphy; Lili Yu; Liyiming Ke; Lucy Xiaoyang Shi; Mairbek Khadikov; Maitrayee Dhaka; Marcel Torne; Marinda Lamb; Michael Equi; Nandan Marwaha; Physical Intelligence; Quan Vuong; Raichelle Aniceto; Rowan Jen; Samuel Whitmore; Sergey Levine; Shihao Cao; Sukwon Yoo; Suraj Nair; Szymon Jakubczak; Thomas Charbonnier; Thomas Godden; Tim Jones; Tyler Patterson; Ury Zhilinsky; Vedant Choudhary; Victor Hwang; Vishnu Mano; Vladislav Lialin; Wallace Lim; Will Stoeckle; Wuming Zhang; Xinyu Li; XuDong Wang; Yao Lu; Yunhao Fang; Zhonglin Liang; Zhuoyang Zhang,2604.15483v2: $π_{0.7}$: a Steerable Generalist Robotic Foundation Model with Emergent Capabilities,https://github.com/shalomtekeste,,,,,,2430469577.0,,1.0,35.0,,https://www.google.com/search?q=site%3Alinkedin.com/in%20%22Shalom%20Tekeste%22,VLA
Kyle Vedder,1,Adnan Esmail; Adrian Li-Bell; Aikys Mongush; Ali Amin; Allen Z. Ren; Anna Walling; Ashwin Balakrishna; Baifeng Shi; Ben Katz; Blake Williams; Bo Ai; Brendon LeCount; Brian Ichter; Catherine Glossop; Chandra Kuchi; Charles Xu; Charvi Sharma; Chelsea Finn; Chris Whalen; Connor Jacobsen; Danny Driess; Devin LeBlanc; Enyu Luo; Foster Collins; Gashon Hussein; Gavin Schelske; George Bokinsky; Grace Connors; Greg Balke; Gregg Kammerer; Haohuan Wang; Haroun Habeeb; Hunter Hancock; Ivan Goryachev; James Darpinian; Jared DiCarlo; Jason Wang; Jiaming Tang; Jimmy Tanner; Jost Tobias Springenberg; Karan Dhabalia; Karl Pertsch; Karol Hausman; Ken Conley; Kevin Black; Kyle Stachowicz; Lachlan Groom; Laura Smith; Liam Murphy; Lili Yu; Liyiming Ke; Lucy Xiaoyang Shi; Mairbek Khadikov; Maitrayee Dhaka; Marcel Torne; Marinda Lamb; Michael Equi; Nandan Marwaha; Physical Intelligence; Quan Vuong; Raichelle Aniceto; Rowan Jen; Samuel Whitmore; Sergey Levine; Shalom Tekeste; Shihao Cao; Sukwon Yoo; Suraj Nair; Szymon Jakubczak; Thomas Charbonnier; Thomas Godden; Tim Jones; Tyler Patterson; Ury Zhilinsky; Vedant Choudhary; Victor Hwang; Vishnu Mano; Vladislav Lialin; Wallace Lim; Will Stoeckle; Wuming Zhang; Xinyu Li; XuDong Wang; Yao Lu; Yunhao Fang; Zhonglin Liang; Zhuoyang Zhang,2604.15483v2: $π_{0.7}$: a Steerable Generalist Robotic Foundation Model with Emergent Capabilities,https://github.com/kylevedder,,,,,,52173935.0,,10.0,316.0,,https://www.google.com/search?q=site%3Alinkedin.com/in%20%22Kyle%20Vedder%22,VLA
Jason Wang,1,Adnan Esmail; Adrian Li-Bell; Aikys Mongush; Ali Amin; Allen Z. Ren; Anna Walling; Ashwin Balakrishna; Baifeng Shi; Ben Katz; Blake Williams; Bo Ai; Brendon LeCount; Brian Ichter; Catherine Glossop; Chandra Kuchi; Charles Xu; Charvi Sharma; Chelsea Finn; Chris Whalen; Connor Jacobsen; Danny Driess; Devin LeBlanc; Enyu Luo; Foster Collins; Gashon Hussein; Gavin Schelske; George Bokinsky; Grace Connors; Greg Balke; Gregg Kammerer; Haohuan Wang; Haroun Habeeb; Hunter Hancock; Ivan Goryachev; James Darpinian; Jared DiCarlo; Jiaming Tang; Jimmy Tanner; Jost Tobias Springenberg; Karan Dhabalia; Karl Pertsch; Karol Hausman; Ken Conley; Kevin Black; Kyle Stachowicz; Kyle Vedder; Lachlan Groom; Laura Smith; Liam Murphy; Lili Yu; Liyiming Ke; Lucy Xiaoyang Shi; Mairbek Khadikov; Maitrayee Dhaka; Marcel Torne; Marinda Lamb; Michael Equi; Nandan Marwaha; Physical Intelligence; Quan Vuong; Raichelle Aniceto; Rowan Jen; Samuel Whitmore; Sergey Levine; Shalom Tekeste; Shihao Cao; Sukwon Yoo; Suraj Nair; Szymon Jakubczak; Thomas Charbonnier; Thomas Godden; Tim Jones; Tyler Patterson; Ury Zhilinsky; Vedant Choudhary; Victor Hwang; Vishnu Mano; Vladislav Lialin; Wallace Lim; Will Stoeckle; Wuming Zhang; Xinyu Li; XuDong Wang; Yao Lu; Yunhao Fang; Zhonglin Liang; Zhuoyang Zhang,2604.15483v2: $π_{0.7}$: a Steerable Generalist Robotic Foundation Model with Emergent Capabilities,https://github.com/jasonwzm,,,,,,2116439508.0,,11.0,910.0,,https://www.google.com/search?q=site%3Alinkedin.com/in%20%22Jason%20Wang%22,VLA
XuDong Wang,1,Adnan Esmail; Adrian Li-Bell; Aikys Mongush; Ali Amin; Allen Z. Ren; Anna Walling; Ashwin Balakrishna; Baifeng Shi; Ben Katz; Blake Williams; Bo Ai; Brendon LeCount; Brian Ichter; Catherine Glossop; Chandra Kuchi; Charles Xu; Charvi Sharma; Chelsea Finn; Chris Whalen; Connor Jacobsen; Danny Driess; Devin LeBlanc; Enyu Luo; Foster Collins; Gashon Hussein; Gavin Schelske; George Bokinsky; Grace Connors; Greg Balke; Gregg Kammerer; Haohuan Wang; Haroun Habeeb; Hunter Hancock; Ivan Goryachev; James Darpinian; Jared DiCarlo; Jason Wang; Jiaming Tang; Jimmy Tanner; Jost Tobias Springenberg; Karan Dhabalia; Karl Pertsch; Karol Hausman; Ken Conley; Kevin Black; Kyle Stachowicz; Kyle Vedder; Lachlan Groom; Laura Smith; Liam Murphy; Lili Yu; Liyiming Ke; Lucy Xiaoyang Shi; Mairbek Khadikov; Maitrayee Dhaka; Marcel Torne; Marinda Lamb; Michael Equi; Nandan Marwaha; Physical Intelligence; Quan Vuong; Raichelle Aniceto; Rowan Jen; Samuel Whitmore; Sergey Levine; Shalom Tekeste; Shihao Cao; Sukwon Yoo; Suraj Nair; Szymon Jakubczak; Thomas Charbonnier; Thomas Godden; Tim Jones; Tyler Patterson; Ury Zhilinsky; Vedant Choudhary; Victor Hwang; Vishnu Mano; Vladislav Lialin; Wallace Lim; Will Stoeckle; Wuming Zhang; Xinyu Li; Yao Lu; Yunhao Fang; Zhonglin Liang; Zhuoyang Zhang,2604.15483v2: $π_{0.7}$: a Steerable Generalist Robotic Foundation Model with Emergent Capabilities,https://github.com/XudongWang97,,,,,,2169212704.0,,5.0,107.0,,https://www.google.com/search?q=site%3Alinkedin.com/in%20%22XuDong%20Wang%22,VLA
Chris Whalen,1,Adnan Esmail; Adrian Li-Bell; Aikys Mongush; Ali Amin; Allen Z. Ren; Anna Walling; Ashwin Balakrishna; Baifeng Shi; Ben Katz; Blake Williams; Bo Ai; Brendon LeCount; Brian Ichter; Catherine Glossop; Chandra Kuchi; Charles Xu; Charvi Sharma; Chelsea Finn; Connor Jacobsen; Danny Driess; Devin LeBlanc; Enyu Luo; Foster Collins; Gashon Hussein; Gavin Schelske; George Bokinsky; Grace Connors; Greg Balke; Gregg Kammerer; Haohuan Wang; Haroun Habeeb; Hunter Hancock; Ivan Goryachev; James Darpinian; Jared DiCarlo; Jason Wang; Jiaming Tang; Jimmy Tanner; Jost Tobias Springenberg; Karan Dhabalia; Karl Pertsch; Karol Hausman; Ken Conley; Kevin Black; Kyle Stachowicz; Kyle Vedder; Lachlan Groom; Laura Smith; Liam Murphy; Lili Yu; Liyiming Ke; Lucy Xiaoyang Shi; Mairbek Khadikov; Maitrayee Dhaka; Marcel Torne; Marinda Lamb; Michael Equi; Nandan Marwaha; Physical Intelligence; Quan Vuong; Raichelle Aniceto; Rowan Jen; Samuel Whitmore; Sergey Levine; Shalom Tekeste; Shihao Cao; Sukwon Yoo; Suraj Nair; Szymon Jakubczak; Thomas Charbonnier; Thomas Godden; Tim Jones; Tyler Patterson; Ury Zhilinsky; Vedant Choudhary; Victor Hwang; Vishnu Mano; Vladislav Lialin; Wallace Lim; Will Stoeckle; Wuming Zhang; Xinyu Li; XuDong Wang; Yao Lu; Yunhao Fang; Zhonglin Liang; Zhuoyang Zhang,2604.15483v2: $π_{0.7}$: a Steerable Generalist Robotic Foundation Model with Emergent Capabilities,https://github.com/chriswhalen,,,,,,2308255173.0,,2.0,40.0,,https://www.google.com/search?q=site%3Alinkedin.com/in%20%22Chris%20Whalen%22,VLA
Samuel Whitmore,1,Adnan Esmail; Adrian Li-Bell; Aikys Mongush; Ali Amin; Allen Z. Ren; Anna Walling; Ashwin Balakrishna; Baifeng Shi; Ben Katz; Blake Williams; Bo Ai; Brendon LeCount; Brian Ichter; Catherine Glossop; Chandra Kuchi; Charles Xu; Charvi Sharma; Chelsea Finn; Chris Whalen; Connor Jacobsen; Danny Driess; Devin LeBlanc; Enyu Luo; Foster Collins; Gashon Hussein; Gavin Schelske; George Bokinsky; Grace Connors; Greg Balke; Gregg Kammerer; Haohuan Wang; Haroun Habeeb; Hunter Hancock; Ivan Goryachev; James Darpinian; Jared DiCarlo; Jason Wang; Jiaming Tang; Jimmy Tanner; Jost Tobias Springenberg; Karan Dhabalia; Karl Pertsch; Karol Hausman; Ken Conley; Kevin Black; Kyle Stachowicz; Kyle Vedder; Lachlan Groom; Laura Smith; Liam Murphy; Lili Yu; Liyiming Ke; Lucy Xiaoyang Shi; Mairbek Khadikov; Maitrayee Dhaka; Marcel Torne; Marinda Lamb; Michael Equi; Nandan Marwaha; Physical Intelligence; Quan Vuong; Raichelle Aniceto; Rowan Jen; Sergey Levine; Shalom Tekeste; Shihao Cao; Sukwon Yoo; Suraj Nair; Szymon Jakubczak; Thomas Charbonnier; Thomas Godden; Tim Jones; Tyler Patterson; Ury Zhilinsky; Vedant Choudhary; Victor Hwang; Vishnu Mano; Vladislav Lialin; Wallace Lim; Will Stoeckle; Wuming Zhang; Xinyu Li; XuDong Wang; Yao Lu; Yunhao Fang; Zhonglin Liang; Zhuoyang Zhang,2604.15483v2: $π_{0.7}$: a Steerable Generalist Robotic Foundation Model with Emergent Capabilities,,,,,,,113037340.0,,2.0,41.0,,https://www.google.com/search?q=site%3Alinkedin.com/in%20%22Samuel%20Whitmore%22,VLA
Charles Xu,1,Adnan Esmail; Adrian Li-Bell; Aikys Mongush; Ali Amin; Allen Z. Ren; Anna Walling; Ashwin Balakrishna; Baifeng Shi; Ben Katz; Blake Williams; Bo Ai; Brendon LeCount; Brian Ichter; Catherine Glossop; Chandra Kuchi; Charvi Sharma; Chelsea Finn; Chris Whalen; Connor Jacobsen; Danny Driess; Devin LeBlanc; Enyu Luo; Foster Collins; Gashon Hussein; Gavin Schelske; George Bokinsky; Grace Connors; Greg Balke; Gregg Kammerer; Haohuan Wang; Haroun Habeeb; Hunter Hancock; Ivan Goryachev; James Darpinian; Jared DiCarlo; Jason Wang; Jiaming Tang; Jimmy Tanner; Jost Tobias Springenberg; Karan Dhabalia; Karl Pertsch; Karol Hausman; Ken Conley; Kevin Black; Kyle Stachowicz; Kyle Vedder; Lachlan Groom; Laura Smith; Liam Murphy; Lili Yu; Liyiming Ke; Lucy Xiaoyang Shi; Mairbek Khadikov; Maitrayee Dhaka; Marcel Torne; Marinda Lamb; Michael Equi; Nandan Marwaha; Physical Intelligence; Quan Vuong; Raichelle Aniceto; Rowan Jen; Samuel Whitmore; Sergey Levine; Shalom Tekeste; Shihao Cao; Sukwon Yoo; Suraj Nair; Szymon Jakubczak; Thomas Charbonnier; Thomas Godden; Tim Jones; Tyler Patterson; Ury Zhilinsky; Vedant Choudhary; Victor Hwang; Vishnu Mano; Vladislav Lialin; Wallace Lim; Will Stoeckle; Wuming Zhang; Xinyu Li; XuDong Wang; Yao Lu; Yunhao Fang; Zhonglin Liang; Zhuoyang Zhang,2604.15483v2: $π_{0.7}$: a Steerable Generalist Robotic Foundation Model with Emergent Capabilities,https://github.com/CharlesXu,,,,,,4450897.0,,8.0,319.0,,https://www.google.com/search?q=site%3Alinkedin.com/in%20%22Charles%20Xu%22,VLA
Wuming Zhang,1,Adnan Esmail; Adrian Li-Bell; Aikys Mongush; Ali Amin; Allen Z. Ren; Anna Walling; Ashwin Balakrishna; Baifeng Shi; Ben Katz; Blake Williams; Bo Ai; Brendon LeCount; Brian Ichter; Catherine Glossop; Chandra Kuchi; Charles Xu; Charvi Sharma; Chelsea Finn; Chris Whalen; Connor Jacobsen; Danny Driess; Devin LeBlanc; Enyu Luo; Foster Collins; Gashon Hussein; Gavin Schelske; George Bokinsky; Grace Connors; Greg Balke; Gregg Kammerer; Haohuan Wang; Haroun Habeeb; Hunter Hancock; Ivan Goryachev; James Darpinian; Jared DiCarlo; Jason Wang; Jiaming Tang; Jimmy Tanner; Jost Tobias Springenberg; Karan Dhabalia; Karl Pertsch; Karol Hausman; Ken Conley; Kevin Black; Kyle Stachowicz; Kyle Vedder; Lachlan Groom; Laura Smith; Liam Murphy; Lili Yu; Liyiming Ke; Lucy Xiaoyang Shi; Mairbek Khadikov; Maitrayee Dhaka; Marcel Torne; Marinda Lamb; Michael Equi; Nandan Marwaha; Physical Intelligence; Quan Vuong; Raichelle Aniceto; Rowan Jen; Samuel Whitmore; Sergey Levine; Shalom Tekeste; Shihao Cao; Sukwon Yoo; Suraj Nair; Szymon Jakubczak; Thomas Charbonnier; Thomas Godden; Tim Jones; Tyler Patterson; Ury Zhilinsky; Vedant Choudhary; Victor Hwang; Vishnu Mano; Vladislav Lialin; Wallace Lim; Will Stoeckle; Xinyu Li; XuDong Wang; Yao Lu; Yunhao Fang; Zhonglin Liang; Zhuoyang Zhang,2604.15483v2: $π_{0.7}$: a Steerable Generalist Robotic Foundation Model with Emergent Capabilities,https://github.com/wuming0624,,,,,,14436073.0,,3.0,27.0,,https://www.google.com/search?q=site%3Alinkedin.com/in%20%22Wuming%20Zhang%22,VLA
Zhuoyang Zhang,1,Adnan Esmail; Adrian Li-Bell; Aikys Mongush; Ali Amin; Allen Z. Ren; Anna Walling; Ashwin Balakrishna; Baifeng Shi; Ben Katz; Blake Williams; Bo Ai; Brendon LeCount; Brian Ichter; Catherine Glossop; Chandra Kuchi; Charles Xu; Charvi Sharma; Chelsea Finn; Chris Whalen; Connor Jacobsen; Danny Driess; Devin LeBlanc; Enyu Luo; Foster Collins; Gashon Hussein; Gavin Schelske; George Bokinsky; Grace Connors; Greg Balke; Gregg Kammerer; Haohuan Wang; Haroun Habeeb; Hunter Hancock; Ivan Goryachev; James Darpinian; Jared DiCarlo; Jason Wang; Jiaming Tang; Jimmy Tanner; Jost Tobias Springenberg; Karan Dhabalia; Karl Pertsch; Karol Hausman; Ken Conley; Kevin Black; Kyle Stachowicz; Kyle Vedder; Lachlan Groom; Laura Smith; Liam Murphy; Lili Yu; Liyiming Ke; Lucy Xiaoyang Shi; Mairbek Khadikov; Maitrayee Dhaka; Marcel Torne; Marinda Lamb; Michael Equi; Nandan Marwaha; Physical Intelligence; Quan Vuong; Raichelle Aniceto; Rowan Jen; Samuel Whitmore; Sergey Levine; Shalom Tekeste; Shihao Cao; Sukwon Yoo; Suraj Nair; Szymon Jakubczak; Thomas Charbonnier; Thomas Godden; Tim Jones; Tyler Patterson; Ury Zhilinsky; Vedant Choudhary; Victor Hwang; Vishnu Mano; Vladislav Lialin; Wallace Lim; Will Stoeckle; Wuming Zhang; Xinyu Li; XuDong Wang; Yao Lu; Yunhao Fang; Zhonglin Liang,2604.15483v2: $π_{0.7}$: a Steerable Generalist Robotic Foundation Model with Emergent Capabilities,https://github.com/zhuoyang20,,,,,,2409780431.0,,1.0,9.0,,https://www.google.com/search?q=site%3Alinkedin.com/in%20%22Zhuoyang%20Zhang%22,VLA
Alex Swerdlow,1,Adnan Esmail; Adrian Li-Bell; Ali Amin; Allen Z. Ren; Anna Walling; Ashwin Balakrishna; Ben Katz; Blake Williams; Brian Ichter; Catherine Glossop; Chandra Kuchi; Charvi Sharma; Chelsea Finn; Danny Driess; Devin LeBlanc; Gashon Hussein; Grace Connors; Haohuan Wang; Hunter Hancock; Ivan Goryachev; James Darpinian; James Tanner; Jared DiCarlo; Jost Tobias Springenberg; Karan Dhabalia; Karl Pertsch; Karol Hausman; Ken Conley; Kevin Black; Kyle Stachowicz; Lachy Groom; Laura Smith; Lili Yu; Liyiming Ke; Lucy Xiaoyang Shi; Marcel Torne; Marinda Lamb; Michael Equi; Mohith Mothukuri; Physical Intelligence; Quan Vuong; Raichelle Aniceto; Rowan Jen; Sergey Levine; Sukwon Yoo; Suraj Nair; Szymon Jakubczak; Thomas Godden; Tim Jones; Ury Zhilinsky; Vishnu Mano; Will Stoeckle; Yao Lu; Yunhao Fang; Zhiyuan Zhou,2511.14759v2: $π^{*}_{0.6}$: a VLA That Learns From Experience,,,,,,,2392964495.0,,2.0,178.0,,https://www.google.com/search?q=site%3Alinkedin.com/in%20%22Alex%20Swerdlow%22,VLA
Zhiyuan Zhou,1,Adnan Esmail; Adrian Li-Bell; Alex Swerdlow; Ali Amin; Allen Z. Ren; Anna Walling; Ashwin Balakrishna; Ben Katz; Blake Williams; Brian Ichter; Catherine Glossop; Chandra Kuchi; Charvi Sharma; Chelsea Finn; Danny Driess; Devin LeBlanc; Gashon Hussein; Grace Connors; Haohuan Wang; Hunter Hancock; Ivan Goryachev; James Darpinian; James Tanner; Jared DiCarlo; Jost Tobias Springenberg; Karan Dhabalia; Karl Pertsch; Karol Hausman; Ken Conley; Kevin Black; Kyle Stachowicz; Lachy Groom; Laura Smith; Lili Yu; Liyiming Ke; Lucy Xiaoyang Shi; Marcel Torne; Marinda Lamb; Michael Equi; Mohith Mothukuri; Physical Intelligence; Quan Vuong; Raichelle Aniceto; Rowan Jen; Sergey Levine; Sukwon Yoo; Suraj Nair; Szymon Jakubczak; Thomas Godden; Tim Jones; Ury Zhilinsky; Vishnu Mano; Will Stoeckle; Yao Lu; Yunhao Fang,2511.14759v2: $π^{*}_{0.6}$: a VLA That Learns From Experience,https://github.com/zhiyuanzhou2003,,,,,,2267361091.0,,5.0,78.0,,https://www.google.com/search?q=site%3Alinkedin.com/in%20%22Zhiyuan%20Zhou%22,VLA
Manuel Y. Galliker,1,Adnan Esmail; Adrian Li-Bell; Allen Z. Ren; Anna Walling; Brian Ichter; Chelsea Finn; Danny Driess; Devin LeBlanc; Dibya Ghosh; Haohuan Wang; Homer Walke; James Darpinian; James Tanner; Jost Tobias Springenberg; Karan Dhabalia; Karl Pertsch; Karol Hausman; Kevin Black; Kyle Stachowicz; Lachy Groom; Laura Smith; Lili Yu; Liyiming Ke; Lucy Xiaoyang Shi; Michael Equi; Mohith Mothukuri; Niccolo Fusai; Noah Brown; Physical Intelligence; Quan Vuong; Sergey Levine; Suraj Nair; Szymon Jakubczak; Tim Jones; Ury Zhilinsky,2504.16054v1: $π_{0.5}$: a Vision-Language-Action Model with Open-World Generalization,,,,,,,1580069611.0,,3.0,1234.0,,https://www.google.com/search?q=site%3Alinkedin.com/in%20%22Manuel%20Y.%20Galliker%22,VLA
Dibya Ghosh,1,Adnan Esmail; Adrian Li-Bell; Allen Z. Ren; Anna Walling; Brian Ichter; Chelsea Finn; Danny Driess; Devin LeBlanc; Haohuan Wang; Homer Walke; James Darpinian; James Tanner; Jost Tobias Springenberg; Karan Dhabalia; Karl Pertsch; Karol Hausman; Kevin Black; Kyle Stachowicz; Lachy Groom; Laura Smith; Lili Yu; Liyiming Ke; Lucy Xiaoyang Shi; Manuel Y. Galliker; Michael Equi; Mohith Mothukuri; Niccolo Fusai; Noah Brown; Physical Intelligence; Quan Vuong; Sergey Levine; Suraj Nair; Szymon Jakubczak; Tim Jones; Ury Zhilinsky,2504.16054v1: $π_{0.5}$: a Vision-Language-Action Model with Open-World Generalization,https://github.com/dibyaghosh,,,,,,51453975.0,,1.0,1.0,,https://www.google.com/search?q=site%3Alinkedin.com/in%20%22Dibya%20Ghosh%22,VLA
Homer Walke,1,Adnan Esmail; Adrian Li-Bell; Allen Z. Ren; Anna Walling; Brian Ichter; Chelsea Finn; Danny Driess; Devin LeBlanc; Dibya Ghosh; Haohuan Wang; James Darpinian; James Tanner; Jost Tobias Springenberg; Karan Dhabalia; Karl Pertsch; Karol Hausman; Kevin Black; Kyle Stachowicz; Lachy Groom; Laura Smith; Lili Yu; Liyiming Ke; Lucy Xiaoyang Shi; Manuel Y. Galliker; Michael Equi; Mohith Mothukuri; Niccolo Fusai; Noah Brown; Physical Intelligence; Quan Vuong; Sergey Levine; Suraj Nair; Szymon Jakubczak; Tim Jones; Ury Zhilinsky,2504.16054v1: $π_{0.5}$: a Vision-Language-Action Model with Open-World Generalization,,,,,,,2029241116.0,,17.0,6431.0,,https://www.google.com/search?q=site%3Alinkedin.com/in%20%22Homer%20Walke%22,VLA
Moo Jin Kim,1,Ashwin Balakrishna; Benjamin Burchfiel; Chelsea Finn; Dorsa Sadigh; Ethan Foster; Grace Lam; Karl Pertsch; Pannag Sanketi; Percy Liang; Quan Vuong; Rafael Rafailov; Russ Tedrake; Sergey Levine; Siddharth Karamcheti; Suraj Nair; Ted Xiao; Thomas Kollar,2406.09246v3: OpenVLA: An Open-Source Vision-Language-Action Model,https://github.com/moojink,,,,,,2328629174.0,,2.0,7.0,,https://www.google.com/search?q=site%3Alinkedin.com/in%20%22Moo%20Jin%20Kim%22,VLA
Siddharth Karamcheti,1,Ashwin Balakrishna; Benjamin Burchfiel; Chelsea Finn; Dorsa Sadigh; Ethan Foster; Grace Lam; Karl Pertsch; Moo Jin Kim; Pannag Sanketi; Percy Liang; Quan Vuong; Rafael Rafailov; Russ Tedrake; Sergey Levine; Suraj Nair; Ted Xiao; Thomas Kollar,2406.09246v3: OpenVLA: An Open-Source Vision-Language-Action Model,,,,,,,10737060.0,Stanford University,21.0,12045.0,https://www.siddkaramcheti.com/,https://www.google.com/search?q=site%3Alinkedin.com/in%20%22Siddharth%20Karamcheti%22%20%22Stanford%20University%22,VLA
Ted Xiao,1,Ashwin Balakrishna; Benjamin Burchfiel; Chelsea Finn; Dorsa Sadigh; Ethan Foster; Grace Lam; Karl Pertsch; Moo Jin Kim; Pannag Sanketi; Percy Liang; Quan Vuong; Rafael Rafailov; Russ Tedrake; Sergey Levine; Siddharth Karamcheti; Suraj Nair; Thomas Kollar,2406.09246v3: OpenVLA: An Open-Source Vision-Language-Action Model,https://github.com/TedXiaoKodiak,,,,,,2061135163.0,,5.0,101.0,,https://www.google.com/search?q=site%3Alinkedin.com/in%20%22Ted%20Xiao%22,VLA
Rafael Rafailov,1,Ashwin Balakrishna; Benjamin Burchfiel; Chelsea Finn; Dorsa Sadigh; Ethan Foster; Grace Lam; Karl Pertsch; Moo Jin Kim; Pannag Sanketi; Percy Liang; Quan Vuong; Russ Tedrake; Sergey Levine; Siddharth Karamcheti; Suraj Nair; Ted Xiao; Thomas Kollar,2406.09246v3: OpenVLA: An Open-Source Vision-Language-Action Model,https://github.com/rmrafailov,,,,,,102801230.0,,25.0,16817.0,,https://www.google.com/search?q=site%3Alinkedin.com/in%20%22Rafael%20Rafailov%22,VLA
Ethan Foster,1,Ashwin Balakrishna; Benjamin Burchfiel; Chelsea Finn; Dorsa Sadigh; Grace Lam; Karl Pertsch; Moo Jin Kim; Pannag Sanketi; Percy Liang; Quan Vuong; Rafael Rafailov; Russ Tedrake; Sergey Levine; Siddharth Karamcheti; Suraj Nair; Ted Xiao; Thomas Kollar,2406.09246v3: OpenVLA: An Open-Source Vision-Language-Action Model,https://github.com/EthanKFoster,,,,,,2306251665.0,,3.0,2686.0,,https://www.google.com/search?q=site%3Alinkedin.com/in%20%22Ethan%20Foster%22,VLA
Pannag Sanketi,1,Ashwin Balakrishna; Benjamin Burchfiel; Chelsea Finn; Dorsa Sadigh; Ethan Foster; Grace Lam; Karl Pertsch; Moo Jin Kim; Percy Liang; Quan Vuong; Rafael Rafailov; Russ Tedrake; Sergey Levine; Siddharth Karamcheti; Suraj Nair; Ted Xiao; Thomas Kollar,2406.09246v3: OpenVLA: An Open-Source Vision-Language-Action Model,https://github.com/psanketi-trener,,,,,,2840758.0,,22.0,12781.0,,https://www.google.com/search?q=site%3Alinkedin.com/in%20%22Pannag%20Sanketi%22,VLA
Thomas Kollar,1,Ashwin Balakrishna; Benjamin Burchfiel; Chelsea Finn; Dorsa Sadigh; Ethan Foster; Grace Lam; Karl Pertsch; Moo Jin Kim; Pannag Sanketi; Percy Liang; Quan Vuong; Rafael Rafailov; Russ Tedrake; Sergey Levine; Siddharth Karamcheti; Suraj Nair; Ted Xiao,2406.09246v3: OpenVLA: An Open-Source Vision-Language-Action Model,https://github.com/tkollar,,,,,,145141630.0,,1.0,788.0,,https://www.google.com/search?q=site%3Alinkedin.com/in%20%22Thomas%20Kollar%22,VLA
Benjamin Burchfiel,1,Ashwin Balakrishna; Chelsea Finn; Dorsa Sadigh; Ethan Foster; Grace Lam; Karl Pertsch; Moo Jin Kim; Pannag Sanketi; Percy Liang; Quan Vuong; Rafael Rafailov; Russ Tedrake; Sergey Levine; Siddharth Karamcheti; Suraj Nair; Ted Xiao; Thomas Kollar,2406.09246v3: OpenVLA: An Open-Source Vision-Language-Action Model,,,,,,,2302757.0,,18.0,4919.0,,https://www.google.com/search?q=site%3Alinkedin.com/in%20%22Benjamin%20Burchfiel%22,VLA
Russ Tedrake,1,Ashwin Balakrishna; Benjamin Burchfiel; Chelsea Finn; Dorsa Sadigh; Ethan Foster; Grace Lam; Karl Pertsch; Moo Jin Kim; Pannag Sanketi; Percy Liang; Quan Vuong; Rafael Rafailov; Sergey Levine; Siddharth Karamcheti; Suraj Nair; Ted Xiao; Thomas Kollar,2406.09246v3: OpenVLA: An Open-Source Vision-Language-Action Model,https://github.com/RussTedrake,,,,,,101622042.0,,,,,https://www.google.com/search?q=site%3Alinkedin.com/in%20%22Russ%20Tedrake%22,VLA
Dorsa Sadigh,1,Ashwin Balakrishna; Benjamin Burchfiel; Chelsea Finn; Ethan Foster; Grace Lam; Karl Pertsch; Moo Jin Kim; Pannag Sanketi; Percy Liang; Quan Vuong; Rafael Rafailov; Russ Tedrake; Sergey Levine; Siddharth Karamcheti; Suraj Nair; Ted Xiao; Thomas Kollar,2406.09246v3: OpenVLA: An Open-Source Vision-Language-Action Model,https://github.com/dsadigh,,,,,,2349383272.0,,3.0,44.0,,https://www.google.com/search?q=site%3Alinkedin.com/in%20%22Dorsa%20Sadigh%22,VLA
Percy Liang,1,Ashwin Balakrishna; Benjamin Burchfiel; Chelsea Finn; Dorsa Sadigh; Ethan Foster; Grace Lam; Karl Pertsch; Moo Jin Kim; Pannag Sanketi; Quan Vuong; Rafael Rafailov; Russ Tedrake; Sergey Levine; Siddharth Karamcheti; Suraj Nair; Ted Xiao; Thomas Kollar,2406.09246v3: OpenVLA: An Open-Source Vision-Language-Action Model,https://github.com/percyliang,,,,,,145419642.0,,104.0,87393.0,,https://www.google.com/search?q=site%3Alinkedin.com/in%20%22Percy%20Liang%22,VLA
